id,user_id,week_start,week_end,average_stress_score,average_sleep_hours,average_screen_time,average_study_hours,high_stress_days,dominant_stress_level,stress_trend,main_trigger,created_at
1,1,2026-01-01,2026-01-07,52.92,7.1,7.23,3.46,0,Medium,Stable,Low Mood,2026-01-07 21:00:00
2,1,2026-01-08,2026-01-14,49.64,6.73,7.9,3.24,0,Medium,Stable,Academic Pressure,2026-01-14 21:00:00
3,1,2026-01-15,2026-01-21,50.77,7.53,8.34,3.56,0,Medium,Stable,Academic Pressure,2026-01-21 21:00:00
4,1,2026-01-22,2026-01-28,56.57,7.11,7.85,4.0,0,Medium,Decreasing,Low Mood,2026-01-28 21:00:00
5,1,2026-01-29,2026-02-04,67.72,6.63,8.76,4.89,3,Medium,Stable,Academic Pressure,2026-02-04 21:00:00
6,1,2026-02-05,2026-02-11,57.33,7.01,7.49,3.43,0,Medium,Stable,Academic Pressure,2026-02-11 21:00:00
7,1,2026-02-12,2026-02-18,48.75,7.55,7.4,3.81,0,Medium,Stable,Academic Pressure,2026-02-18 21:00:00
8,1,2026-02-19,2026-02-25,53.11,7.35,7.58,3.69,0,Medium,Decreasing,Academic Pressure,2026-02-25 21:00:00
9,1,2026-02-26,2026-03-04,60.94,7.16,7.33,3.58,0,Medium,Stable,Academic Pressure,2026-03-04 21:00:00
10,1,2026-03-05,2026-03-11,55.18,7.41,7.91,3.43,1,Medium,Increasing,Academic Pressure,2026-03-11 21:00:00
11,1,2026-03-12,2026-03-18,67.48,6.88,8.91,5.07,4,High,Stable,Academic Pressure,2026-03-18 21:00:00
12,1,2026-03-19,2026-03-25,55.27,7.21,7.86,4.46,0,Medium,Stable,Academic Pressure,2026-03-25 21:00:00
13,2,2026-01-01,2026-01-07,53.33,8.0,5.4,2.12,0,Medium,Stable,Academic Pressure,2026-01-07 21:00:00
14,2,2026-01-08,2026-01-14,50.26,7.49,4.42,2.14,0,Medium,Decreasing,Low Mood,2026-01-14 21:00:00
15,2,2026-01-15,2026-01-21,54.56,7.47,5.53,2.93,0,Medium,Increasing,Academic Pressure,2026-01-21 21:00:00
16,2,2026-01-22,2026-01-28,54.82,7.92,5.39,2.51,0,Medium,Increasing,Academic Pressure,2026-01-28 21:00:00
17,2,2026-01-29,2026-02-04,63.31,7.13,6.22,3.5,2,Medium,Stable,Academic Pressure,2026-02-04 21:00:00
18,2,2026-02-05,2026-02-11,50.83,8.06,5.36,2.45,0,Medium,Stable,Academic Pressure,2026-02-11 21:00:00
19,2,2026-02-12,2026-02-18,53.84,7.68,5.5,1.74,0,Medium,Increasing,Academic Pressure,2026-02-18 21:00:00
20,2,2026-02-19,2026-02-25,50.88,7.91,6.05,1.86,0,Medium,Decreasing,Low Mood,2026-02-25 21:00:00
21,2,2026-02-26,2026-03-04,52.74,7.69,4.59,2.53,0,Medium,Stable,Academic Pressure,2026-03-04 21:00:00
22,2,2026-03-05,2026-03-11,55.01,7.21,5.03,2.18,0,Medium,Stable,Academic Pressure,2026-03-11 21:00:00
23,2,2026-03-12,2026-03-18,67.3,6.94,5.89,4.39,3,Medium,Stable,Academic Pressure,2026-03-18 21:00:00
24,2,2026-03-19,2026-03-25,57.38,7.38,5.95,1.99,0,Medium,Decreasing,Low Mood,2026-03-25 21:00:00
25,3,2026-01-01,2026-01-07,53.61,6.07,5.29,2.1,0,Medium,Decreasing,Sleep Deficit,2026-01-07 21:00:00
26,3,2026-01-08,2026-01-14,48.18,6.84,4.65,2.13,0,Medium,Stable,Low Mood,2026-01-14 21:00:00
27,3,2026-01-15,2026-01-21,55.94,6.48,4.88,2.04,0,Medium,Decreasing,Low Mood,2026-01-21 21:00:00
28,3,2026-01-22,2026-01-28,48.53,6.74,5.51,1.82,0,Medium,Increasing,Academic Pressure,2026-01-28 21:00:00
29,3,2026-01-29,2026-02-04,71.72,5.42,6.05,2.84,5,High,Stable,Academic Pressure,2026-02-04 21:00:00
30,3,2026-02-05,2026-02-11,53.36,6.47,5.65,2.04,0,Medium,Stable,Low Mood,2026-02-11 21:00:00
31,3,2026-02-12,2026-02-18,49.35,6.53,5.17,2.18,0,Medium,Stable,Financial Worry,2026-02-18 21:00:00
32,3,2026-02-19,2026-02-25,54.02,5.87,5.13,1.67,0,Medium,Stable,Academic Pressure,2026-02-25 21:00:00
33,3,2026-02-26,2026-03-04,54.54,6.23,4.9,1.79,0,Medium,Increasing,Low Mood,2026-03-04 21:00:00
34,3,2026-03-05,2026-03-11,50.62,6.62,5.6,2.53,0,Medium,Increasing,High Fatigue,2026-03-11 21:00:00
35,3,2026-03-12,2026-03-18,59.81,5.88,5.97,3.69,0,Medium,Stable,Academic Pressure,2026-03-18 21:00:00
36,3,2026-03-19,2026-03-25,50.52,6.44,6.21,2.39,0,Medium,Stable,Stable Routine,2026-03-25 21:00:00
37,4,2026-01-01,2026-01-07,61.17,6.29,7.26,2.18,0,Medium,Stable,Low Mood,2026-01-07 21:00:00
38,4,2026-01-08,2026-01-14,53.65,6.7,6.89,2.49,0,Medium,Stable,Academic Pressure,2026-01-14 21:00:00
39,4,2026-01-15,2026-01-21,59.11,5.96,6.67,1.96,0,Medium,Stable,Low Mood,2026-01-21 21:00:00
40,4,2026-01-22,2026-01-28,56.11,6.68,7.41,1.91,1,Medium,Stable,Academic Pressure,2026-01-28 21:00:00
41,4,2026-01-29,2026-02-04,76.68,5.57,8.51,3.84,5,High,Stable,Academic Pressure,2026-02-04 21:00:00
42,4,2026-02-05,2026-02-11,58.63,6.26,7.65,2.09,0,Medium,Decreasing,Academic Pressure,2026-02-11 21:00:00
43,4,2026-02-12,2026-02-18,56.59,6.53,7.59,1.75,0,Medium,Decreasing,Low Mood,2026-02-18 21:00:00
44,4,2026-02-19,2026-02-25,55.1,6.13,7.01,2.2,0,Medium,Stable,Academic Pressure,2026-02-25 21:00:00
45,4,2026-02-26,2026-03-04,60.24,5.77,7.44,2.0,0,Medium,Increasing,Low Mood,2026-03-04 21:00:00
46,4,2026-03-05,2026-03-11,59.29,6.81,7.21,2.36,0,Medium,Stable,Low Mood,2026-03-11 21:00:00
47,4,2026-03-12,2026-03-18,72.95,5.72,8.04,3.65,4,High,Decreasing,Academic Pressure,2026-03-18 21:00:00
48,4,2026-03-19,2026-03-25,65.26,5.86,7.11,2.6,3,Medium,Stable,Low Mood,2026-03-25 21:00:00
49,5,2026-01-01,2026-01-07,53.63,6.7,5.69,4.9,0,Medium,Stable,Low Physical Activity,2026-01-07 21:00:00
50,5,2026-01-08,2026-01-14,54.94,6.7,6.02,5.14,0,Medium,Increasing,Low Mood,2026-01-14 21:00:00
51,5,2026-01-15,2026-01-21,51.14,7.12,6.71,5.19,0,Medium,Stable,Academic Pressure,2026-01-21 21:00:00
52,5,2026-01-22,2026-01-28,52.56,6.85,5.71,5.7,0,Medium,Increasing,Academic Pressure,2026-01-28 21:00:00
53,5,2026-01-29,2026-02-04,67.23,6.1,6.44,6.48,3,Medium,Decreasing,Academic Pressure,2026-02-04 21:00:00
54,5,2026-02-05,2026-02-11,55.37,7.03,6.17,5.89,0,Medium,Stable,Low Mood,2026-02-11 21:00:00
55,5,2026-02-12,2026-02-18,53.81,7.04,5.35,4.08,0,Medium,Stable,Low Mood,2026-02-18 21:00:00
56,5,2026-02-19,2026-02-25,50.82,6.78,5.72,4.83,0,Medium,Increasing,Low Mood,2026-02-25 21:00:00
57,5,2026-02-26,2026-03-04,53.16,6.97,5.87,4.59,0,Medium,Increasing,Low Mood,2026-03-04 21:00:00
58,5,2026-03-05,2026-03-11,51.43,7.02,5.44,5.03,0,Medium,Increasing,Low Mood,2026-03-11 21:00:00
59,5,2026-03-12,2026-03-18,63.35,6.48,7.13,6.2,3,Medium,Stable,Academic Pressure,2026-03-18 21:00:00
60,5,2026-03-19,2026-03-25,56.07,6.23,5.64,5.02,0,Medium,Stable,Low Mood,2026-03-25 21:00:00
61,6,2026-01-01,2026-01-07,49.98,7.36,8.2,2.59,0,Medium,Stable,High Screen Time,2026-01-07 21:00:00
62,6,2026-01-08,2026-01-14,52.64,7.2,8.8,2.46,0,Medium,Stable,High Screen Time,2026-01-14 21:00:00
63,6,2026-01-15,2026-01-21,45.99,7.4,7.99,2.65,0,Medium,Increasing,High Screen Time,2026-01-21 21:00:00
64,6,2026-01-22,2026-01-28,51.1,7.25,8.23,2.62,0,Medium,Stable,High Screen Time,2026-01-28 21:00:00
65,6,2026-01-29,2026-02-04,64.92,6.6,10.0,4.44,2,Medium,Stable,Academic Pressure,2026-02-04 21:00:00
66,6,2026-02-05,2026-02-11,50.46,7.08,8.46,2.61,1,Medium,Stable,Low Mood,2026-02-11 21:00:00
67,6,2026-02-12,2026-02-18,54.34,7.32,9.16,2.66,0,Medium,Decreasing,Low Mood,2026-02-18 21:00:00
68,6,2026-02-19,2026-02-25,54.94,7.29,8.59,2.44,0,Medium,Increasing,Low Mood,2026-02-25 21:00:00
69,6,2026-02-26,2026-03-04,47.77,7.77,7.87,2.42,0,Medium,Decreasing,High Screen Time,2026-03-04 21:00:00
70,6,2026-03-05,2026-03-11,54.14,6.97,8.8,2.37,0,Medium,Stable,High Screen Time,2026-03-11 21:00:00
71,6,2026-03-12,2026-03-18,60.97,6.94,9.64,3.68,0,Medium,Stable,Academic Pressure,2026-03-18 21:00:00
72,6,2026-03-19,2026-03-25,53.6,7.17,9.37,3.38,0,Medium,Stable,High Screen Time,2026-03-25 21:00:00
73,7,2026-01-01,2026-01-07,49.53,7.11,7.25,3.46,0,Medium,Increasing,Low Mood,2026-01-07 21:00:00
74,7,2026-01-08,2026-01-14,47.98,7.39,8.0,3.26,0,Medium,Stable,High Screen Time,2026-01-14 21:00:00
75,7,2026-01-15,2026-01-21,48.85,6.53,7.69,3.99,0,Medium,Stable,High Screen Time,2026-01-21 21:00:00
76,7,2026-01-22,2026-01-28,53.33,6.93,7.45,3.29,0,Medium,Stable,Low Mood,2026-01-28 21:00:00
77,7,2026-01-29,2026-02-04,63.13,6.36,7.68,5.07,1,Medium,Stable,Academic Pressure,2026-02-04 21:00:00
78,7,2026-02-05,2026-02-11,48.12,6.52,8.0,3.72,0,Medium,Increasing,High Screen Time,2026-02-11 21:00:00
79,7,2026-02-12,2026-02-18,53.87,6.66,7.25,3.52,0,Medium,Decreasing,Low Physical Activity,2026-02-18 21:00:00
80,7,2026-02-19,2026-02-25,50.27,6.86,8.17,3.27,0,Medium,Stable,High Screen Time,2026-02-25 21:00:00
81,7,2026-02-26,2026-03-04,48.48,7.16,7.87,3.75,0,Medium,Stable,High Screen Time,2026-03-04 21:00:00
82,7,2026-03-05,2026-03-11,51.12,7.17,7.96,2.98,0,Medium,Increasing,High Screen Time,2026-03-11 21:00:00
83,7,2026-03-12,2026-03-18,60.82,6.4,8.22,5.21,0,Medium,Stable,Low Mood,2026-03-18 21:00:00
84,7,2026-03-19,2026-03-25,52.84,6.86,8.33,3.79,0,Medium,Stable,Low Mood,2026-03-25 21:00:00
85,8,2026-01-01,2026-01-07,48.42,7.09,6.22,2.9,0,Medium,Stable,Stable Routine,2026-01-07 21:00:00
86,8,2026-01-08,2026-01-14,47.43,6.89,5.88,2.46,0,Medium,Stable,High Caffeine Intake,2026-01-14 21:00:00
87,8,2026-01-15,2026-01-21,54.51,7.31,6.32,2.69,0,Medium,Stable,Low Mood,2026-01-21 21:00:00
88,8,2026-01-22,2026-01-28,49.07,7.37,6.02,2.18,0,Medium,Stable,Financial Worry,2026-01-28 21:00:00
89,8,2026-01-29,2026-02-04,64.43,6.53,6.98,4.99,1,Medium,Decreasing,Academic Pressure,2026-02-04 21:00:00
90,8,2026-02-05,2026-02-11,48.88,7.06,5.86,3.22,0,Medium,Stable,Low Mood,2026-02-11 21:00:00
91,8,2026-02-12,2026-02-18,50.94,6.31,5.65,2.86,0,Medium,Stable,Low Mood,2026-02-18 21:00:00
92,8,2026-02-19,2026-02-25,53.79,7.07,5.54,2.33,0,Medium,Stable,Low Mood,2026-02-25 21:00:00
93,8,2026-02-26,2026-03-04,53.54,7.04,5.86,3.19,0,Medium,Increasing,High Caffeine Intake,2026-03-04 21:00:00
94,8,2026-03-05,2026-03-11,48.19,7.15,4.78,2.23,0,Medium,Decreasing,High Caffeine Intake,2026-03-11 21:00:00
95,8,2026-03-12,2026-03-18,67.66,5.87,6.97,3.7,4,High,Stable,Academic Pressure,2026-03-18 21:00:00
96,8,2026-03-19,2026-03-25,56.68,6.91,6.02,2.68,0,Medium,Stable,Low Mood,2026-03-25 21:00:00
97,9,2026-01-01,2026-01-07,53.26,6.81,4.24,5.82,0,Medium,Increasing,Low Mood,2026-01-07 21:00:00
98,9,2026-01-08,2026-01-14,48.42,7.12,4.95,5.46,0,Medium,Stable,Low Physical Activity,2026-01-14 21:00:00
99,9,2026-01-15,2026-01-21,46.04,7.47,3.65,5.77,0,Medium,Increasing,Low Physical Activity,2026-01-21 21:00:00
100,9,2026-01-22,2026-01-28,48.64,6.73,3.88,5.36,0,Medium,Decreasing,Low Physical Activity,2026-01-28 21:00:00
101,9,2026-01-29,2026-02-04,60.78,6.61,4.96,7.62,0,Medium,Stable,Academic Pressure,2026-02-04 21:00:00
102,9,2026-02-05,2026-02-11,48.87,6.9,4.67,5.11,0,Medium,Stable,Low Mood,2026-02-11 21:00:00
103,9,2026-02-12,2026-02-18,45.64,7.31,4.14,5.73,0,Medium,Stable,Low Physical Activity,2026-02-18 21:00:00
104,9,2026-02-19,2026-02-25,46.12,6.76,3.73,5.06,0,Medium,Stable,Low Physical Activity,2026-02-25 21:00:00
105,9,2026-02-26,2026-03-04,46.03,7.22,3.97,5.47,0,Medium,Stable,Low Mood,2026-03-04 21:00:00
106,9,2026-03-05,2026-03-11,51.93,7.37,3.72,5.24,0,Medium,Increasing,Low Mood,2026-03-11 21:00:00
107,9,2026-03-12,2026-03-18,61.91,6.83,4.96,6.97,1,Medium,Stable,High Fatigue,2026-03-18 21:00:00
108,9,2026-03-19,2026-03-25,47.05,6.99,4.21,5.59,0,Medium,Stable,Low Mood,2026-03-25 21:00:00
109,10,2026-01-01,2026-01-07,57.83,6.07,8.33,4.52,1,Medium,Decreasing,Low Mood,2026-01-07 21:00:00
110,10,2026-01-08,2026-01-14,60.78,6.1,8.87,5.89,1,Medium,Increasing,Academic Pressure,2026-01-14 21:00:00
111,10,2026-01-15,2026-01-21,60.98,5.93,8.63,5.66,1,Medium,Stable,Low Mood,2026-01-21 21:00:00
112,10,2026-01-22,2026-01-28,60.9,5.73,8.17,5.36,2,Medium,Decreasing,Academic Pressure,2026-01-28 21:00:00
113,10,2026-01-29,2026-02-04,71.98,5.39,9.36,7.69,5,High,Increasing,Academic Pressure,2026-02-04 21:00:00
114,10,2026-02-05,2026-02-11,62.64,5.92,9.28,5.63,1,Medium,Decreasing,Academic Pressure,2026-02-11 21:00:00
115,10,2026-02-12,2026-02-18,55.73,6.43,8.77,6.3,0,Medium,Stable,Low Mood,2026-02-18 21:00:00
116,10,2026-02-19,2026-02-25,62.9,6.0,8.79,4.85,3,Medium,Stable,Academic Pressure,2026-02-25 21:00:00
117,10,2026-02-26,2026-03-04,60.71,6.27,8.31,4.97,1,Medium,Increasing,Low Mood,2026-03-04 21:00:00
118,10,2026-03-05,2026-03-11,62.8,6.25,9.47,5.49,0,Medium,Stable,Academic Pressure,2026-03-11 21:00:00
119,10,2026-03-12,2026-03-18,73.64,5.65,10.43,7.46,5,High,Stable,Academic Pressure,2026-03-18 21:00:00
120,10,2026-03-19,2026-03-25,64.88,5.67,8.68,5.28,2,Medium,Stable,Academic Pressure,2026-03-25 21:00:00
121,11,2026-01-01,2026-01-07,56.55,8.07,7.92,3.64,0,Medium,Increasing,High Screen Time,2026-01-07 21:00:00
122,11,2026-01-08,2026-01-14,49.44,8.21,6.92,3.92,0,Medium,Stable,Low Mood,2026-01-14 21:00:00
123,11,2026-01-15,2026-01-21,52.77,8.21,7.56,4.48,0,Medium,Stable,Academic Pressure,2026-01-21 21:00:00
124,11,2026-01-22,2026-01-28,55.05,8.09,7.53,3.12,0,Medium,Stable,Low Mood,2026-01-28 21:00:00
125,11,2026-01-29,2026-02-04,63.9,7.68,8.33,6.15,1,Medium,Stable,Academic Pressure,2026-02-04 21:00:00
126,11,2026-02-05,2026-02-11,54.15,8.1,8.15,4.24,0,Medium,Stable,Academic Pressure,2026-02-11 21:00:00
127,11,2026-02-12,2026-02-18,50.84,8.33,7.1,4.3,0,Medium,Stable,Stable Routine,2026-02-18 21:00:00
128,11,2026-02-19,2026-02-25,50.66,8.3,7.46,3.95,0,Medium,Stable,Low Mood,2026-02-25 21:00:00
129,11,2026-02-26,2026-03-04,55.38,8.75,8.38,3.84,0,Medium,Decreasing,Academic Pressure,2026-03-04 21:00:00
130,11,2026-03-05,2026-03-11,53.13,8.38,7.21,3.82,0,Medium,Stable,Low Mood,2026-03-11 21:00:00
131,11,2026-03-12,2026-03-18,69.57,8.1,7.98,5.97,3,Medium,Stable,Academic Pressure,2026-03-18 21:00:00
132,11,2026-03-19,2026-03-25,56.03,8.29,7.15,3.76,0,Medium,Stable,Academic Pressure,2026-03-25 21:00:00
133,12,2026-01-01,2026-01-07,55.27,7.2,6.7,5.26,0,Medium,Stable,Low Mood,2026-01-07 21:00:00
134,12,2026-01-08,2026-01-14,58.17,6.56,6.45,4.68,1,Medium,Stable,Academic Pressure,2026-01-14 21:00:00
135,12,2026-01-15,2026-01-21,51.49,6.77,6.4,4.99,0,Medium,Stable,Stable Routine,2026-01-21 21:00:00
136,12,2026-01-22,2026-01-28,53.6,6.81,6.42,5.0,0,Medium,Stable,Academic Pressure,2026-01-28 21:00:00
137,12,2026-01-29,2026-02-04,73.35,6.23,7.33,7.11,6,High,Increasing,Academic Pressure,2026-02-04 21:00:00
138,12,2026-02-05,2026-02-11,61.93,6.46,6.45,5.01,2,Medium,Decreasing,Academic Pressure,2026-02-11 21:00:00
139,12,2026-02-12,2026-02-18,55.79,6.87,5.55,5.16,0,Medium,Increasing,Academic Pressure,2026-02-18 21:00:00
140,12,2026-02-19,2026-02-25,60.3,7.11,6.85,5.19,0,Medium,Decreasing,Academic Pressure,2026-02-25 21:00:00
141,12,2026-02-26,2026-03-04,53.3,6.59,6.05,5.0,0,Medium,Increasing,Academic Pressure,2026-03-04 21:00:00
142,12,2026-03-05,2026-03-11,58.04,6.34,6.56,4.89,1,Medium,Decreasing,Academic Pressure,2026-03-11 21:00:00
143,12,2026-03-12,2026-03-18,68.62,6.23,7.91,7.14,3,Medium,Increasing,Academic Pressure,2026-03-18 21:00:00
144,12,2026-03-19,2026-03-25,60.66,6.22,6.54,4.46,2,Medium,Stable,Academic Pressure,2026-03-25 21:00:00
145,13,2026-01-01,2026-01-07,46.96,7.98,5.22,3.64,0,Medium,Decreasing,Low Mood,2026-01-07 21:00:00
146,13,2026-01-08,2026-01-14,49.2,8.23,4.3,3.32,0,Medium,Decreasing,Stable Routine,2026-01-14 21:00:00
147,13,2026-01-15,2026-01-21,40.71,7.47,4.84,3.75,0,Medium,Stable,Low Physical Activity,2026-01-21 21:00:00
148,13,2026-01-22,2026-01-28,48.91,7.48,4.9,3.83,0,Medium,Decreasing,Stable Routine,2026-01-28 21:00:00
149,13,2026-01-29,2026-02-04,60.27,7.35,6.3,5.94,1,Medium,Stable,Low Mood,2026-02-04 21:00:00
150,13,2026-02-05,2026-02-11,47.98,7.73,5.54,3.66,0,Medium,Decreasing,Low Mood,2026-02-11 21:00:00
151,13,2026-02-12,2026-02-18,50.59,7.81,4.91,3.61,0,Medium,Stable,Low Mood,2026-02-18 21:00:00
152,13,2026-02-19,2026-02-25,45.77,8.18,5.06,3.75,0,Medium,Stable,Stable Routine,2026-02-25 21:00:00
153,13,2026-02-26,2026-03-04,47.75,8.09,5.62,3.56,0,Medium,Decreasing,Financial Worry,2026-03-04 21:00:00
154,13,2026-03-05,2026-03-11,48.41,7.32,4.71,3.23,0,Medium,Increasing,Low Mood,2026-03-11 21:00:00
155,13,2026-03-12,2026-03-18,61.83,7.1,5.99,4.67,0,Medium,Increasing,Academic Pressure,2026-03-18 21:00:00
156,13,2026-03-19,2026-03-25,53.21,7.5,5.39,3.0,0,Medium,Decreasing,Academic Pressure,2026-03-25 21:00:00
157,14,2026-01-01,2026-01-07,52.79,6.8,5.46,5.28,0,Medium,Stable,Academic Pressure,2026-01-07 21:00:00
158,14,2026-01-08,2026-01-14,51.58,6.62,5.5,4.24,0,Medium,Stable,Stable Routine,2026-01-14 21:00:00
159,14,2026-01-15,2026-01-21,53.9,6.69,6.11,4.88,0,Medium,Stable,Academic Pressure,2026-01-21 21:00:00
160,14,2026-01-22,2026-01-28,57.16,6.66,5.82,4.14,1,Medium,Increasing,Academic Pressure,2026-01-28 21:00:00
161,14,2026-01-29,2026-02-04,65.78,6.57,6.39,6.37,3,Medium,Decreasing,Academic Pressure,2026-02-04 21:00:00
162,14,2026-02-05,2026-02-11,52.91,7.4,6.03,4.88,0,Medium,Decreasing,Academic Pressure,2026-02-11 21:00:00
163,14,2026-02-12,2026-02-18,51.46,6.79,6.1,4.84,0,Medium,Stable,Academic Pressure,2026-02-18 21:00:00
164,14,2026-02-19,2026-02-25,51.84,6.87,6.05,4.78,0,Medium,Increasing,Academic Pressure,2026-02-25 21:00:00
165,14,2026-02-26,2026-03-04,53.46,6.91,5.91,4.34,0,Medium,Stable,Low Mood,2026-03-04 21:00:00
166,14,2026-03-05,2026-03-11,59.41,6.69,6.02,4.59,1,Medium,Decreasing,Academic Pressure,2026-03-11 21:00:00
167,14,2026-03-12,2026-03-18,71.0,5.98,6.78,6.5,4,High,Stable,Academic Pressure,2026-03-18 21:00:00
168,14,2026-03-19,2026-03-25,57.67,6.72,6.01,5.37,0,Medium,Increasing,Academic Pressure,2026-03-25 21:00:00
169,15,2026-01-01,2026-01-07,45.83,7.58,4.78,2.95,0,Medium,Stable,High Caffeine Intake,2026-01-07 21:00:00
170,15,2026-01-08,2026-01-14,46.49,7.7,4.38,3.21,0,Medium,Stable,Low Physical Activity,2026-01-14 21:00:00
171,15,2026-01-15,2026-01-21,46.98,7.79,4.01,3.54,0,Medium,Stable,High Caffeine Intake,2026-01-21 21:00:00
172,15,2026-01-22,2026-01-28,48.33,8.11,4.3,3.07,0,Medium,Decreasing,Low Physical Activity,2026-01-28 21:00:00
173,15,2026-01-29,2026-02-04,60.42,7.57,5.58,4.9,1,Medium,Increasing,Academic Pressure,2026-02-04 21:00:00
174,15,2026-02-05,2026-02-11,51.76,7.93,4.31,3.4,0,Medium,Stable,Low Mood,2026-02-11 21:00:00
175,15,2026-02-12,2026-02-18,46.86,8.19,4.74,2.95,0,Medium,Stable,Low Mood,2026-02-18 21:00:00
176,15,2026-02-19,2026-02-25,52.85,7.64,4.71,3.05,0,Medium,Stable,Low Mood,2026-02-25 21:00:00
177,15,2026-02-26,2026-03-04,43.64,7.87,3.97,4.47,0,Medium,Decreasing,Low Physical Activity,2026-03-04 21:00:00
178,15,2026-03-05,2026-03-11,44.83,7.67,4.37,3.76,0,Medium,Stable,Low Physical Activity,2026-03-11 21:00:00
179,15,2026-03-12,2026-03-18,60.01,7.72,6.05,5.17,1,Medium,Decreasing,Academic Pressure,2026-03-18 21:00:00
180,15,2026-03-19,2026-03-25,51.24,8.23,5.08,3.87,0,Medium,Increasing,High Caffeine Intake,2026-03-25 21:00:00
181,16,2026-01-01,2026-01-07,47.89,6.99,4.74,3.83,0,Medium,Stable,Low Mood,2026-01-07 21:00:00
182,16,2026-01-08,2026-01-14,50.44,6.97,4.92,3.15,0,Medium,Stable,Low Mood,2026-01-14 21:00:00
183,16,2026-01-15,2026-01-21,53.95,6.8,4.32,2.93,0,Medium,Decreasing,Academic Pressure,2026-01-21 21:00:00
184,16,2026-01-22,2026-01-28,46.22,6.52,4.65,3.45,0,Medium,Decreasing,Stable Routine,2026-01-28 21:00:00
185,16,2026-01-29,2026-02-04,65.7,6.08,5.5,5.61,3,Medium,Stable,Academic Pressure,2026-02-04 21:00:00
186,16,2026-02-05,2026-02-11,55.46,6.92,4.88,3.72,0,Medium,Stable,Academic Pressure,2026-02-11 21:00:00
187,16,2026-02-12,2026-02-18,44.48,6.88,4.29,3.78,0,Medium,Increasing,Low Mood,2026-02-18 21:00:00
188,16,2026-02-19,2026-02-25,49.94,6.85,5.18,3.54,0,Medium,Stable,Stable Routine,2026-02-25 21:00:00
189,16,2026-02-26,2026-03-04,52.24,6.73,3.32,3.15,0,Medium,Stable,Academic Pressure,2026-03-04 21:00:00
190,16,2026-03-05,2026-03-11,46.14,6.73,5.01,4.19,0,Medium,Increasing,Low Mood,2026-03-11 21:00:00
191,16,2026-03-12,2026-03-18,68.18,6.28,5.28,4.94,5,High,Increasing,Academic Pressure,2026-03-18 21:00:00
192,16,2026-03-19,2026-03-25,57.44,6.49,4.78,4.68,1,Medium,Stable,Academic Pressure,2026-03-25 21:00:00
193,17,2026-01-01,2026-01-07,56.16,6.86,6.88,3.75,1,Medium,Increasing,Low Mood,2026-01-07 21:00:00
194,17,2026-01-08,2026-01-14,56.96,6.86,6.88,3.85,0,Medium,Decreasing,Low Mood,2026-01-14 21:00:00
195,17,2026-01-15,2026-01-21,55.13,6.58,6.87,4.56,0,Medium,Stable,Low Mood,2026-01-21 21:00:00
196,17,2026-01-22,2026-01-28,54.69,6.66,6.75,3.27,0,Medium,Stable,Academic Pressure,2026-01-28 21:00:00
197,17,2026-01-29,2026-02-04,71.16,5.52,7.35,5.88,4,High,Stable,Academic Pressure,2026-02-04 21:00:00
198,17,2026-02-05,2026-02-11,55.46,6.74,6.09,4.27,1,Medium,Stable,Academic Pressure,2026-02-11 21:00:00
199,17,2026-02-12,2026-02-18,54.98,6.87,5.94,3.66,0,Medium,Decreasing,Academic Pressure,2026-02-18 21:00:00
200,17,2026-02-19,2026-02-25,56.23,6.34,6.47,3.93,1,Medium,Increasing,Academic Pressure,2026-02-25 21:00:00
201,17,2026-02-26,2026-03-04,55.05,6.33,6.9,4.36,0,Medium,Stable,Low Mood,2026-03-04 21:00:00
202,17,2026-03-05,2026-03-11,56.65,6.36,6.73,4.09,0,Medium,Stable,Low Mood,2026-03-11 21:00:00
203,17,2026-03-12,2026-03-18,72.25,6.21,7.24,5.76,5,High,Stable,Academic Pressure,2026-03-18 21:00:00
204,17,2026-03-19,2026-03-25,57.25,6.74,6.69,4.4,1,Medium,Decreasing,Low Mood,2026-03-25 21:00:00
205,18,2026-01-01,2026-01-07,60.94,5.51,7.23,3.74,1,Medium,Stable,Academic Pressure,2026-01-07 21:00:00
206,18,2026-01-08,2026-01-14,58.26,6.48,7.01,3.35,0,Medium,Stable,Academic Pressure,2026-01-14 21:00:00
207,18,2026-01-15,2026-01-21,59.45,6.41,6.78,4.24,0,Medium,Decreasing,Academic Pressure,2026-01-21 21:00:00
208,18,2026-01-22,2026-01-28,58.64,6.1,6.62,3.37,0,Medium,Stable,Low Mood,2026-01-28 21:00:00
209,18,2026-01-29,2026-02-04,72.94,5.5,7.88,5.2,4,High,Stable,Academic Pressure,2026-02-04 21:00:00
210,18,2026-02-05,2026-02-11,61.16,6.12,7.16,3.83,2,Medium,Decreasing,Academic Pressure,2026-02-11 21:00:00
211,18,2026-02-12,2026-02-18,56.08,6.14,6.72,4.46,0,Medium,Stable,Sleep Deficit,2026-02-18 21:00:00
212,18,2026-02-19,2026-02-25,63.83,5.77,7.27,3.57,1,Medium,Stable,Low Mood,2026-02-25 21:00:00
213,18,2026-02-26,2026-03-04,67.24,5.63,7.52,4.42,2,Medium,Stable,Low Mood,2026-03-04 21:00:00
214,18,2026-03-05,2026-03-11,56.47,6.42,7.13,4.13,0,Medium,Stable,Low Mood,2026-03-11 21:00:00
215,18,2026-03-12,2026-03-18,65.98,5.29,7.93,5.63,2,Medium,Stable,Academic Pressure,2026-03-18 21:00:00
216,18,2026-03-19,2026-03-25,62.33,6.26,7.17,3.62,2,Medium,Stable,Low Mood,2026-03-25 21:00:00
217,19,2026-01-01,2026-01-07,59.0,5.44,3.56,1.99,0,Medium,Stable,Sleep Deficit,2026-01-07 21:00:00
218,19,2026-01-08,2026-01-14,59.09,4.76,3.11,3.01,0,Medium,Stable,Sleep Deficit,2026-01-14 21:00:00
219,19,2026-01-15,2026-01-21,59.42,5.22,3.59,2.6,2,Medium,Stable,Sleep Deficit,2026-01-21 21:00:00
220,19,2026-01-22,2026-01-28,61.04,4.68,3.75,2.95,1,Medium,Decreasing,Sleep Deficit,2026-01-28 21:00:00
221,19,2026-01-29,2026-02-04,74.56,4.63,4.49,5.05,5,High,Stable,Academic Pressure,2026-02-04 21:00:00
222,19,2026-02-05,2026-02-11,59.95,4.99,3.42,2.94,1,Medium,Decreasing,Academic Pressure,2026-02-11 21:00:00
223,19,2026-02-12,2026-02-18,59.22,5.0,3.9,2.71,0,Medium,Increasing,Sleep Deficit,2026-02-18 21:00:00
224,19,2026-02-19,2026-02-25,61.71,4.59,3.92,2.17,2,Medium,Stable,Sleep Deficit,2026-02-25 21:00:00
225,19,2026-02-26,2026-03-04,56.73,4.88,3.06,2.98,1,Medium,Decreasing,Sleep Deficit,2026-03-04 21:00:00
226,19,2026-03-05,2026-03-11,57.92,5.33,3.2,3.03,0,Medium,Stable,Sleep Deficit,2026-03-11 21:00:00
227,19,2026-03-12,2026-03-18,72.81,4.08,4.37,4.56,6,High,Stable,Academic Pressure,2026-03-18 21:00:00
228,19,2026-03-19,2026-03-25,57.97,5.12,3.35,2.69,2,Medium,Decreasing,Sleep Deficit,2026-03-25 21:00:00
229,20,2026-01-01,2026-01-07,59.04,6.24,6.03,5.51,1,Medium,Stable,Academic Pressure,2026-01-07 21:00:00
230,20,2026-01-08,2026-01-14,56.25,6.17,5.0,6.05,0,Medium,Decreasing,Academic Pressure,2026-01-14 21:00:00
231,20,2026-01-15,2026-01-21,59.83,5.6,4.69,5.45,1,Medium,Decreasing,Academic Pressure,2026-01-21 21:00:00
232,20,2026-01-22,2026-01-28,59.22,6.23,5.72,4.85,0,Medium,Decreasing,Academic Pressure,2026-01-28 21:00:00
233,20,2026-01-29,2026-02-04,72.93,5.43,6.37,6.51,5,High,Stable,Academic Pressure,2026-02-04 21:00:00
234,20,2026-02-05,2026-02-11,56.62,6.45,5.53,5.43,1,Medium,Decreasing,Academic Pressure,2026-02-11 21:00:00
235,20,2026-02-12,2026-02-18,61.27,5.88,5.67,4.81,1,Medium,Stable,Academic Pressure,2026-02-18 21:00:00
236,20,2026-02-19,2026-02-25,54.11,6.46,5.24,4.52,0,Medium,Stable,Academic Pressure,2026-02-25 21:00:00
237,20,2026-02-26,2026-03-04,60.47,5.88,5.73,4.46,0,Medium,Increasing,Academic Pressure,2026-03-04 21:00:00
238,20,2026-03-05,2026-03-11,62.02,5.89,6.42,5.29,1,Medium,Increasing,Academic Pressure,2026-03-11 21:00:00
239,20,2026-03-12,2026-03-18,71.19,5.67,7.04,7.12,5,High,Stable,Academic Pressure,2026-03-18 21:00:00
240,20,2026-03-19,2026-03-25,60.52,5.68,6.04,5.38,1,Medium,Stable,Academic Pressure,2026-03-25 21:00:00
241,21,2026-01-01,2026-01-07,52.96,6.91,7.6,5.51,0,Medium,Stable,Low Mood,2026-01-07 21:00:00
242,21,2026-01-08,2026-01-14,58.08,7.45,8.48,6.1,0,Medium,Stable,Low Mood,2026-01-14 21:00:00
243,21,2026-01-15,2026-01-21,50.03,7.0,7.97,5.11,0,Medium,Decreasing,Low Mood,2026-01-21 21:00:00
244,21,2026-01-22,2026-01-28,54.89,7.29,8.71,6.11,0,Medium,Stable,High Screen Time,2026-01-28 21:00:00
245,21,2026-01-29,2026-02-04,61.15,6.91,9.57,7.73,1,Medium,Decreasing,Academic Pressure,2026-02-04 21:00:00
246,21,2026-02-05,2026-02-11,54.11,7.43,9.0,5.86,1,Medium,Decreasing,Academic Pressure,2026-02-11 21:00:00
247,21,2026-02-12,2026-02-18,52.76,7.25,9.34,5.32,0,Medium,Stable,Low Mood,2026-02-18 21:00:00
248,21,2026-02-19,2026-02-25,53.66,7.21,8.69,5.37,0,Medium,Increasing,Low Mood,2026-02-25 21:00:00
249,21,2026-02-26,2026-03-04,50.72,7.38,8.65,5.68,0,Medium,Increasing,Low Mood,2026-03-04 21:00:00
250,21,2026-03-05,2026-03-11,56.77,7.27,8.64,5.88,0,Medium,Decreasing,Low Mood,2026-03-11 21:00:00
251,21,2026-03-12,2026-03-18,65.86,6.56,8.72,7.64,1,Medium,Stable,Academic Pressure,2026-03-18 21:00:00
252,21,2026-03-19,2026-03-25,54.5,7.46,9.41,4.85,0,Medium,Stable,High Screen Time,2026-03-25 21:00:00
253,22,2026-01-01,2026-01-07,59.68,6.18,8.01,1.49,1,Medium,Stable,Low Mood,2026-01-07 21:00:00
254,22,2026-01-08,2026-01-14,53.52,5.92,7.89,1.37,0,Medium,Stable,Low Mood,2026-01-14 21:00:00
255,22,2026-01-15,2026-01-21,52.99,6.07,7.38,1.32,0,Medium,Stable,Low Mood,2026-01-21 21:00:00
256,22,2026-01-22,2026-01-28,51.49,6.67,7.64,1.49,0,Medium,Decreasing,Low Mood,2026-01-28 21:00:00
257,22,2026-01-29,2026-02-04,70.19,5.86,9.3,3.34,4,High,Decreasing,Academic Pressure,2026-02-04 21:00:00
258,22,2026-02-05,2026-02-11,60.75,5.85,8.25,1.45,1,Medium,Stable,High Fatigue,2026-02-11 21:00:00
259,22,2026-02-12,2026-02-18,52.42,6.14,7.5,1.33,0,Medium,Increasing,Financial Worry,2026-02-18 21:00:00
260,22,2026-02-19,2026-02-25,55.77,6.45,7.74,1.33,0,Medium,Stable,Low Mood,2026-02-25 21:00:00
261,22,2026-02-26,2026-03-04,54.43,6.06,7.73,1.48,0,Medium,Stable,Low Mood,2026-03-04 21:00:00
262,22,2026-03-05,2026-03-11,52.22,6.25,7.72,1.05,0,Medium,Stable,Sleep Deficit,2026-03-11 21:00:00
263,22,2026-03-12,2026-03-18,70.34,5.48,8.82,3.95,4,High,Decreasing,High Fatigue,2026-03-18 21:00:00
264,22,2026-03-19,2026-03-25,56.45,6.23,8.29,2.29,1,Medium,Stable,Sleep Deficit,2026-03-25 21:00:00
265,23,2026-01-01,2026-01-07,54.07,6.74,7.25,4.38,0,Medium,Stable,High Screen Time,2026-01-07 21:00:00
266,23,2026-01-08,2026-01-14,49.96,6.56,7.54,4.29,0,Medium,Stable,Sleep Deficit,2026-01-14 21:00:00
267,23,2026-01-15,2026-01-21,56.27,6.28,8.01,4.55,0,Medium,Increasing,Low Mood,2026-01-21 21:00:00
268,23,2026-01-22,2026-01-28,48.55,6.79,7.78,4.51,0,Medium,Decreasing,Low Mood,2026-01-28 21:00:00
269,23,2026-01-29,2026-02-04,67.64,5.69,8.92,6.83,3,Medium,Decreasing,Academic Pressure,2026-02-04 21:00:00
270,23,2026-02-05,2026-02-11,56.48,6.11,7.96,4.76,1,Medium,Stable,Low Mood,2026-02-11 21:00:00
271,23,2026-02-12,2026-02-18,55.16,6.2,7.44,4.22,0,Medium,Increasing,Academic Pressure,2026-02-18 21:00:00
272,23,2026-02-19,2026-02-25,62.22,6.23,7.72,4.42,2,Medium,Increasing,Low Mood,2026-02-25 21:00:00
273,23,2026-02-26,2026-03-04,50.46,6.68,7.64,4.44,0,Medium,Stable,Stable Routine,2026-03-04 21:00:00
274,23,2026-03-05,2026-03-11,54.23,6.47,7.37,4.41,0,Medium,Increasing,Low Mood,2026-03-11 21:00:00
275,23,2026-03-12,2026-03-18,65.84,5.71,7.77,5.79,3,Medium,Stable,Low Mood,2026-03-18 21:00:00
276,23,2026-03-19,2026-03-25,57.76,5.62,6.97,5.06,0,Medium,Stable,Sleep Deficit,2026-03-25 21:00:00
277,24,2026-01-01,2026-01-07,52.82,7.55,7.85,4.56,0,Medium,Stable,High Screen Time,2026-01-07 21:00:00
278,24,2026-01-08,2026-01-14,55.37,7.41,8.97,4.48,0,Medium,Stable,High Screen Time,2026-01-14 21:00:00
279,24,2026-01-15,2026-01-21,50.68,7.54,7.84,4.08,0,Medium,Stable,High Screen Time,2026-01-21 21:00:00
280,24,2026-01-22,2026-01-28,55.34,8.31,8.87,4.4,0,Medium,Decreasing,High Screen Time,2026-01-28 21:00:00
281,24,2026-01-29,2026-02-04,60.19,7.38,9.12,5.84,3,Medium,Stable,High Screen Time,2026-02-04 21:00:00
282,24,2026-02-05,2026-02-11,54.8,7.34,9.0,4.43,0,Medium,Stable,High Screen Time,2026-02-11 21:00:00
283,24,2026-02-12,2026-02-18,53.49,7.64,8.76,4.06,0,Medium,Stable,High Screen Time,2026-02-18 21:00:00
284,24,2026-02-19,2026-02-25,50.99,7.66,8.62,4.37,0,Medium,Stable,High Screen Time,2026-02-25 21:00:00
285,24,2026-02-26,2026-03-04,48.58,7.88,9.42,4.38,0,Medium,Stable,High Screen Time,2026-03-04 21:00:00
286,24,2026-03-05,2026-03-11,51.4,7.47,7.96,4.73,0,Medium,Decreasing,High Screen Time,2026-03-11 21:00:00
287,24,2026-03-12,2026-03-18,60.64,7.36,9.58,6.04,1,Medium,Increasing,High Screen Time,2026-03-18 21:00:00
288,24,2026-03-19,2026-03-25,46.92,7.56,8.34,5.11,0,Medium,Stable,High Screen Time,2026-03-25 21:00:00
289,25,2026-01-01,2026-01-07,48.42,7.87,3.56,2.38,0,Medium,Stable,Stable Routine,2026-01-07 21:00:00
290,25,2026-01-08,2026-01-14,47.9,6.97,3.42,3.87,0,Medium,Stable,Stable Routine,2026-01-14 21:00:00
291,25,2026-01-15,2026-01-21,47.81,7.37,3.69,3.12,0,Medium,Decreasing,Low Mood,2026-01-21 21:00:00
292,25,2026-01-22,2026-01-28,49.86,7.57,3.56,3.05,0,Medium,Stable,Academic Pressure,2026-01-28 21:00:00
293,25,2026-01-29,2026-02-04,55.64,7.5,4.35,4.41,0,Medium,Increasing,Academic Pressure,2026-02-04 21:00:00
294,25,2026-02-05,2026-02-11,49.33,7.75,3.99,2.96,1,Medium,Decreasing,Academic Pressure,2026-02-11 21:00:00
295,25,2026-02-12,2026-02-18,49.83,7.81,3.77,2.69,0,Medium,Stable,Low Mood,2026-02-18 21:00:00
296,25,2026-02-19,2026-02-25,51.52,7.6,3.72,3.56,0,Medium,Increasing,Academic Pressure,2026-02-25 21:00:00
297,25,2026-02-26,2026-03-04,48.13,7.49,3.74,2.99,0,Medium,Increasing,Academic Pressure,2026-03-04 21:00:00
298,25,2026-03-05,2026-03-11,45.35,7.76,3.86,3.06,0,Medium,Increasing,Stable Routine,2026-03-11 21:00:00
299,25,2026-03-12,2026-03-18,62.9,6.93,4.78,4.58,0,Medium,Stable,Academic Pressure,2026-03-18 21:00:00
300,25,2026-03-19,2026-03-25,53.48,7.79,3.9,3.44,0,Medium,Stable,Academic Pressure,2026-03-25 21:00:00
301,26,2026-01-01,2026-01-07,51.44,6.82,7.56,1.9,0,Medium,Stable,Low Mood,2026-01-07 21:00:00
302,26,2026-01-08,2026-01-14,58.47,6.35,7.04,1.82,1,Medium,Increasing,Financial Worry,2026-01-14 21:00:00
303,26,2026-01-15,2026-01-21,50.58,6.69,6.8,1.97,0,Medium,Increasing,Low Mood,2026-01-21 21:00:00
304,26,2026-01-22,2026-01-28,53.62,6.51,7.16,2.01,0,Medium,Decreasing,Low Mood,2026-01-28 21:00:00
305,26,2026-01-29,2026-02-04,63.62,6.12,8.21,3.73,3,Medium,Increasing,Academic Pressure,2026-02-04 21:00:00
306,26,2026-02-05,2026-02-11,56.45,6.59,6.9,2.73,1,Medium,Decreasing,Low Mood,2026-02-11 21:00:00
307,26,2026-02-12,2026-02-18,57.18,5.8,6.66,1.96,0,Medium,Stable,Sleep Deficit,2026-02-18 21:00:00
308,26,2026-02-19,2026-02-25,54.27,6.46,7.5,1.94,0,Medium,Stable,Low Physical Activity,2026-02-25 21:00:00
309,26,2026-02-26,2026-03-04,55.49,6.98,6.67,1.72,0,Medium,Increasing,Low Mood,2026-03-04 21:00:00
310,26,2026-03-05,2026-03-11,54.92,6.71,7.0,2.38,0,Medium,Stable,Low Mood,2026-03-11 21:00:00
311,26,2026-03-12,2026-03-18,67.78,5.39,8.65,3.47,2,Medium,Increasing,Academic Pressure,2026-03-18 21:00:00
312,26,2026-03-19,2026-03-25,53.09,6.5,7.27,2.54,1,Medium,Decreasing,Low Mood,2026-03-25 21:00:00
313,27,2026-01-01,2026-01-07,59.29,5.88,6.75,3.85,0,Medium,Stable,High Fatigue,2026-01-07 21:00:00
314,27,2026-01-08,2026-01-14,54.76,5.73,5.94,3.58,0,Medium,Stable,Low Mood,2026-01-14 21:00:00
315,27,2026-01-15,2026-01-21,62.64,5.59,6.16,3.28,1,Medium,Stable,High Fatigue,2026-01-21 21:00:00
316,27,2026-01-22,2026-01-28,59.74,5.91,6.6,4.03,0,Medium,Stable,Low Mood,2026-01-28 21:00:00
317,27,2026-01-29,2026-02-04,75.66,5.41,7.6,6.2,6,High,Stable,Academic Pressure,2026-02-04 21:00:00
318,27,2026-02-05,2026-02-11,61.19,5.84,6.61,4.36,1,Medium,Decreasing,Low Mood,2026-02-11 21:00:00
319,27,2026-02-12,2026-02-18,58.29,6.09,6.76,3.9,2,Medium,Increasing,Financial Worry,2026-02-18 21:00:00
320,27,2026-02-19,2026-02-25,62.18,5.58,6.74,4.02,0,Medium,Stable,Academic Pressure,2026-02-25 21:00:00
321,27,2026-02-26,2026-03-04,52.56,5.84,6.4,4.19,0,Medium,Stable,Financial Worry,2026-03-04 21:00:00
322,27,2026-03-05,2026-03-11,59.47,5.49,6.07,3.69,2,Medium,Increasing,Sleep Deficit,2026-03-11 21:00:00
323,27,2026-03-12,2026-03-18,72.11,5.03,7.92,5.11,4,High,Decreasing,Academic Pressure,2026-03-18 21:00:00
324,27,2026-03-19,2026-03-25,66.66,5.29,6.43,4.36,2,Medium,Stable,Academic Pressure,2026-03-25 21:00:00
325,28,2026-01-01,2026-01-07,51.16,6.59,8.04,3.83,0,Medium,Stable,Low Mood,2026-01-07 21:00:00
326,28,2026-01-08,2026-01-14,54.23,6.26,9.1,3.04,0,Medium,Stable,Low Mood,2026-01-14 21:00:00
327,28,2026-01-15,2026-01-21,59.24,6.06,7.83,3.49,0,Medium,Stable,Low Mood,2026-01-21 21:00:00
328,28,2026-01-22,2026-01-28,54.51,6.4,8.25,3.33,0,Medium,Stable,Low Mood,2026-01-28 21:00:00
329,28,2026-01-29,2026-02-04,66.52,5.74,9.38,5.5,3,Medium,Decreasing,Academic Pressure,2026-02-04 21:00:00
330,28,2026-02-05,2026-02-11,57.57,6.18,7.91,3.67,1,Medium,Decreasing,High Fatigue,2026-02-11 21:00:00
331,28,2026-02-12,2026-02-18,53.83,6.54,8.45,3.12,0,Medium,Stable,Low Mood,2026-02-18 21:00:00
332,28,2026-02-19,2026-02-25,53.0,6.9,8.16,3.61,0,Medium,Stable,High Screen Time,2026-02-25 21:00:00
333,28,2026-02-26,2026-03-04,52.71,6.43,9.0,4.16,0,Medium,Stable,High Screen Time,2026-03-04 21:00:00
334,28,2026-03-05,2026-03-11,50.68,6.3,8.57,3.37,0,Medium,Stable,Low Mood,2026-03-11 21:00:00
335,28,2026-03-12,2026-03-18,66.4,5.7,8.96,5.37,3,Medium,Stable,Academic Pressure,2026-03-18 21:00:00
336,28,2026-03-19,2026-03-25,53.31,6.7,8.35,3.69,0,Medium,Stable,High Screen Time,2026-03-25 21:00:00
337,29,2026-01-01,2026-01-07,72.36,4.86,7.13,3.54,5,High,Stable,Academic Pressure,2026-01-07 21:00:00
338,29,2026-01-08,2026-01-14,74.09,5.1,8.09,3.95,6,High,Decreasing,Academic Pressure,2026-01-14 21:00:00
339,29,2026-01-15,2026-01-21,66.5,4.87,7.52,3.08,3,Medium,Decreasing,High Fatigue,2026-01-21 21:00:00
340,29,2026-01-22,2026-01-28,61.31,5.52,6.22,3.11,1,Medium,Decreasing,High Fatigue,2026-01-28 21:00:00
341,29,2026-01-29,2026-02-04,78.94,4.74,8.15,5.09,6,High,Increasing,Academic Pressure,2026-02-04 21:00:00
342,29,2026-02-05,2026-02-11,65.55,5.33,6.65,3.63,2,Medium,Decreasing,Academic Pressure,2026-02-11 21:00:00
343,29,2026-02-12,2026-02-18,67.94,4.96,7.24,3.1,4,High,Decreasing,Academic Pressure,2026-02-18 21:00:00
344,29,2026-02-19,2026-02-25,65.46,4.8,7.19,2.83,2,Medium,Increasing,Low Mood,2026-02-25 21:00:00
345,29,2026-02-26,2026-03-04,64.0,5.3,7.16,3.65,1,Medium,Stable,Academic Pressure,2026-03-04 21:00:00
346,29,2026-03-05,2026-03-11,69.66,4.93,7.53,3.16,4,High,Stable,Academic Pressure,2026-03-11 21:00:00
347,29,2026-03-12,2026-03-18,78.31,4.42,7.68,5.82,6,High,Stable,Academic Pressure,2026-03-18 21:00:00
348,29,2026-03-19,2026-03-25,71.2,5.08,7.71,2.92,4,High,Stable,High Fatigue,2026-03-25 21:00:00
349,30,2026-01-01,2026-01-07,56.46,6.27,5.07,3.73,1,Medium,Decreasing,Academic Pressure,2026-01-07 21:00:00
350,30,2026-01-08,2026-01-14,58.06,6.27,5.06,3.0,1,Medium,Decreasing,Academic Pressure,2026-01-14 21:00:00
351,30,2026-01-15,2026-01-21,58.54,6.18,5.0,3.2,0,Medium,Stable,Academic Pressure,2026-01-21 21:00:00
352,30,2026-01-22,2026-01-28,60.28,6.42,5.59,3.0,0,Medium,Stable,Low Mood,2026-01-28 21:00:00
353,30,2026-01-29,2026-02-04,71.07,5.75,6.95,5.55,5,High,Stable,Academic Pressure,2026-02-04 21:00:00
354,30,2026-02-05,2026-02-11,61.73,6.36,5.6,2.86,2,Medium,Stable,Academic Pressure,2026-02-11 21:00:00
355,30,2026-02-12,2026-02-18,56.91,5.95,5.31,3.9,0,Medium,Increasing,Academic Pressure,2026-02-18 21:00:00
356,30,2026-02-19,2026-02-25,61.78,5.85,5.45,2.81,1,Medium,Increasing,Academic Pressure,2026-02-25 21:00:00
357,30,2026-02-26,2026-03-04,56.86,6.18,5.36,3.29,1,Medium,Decreasing,Low Mood,2026-03-04 21:00:00
358,30,2026-03-05,2026-03-11,59.53,6.3,5.79,3.15,0,Medium,Stable,Academic Pressure,2026-03-11 21:00:00
359,30,2026-03-12,2026-03-18,67.8,5.92,6.16,5.2,2,Medium,Stable,Academic Pressure,2026-03-18 21:00:00
360,30,2026-03-19,2026-03-25,57.66,6.27,5.7,3.33,1,Medium,Decreasing,Academic Pressure,2026-03-25 21:00:00
361,31,2026-01-01,2026-01-07,41.81,7.59,6.48,2.27,0,Medium,Stable,Low Mood,2026-01-07 21:00:00
362,31,2026-01-08,2026-01-14,51.19,7.68,6.52,2.98,0,Medium,Stable,Stable Routine,2026-01-14 21:00:00
363,31,2026-01-15,2026-01-21,49.57,7.35,6.82,1.69,0,Medium,Stable,Stable Routine,2026-01-21 21:00:00
364,31,2026-01-22,2026-01-28,50.19,7.24,7.04,2.44,0,Medium,Increasing,Stable Routine,2026-01-28 21:00:00
365,31,2026-01-29,2026-02-04,62.58,6.81,7.42,4.22,1,Medium,Increasing,Academic Pressure,2026-02-04 21:00:00
366,31,2026-02-05,2026-02-11,53.26,7.17,7.7,2.24,1,Medium,Stable,Academic Pressure,2026-02-11 21:00:00
367,31,2026-02-12,2026-02-18,50.83,7.44,7.75,2.33,0,Medium,Increasing,Low Mood,2026-02-18 21:00:00
368,31,2026-02-19,2026-02-25,54.14,6.71,6.86,2.37,0,Medium,Stable,Low Mood,2026-02-25 21:00:00
369,31,2026-02-26,2026-03-04,49.2,7.37,7.15,1.56,0,Medium,Decreasing,Low Mood,2026-03-04 21:00:00
370,31,2026-03-05,2026-03-11,45.37,7.57,6.28,2.45,0,Medium,Increasing,Stable Routine,2026-03-11 21:00:00
371,31,2026-03-12,2026-03-18,60.53,6.78,7.81,4.28,1,Medium,Increasing,Academic Pressure,2026-03-18 21:00:00
372,31,2026-03-19,2026-03-25,47.24,7.53,7.67,2.43,0,Medium,Stable,Academic Pressure,2026-03-25 21:00:00
373,32,2026-01-01,2026-01-07,52.47,7.72,5.82,5.63,0,Medium,Increasing,Academic Pressure,2026-01-07 21:00:00
374,32,2026-01-08,2026-01-14,57.41,7.57,6.08,5.4,0,Medium,Stable,Academic Pressure,2026-01-14 21:00:00
375,32,2026-01-15,2026-01-21,56.47,7.09,5.93,5.4,1,Medium,Decreasing,Academic Pressure,2026-01-21 21:00:00
376,32,2026-01-22,2026-01-28,55.3,7.55,5.97,4.8,0,Medium,Stable,Academic Pressure,2026-01-28 21:00:00
377,32,2026-01-29,2026-02-04,66.65,7.33,7.46,6.95,2,Medium,Stable,Academic Pressure,2026-02-04 21:00:00
378,32,2026-02-05,2026-02-11,59.16,7.67,6.22,5.81,1,Medium,Decreasing,Academic Pressure,2026-02-11 21:00:00
379,32,2026-02-12,2026-02-18,54.05,7.9,5.85,5.14,0,Medium,Stable,Academic Pressure,2026-02-18 21:00:00
380,32,2026-02-19,2026-02-25,52.33,7.66,5.93,5.67,0,Medium,Decreasing,Academic Pressure,2026-02-25 21:00:00
381,32,2026-02-26,2026-03-04,55.63,7.45,6.45,4.92,0,Medium,Stable,Academic Pressure,2026-03-04 21:00:00
382,32,2026-03-05,2026-03-11,56.07,8.0,6.02,5.04,0,Medium,Increasing,Academic Pressure,2026-03-11 21:00:00
383,32,2026-03-12,2026-03-18,71.54,6.86,6.79,6.93,6,High,Stable,Academic Pressure,2026-03-18 21:00:00
384,32,2026-03-19,2026-03-25,61.33,7.47,6.08,5.17,2,Medium,Stable,Academic Pressure,2026-03-25 21:00:00
385,33,2026-01-01,2026-01-07,53.7,5.38,6.74,3.09,0,Medium,Stable,Sleep Deficit,2026-01-07 21:00:00
386,33,2026-01-08,2026-01-14,53.08,5.64,7.39,3.63,0,Medium,Stable,Sleep Deficit,2026-01-14 21:00:00
387,33,2026-01-15,2026-01-21,51.37,5.29,6.61,3.52,0,Medium,Stable,Sleep Deficit,2026-01-21 21:00:00
388,33,2026-01-22,2026-01-28,56.89,5.36,7.76,3.7,0,Medium,Stable,Sleep Deficit,2026-01-28 21:00:00
389,33,2026-01-29,2026-02-04,67.51,5.04,9.21,5.04,4,High,Stable,High Fatigue,2026-02-04 21:00:00
390,33,2026-02-05,2026-02-11,59.71,5.53,7.43,4.25,2,Medium,Decreasing,Sleep Deficit,2026-02-11 21:00:00
391,33,2026-02-12,2026-02-18,56.34,5.18,7.48,3.34,0,Medium,Increasing,Low Mood,2026-02-18 21:00:00
392,33,2026-02-19,2026-02-25,54.65,5.51,7.96,3.85,0,Medium,Stable,Sleep Deficit,2026-02-25 21:00:00
393,33,2026-02-26,2026-03-04,58.07,5.1,7.12,3.92,2,Medium,Stable,Sleep Deficit,2026-03-04 21:00:00
394,33,2026-03-05,2026-03-11,53.16,5.31,6.91,3.89,0,Medium,Stable,Sleep Deficit,2026-03-11 21:00:00
395,33,2026-03-12,2026-03-18,66.8,5.1,8.1,5.19,4,High,Increasing,High Fatigue,2026-03-18 21:00:00
396,33,2026-03-19,2026-03-25,57.52,5.42,7.5,3.94,1,Medium,Increasing,High Fatigue,2026-03-25 21:00:00
397,34,2026-01-01,2026-01-07,48.56,6.75,5.57,3.56,0,Medium,Stable,Low Mood,2026-01-07 21:00:00
398,34,2026-01-08,2026-01-14,53.14,6.84,4.56,4.13,0,Medium,Stable,Low Mood,2026-01-14 21:00:00
399,34,2026-01-15,2026-01-21,51.12,6.97,4.95,4.39,0,Medium,Stable,Low Mood,2026-01-21 21:00:00
400,34,2026-01-22,2026-01-28,51.87,6.85,6.11,3.76,1,Medium,Increasing,Stable Routine,2026-01-28 21:00:00
401,34,2026-01-29,2026-02-04,62.62,6.54,6.77,5.97,2,Medium,Stable,Academic Pressure,2026-02-04 21:00:00
402,34,2026-02-05,2026-02-11,51.11,6.76,5.73,4.69,1,Medium,Decreasing,Academic Pressure,2026-02-11 21:00:00
403,34,2026-02-12,2026-02-18,49.54,6.65,5.4,4.16,0,Medium,Decreasing,Low Mood,2026-02-18 21:00:00
404,34,2026-02-19,2026-02-25,51.76,6.88,5.69,3.82,0,Medium,Stable,Stable Routine,2026-02-25 21:00:00
405,34,2026-02-26,2026-03-04,54.92,6.93,5.32,4.91,0,Medium,Decreasing,Low Mood,2026-03-04 21:00:00
406,34,2026-03-05,2026-03-11,54.32,6.85,5.63,4.07,0,Medium,Increasing,Academic Pressure,2026-03-11 21:00:00
407,34,2026-03-12,2026-03-18,65.97,6.28,5.96,5.57,3,Medium,Increasing,Academic Pressure,2026-03-18 21:00:00
408,34,2026-03-19,2026-03-25,53.12,7.47,5.45,4.27,0,Medium,Increasing,Academic Pressure,2026-03-25 21:00:00
409,35,2026-01-01,2026-01-07,52.93,6.35,7.61,3.35,0,Medium,Stable,Low Mood,2026-01-07 21:00:00
410,35,2026-01-08,2026-01-14,56.59,6.1,7.55,3.39,0,Medium,Stable,Low Mood,2026-01-14 21:00:00
411,35,2026-01-15,2026-01-21,56.62,6.28,8.01,2.88,0,Medium,Increasing,Academic Pressure,2026-01-21 21:00:00
412,35,2026-01-22,2026-01-28,50.86,6.49,7.92,3.01,0,Medium,Increasing,High Screen Time,2026-01-28 21:00:00
413,35,2026-01-29,2026-02-04,70.24,6.0,8.89,5.74,4,High,Stable,Academic Pressure,2026-02-04 21:00:00
414,35,2026-02-05,2026-02-11,52.79,6.24,8.14,2.99,1,Medium,Decreasing,Academic Pressure,2026-02-11 21:00:00
415,35,2026-02-12,2026-02-18,57.6,6.18,8.13,3.17,0,Medium,Stable,Low Mood,2026-02-18 21:00:00
416,35,2026-02-19,2026-02-25,57.3,6.23,8.28,3.38,0,Medium,Stable,Low Mood,2026-02-25 21:00:00
417,35,2026-02-26,2026-03-04,53.78,6.78,8.35,2.66,0,Medium,Decreasing,Low Mood,2026-03-04 21:00:00
418,35,2026-03-05,2026-03-11,55.4,6.62,8.09,2.91,1,Medium,Increasing,Low Mood,2026-03-11 21:00:00
419,35,2026-03-12,2026-03-18,67.23,5.48,8.77,4.82,3,Medium,Stable,Academic Pressure,2026-03-18 21:00:00
420,35,2026-03-19,2026-03-25,55.19,6.17,7.77,3.04,1,Medium,Decreasing,High Fatigue,2026-03-25 21:00:00
421,36,2026-01-01,2026-01-07,54.23,6.85,6.68,5.46,0,Medium,Stable,Academic Pressure,2026-01-07 21:00:00
422,36,2026-01-08,2026-01-14,50.53,7.08,6.13,5.63,0,Medium,Stable,Low Mood,2026-01-14 21:00:00
423,36,2026-01-15,2026-01-21,55.72,6.73,6.28,5.25,0,Medium,Stable,Academic Pressure,2026-01-21 21:00:00
424,36,2026-01-22,2026-01-28,54.37,6.59,6.72,5.21,1,Medium,Stable,Low Mood,2026-01-28 21:00:00
425,36,2026-01-29,2026-02-04,68.51,6.61,7.37,7.59,4,High,Increasing,Academic Pressure,2026-02-04 21:00:00
426,36,2026-02-05,2026-02-11,53.7,7.14,6.33,5.28,0,Medium,Stable,Academic Pressure,2026-02-11 21:00:00
427,36,2026-02-12,2026-02-18,54.84,7.3,6.52,5.07,0,Medium,Decreasing,Low Mood,2026-02-18 21:00:00
428,36,2026-02-19,2026-02-25,57.35,7.29,6.06,5.13,0,Medium,Decreasing,Academic Pressure,2026-02-25 21:00:00
429,36,2026-02-26,2026-03-04,50.54,6.78,6.19,5.03,0,Medium,Stable,Academic Pressure,2026-03-04 21:00:00
430,36,2026-03-05,2026-03-11,56.25,6.45,6.55,5.15,0,Medium,Stable,Academic Pressure,2026-03-11 21:00:00
431,36,2026-03-12,2026-03-18,69.9,6.13,7.3,6.85,3,Medium,Stable,Academic Pressure,2026-03-18 21:00:00
432,36,2026-03-19,2026-03-25,56.67,7.02,6.27,5.62,1,Medium,Stable,Low Mood,2026-03-25 21:00:00
433,37,2026-01-01,2026-01-07,52.7,8.04,7.0,3.68,0,Medium,Increasing,Academic Pressure,2026-01-07 21:00:00
434,37,2026-01-08,2026-01-14,56.23,7.53,6.71,3.47,0,Medium,Stable,Academic Pressure,2026-01-14 21:00:00
435,37,2026-01-15,2026-01-21,51.5,7.77,6.97,3.92,0,Medium,Stable,Low Mood,2026-01-21 21:00:00
436,37,2026-01-22,2026-01-28,51.28,7.58,6.8,4.04,0,Medium,Stable,Academic Pressure,2026-01-28 21:00:00
437,37,2026-01-29,2026-02-04,66.51,7.32,7.67,5.76,3,Medium,Increasing,Academic Pressure,2026-02-04 21:00:00
438,37,2026-02-05,2026-02-11,60.16,7.87,7.67,3.7,1,Medium,Stable,Academic Pressure,2026-02-11 21:00:00
439,37,2026-02-12,2026-02-18,56.34,7.77,6.93,4.03,1,Medium,Decreasing,Academic Pressure,2026-02-18 21:00:00
440,37,2026-02-19,2026-02-25,53.75,7.96,6.58,2.86,0,Medium,Stable,Academic Pressure,2026-02-25 21:00:00
441,37,2026-02-26,2026-03-04,54.01,7.64,5.97,3.36,0,Medium,Stable,Low Mood,2026-03-04 21:00:00
442,37,2026-03-05,2026-03-11,53.04,7.65,7.0,3.44,0,Medium,Stable,Academic Pressure,2026-03-11 21:00:00
443,37,2026-03-12,2026-03-18,65.95,7.55,7.96,5.34,0,Medium,Stable,Academic Pressure,2026-03-18 21:00:00
444,37,2026-03-19,2026-03-25,57.54,8.05,7.36,3.64,1,Medium,Increasing,Academic Pressure,2026-03-25 21:00:00
445,38,2026-01-01,2026-01-07,63.49,5.36,6.94,3.61,0,Medium,Stable,Sleep Deficit,2026-01-07 21:00:00
446,38,2026-01-08,2026-01-14,62.81,5.12,6.7,3.94,1,Medium,Stable,Sleep Deficit,2026-01-14 21:00:00
447,38,2026-01-15,2026-01-21,65.1,5.01,6.32,3.77,3,Medium,Stable,Sleep Deficit,2026-01-21 21:00:00
448,38,2026-01-22,2026-01-28,64.7,5.81,6.73,3.76,2,Medium,Stable,Academic Pressure,2026-01-28 21:00:00
449,38,2026-01-29,2026-02-04,75.84,4.96,7.59,5.58,7,High,Stable,Academic Pressure,2026-02-04 21:00:00
450,38,2026-02-05,2026-02-11,64.01,5.62,7.08,3.98,1,Medium,Decreasing,Academic Pressure,2026-02-11 21:00:00
451,38,2026-02-12,2026-02-18,63.01,5.58,6.47,4.37,1,Medium,Stable,Low Mood,2026-02-18 21:00:00
452,38,2026-02-19,2026-02-25,56.24,5.82,6.86,3.83,0,Medium,Stable,Academic Pressure,2026-02-25 21:00:00
453,38,2026-02-26,2026-03-04,62.28,5.38,6.54,3.94,0,Medium,Increasing,Sleep Deficit,2026-03-04 21:00:00
454,38,2026-03-05,2026-03-11,63.13,5.45,6.59,4.44,2,Medium,Decreasing,Academic Pressure,2026-03-11 21:00:00
455,38,2026-03-12,2026-03-18,77.15,4.9,7.97,5.69,7,High,Increasing,Academic Pressure,2026-03-18 21:00:00
456,38,2026-03-19,2026-03-25,65.82,5.44,6.64,3.77,3,Medium,Decreasing,Academic Pressure,2026-03-25 21:00:00
457,39,2026-01-01,2026-01-07,56.31,6.96,7.11,3.38,0,Medium,Increasing,Academic Pressure,2026-01-07 21:00:00
458,39,2026-01-08,2026-01-14,55.14,7.45,7.6,3.47,0,Medium,Increasing,Academic Pressure,2026-01-14 21:00:00
459,39,2026-01-15,2026-01-21,55.6,7.16,7.51,3.4,0,Medium,Stable,Academic Pressure,2026-01-21 21:00:00
460,39,2026-01-22,2026-01-28,53.94,7.34,7.4,3.98,0,Medium,Stable,Low Mood,2026-01-28 21:00:00
461,39,2026-01-29,2026-02-04,68.65,6.51,8.65,5.35,4,High,Stable,Academic Pressure,2026-02-04 21:00:00
462,39,2026-02-05,2026-02-11,54.95,7.21,7.76,3.37,1,Medium,Decreasing,Academic Pressure,2026-02-11 21:00:00
463,39,2026-02-12,2026-02-18,54.56,7.22,7.82,4.11,0,Medium,Stable,High Screen Time,2026-02-18 21:00:00
464,39,2026-02-19,2026-02-25,51.07,6.99,7.45,3.65,0,Medium,Increasing,Academic Pressure,2026-02-25 21:00:00
465,39,2026-02-26,2026-03-04,58.66,7.31,8.01,3.84,0,Medium,Stable,Academic Pressure,2026-03-04 21:00:00
466,39,2026-03-05,2026-03-11,56.04,6.77,7.98,3.37,0,Medium,Stable,Academic Pressure,2026-03-11 21:00:00
467,39,2026-03-12,2026-03-18,65.24,6.99,8.21,5.43,2,Medium,Increasing,Academic Pressure,2026-03-18 21:00:00
468,39,2026-03-19,2026-03-25,54.42,7.35,7.15,3.15,0,Medium,Decreasing,Academic Pressure,2026-03-25 21:00:00
469,40,2026-01-01,2026-01-07,55.74,6.12,4.61,3.12,0,Medium,Stable,Low Mood,2026-01-07 21:00:00
470,40,2026-01-08,2026-01-14,54.39,6.36,4.68,3.34,1,Medium,Stable,Low Mood,2026-01-14 21:00:00
471,40,2026-01-15,2026-01-21,52.62,6.37,4.67,2.83,0,Medium,Decreasing,Low Mood,2026-01-21 21:00:00
472,40,2026-01-22,2026-01-28,53.73,6.22,5.64,3.02,0,Medium,Stable,Low Mood,2026-01-28 21:00:00
473,40,2026-01-29,2026-02-04,67.12,6.11,5.06,5.36,4,High,Decreasing,Academic Pressure,2026-02-04 21:00:00
474,40,2026-02-05,2026-02-11,59.64,5.95,4.67,3.54,1,Medium,Decreasing,Low Mood,2026-02-11 21:00:00
475,40,2026-02-12,2026-02-18,53.12,5.4,4.45,2.99,0,Medium,Increasing,Sleep Deficit,2026-02-18 21:00:00
476,40,2026-02-19,2026-02-25,57.89,6.5,4.75,2.92,1,Medium,Increasing,Low Mood,2026-02-25 21:00:00
477,40,2026-02-26,2026-03-04,54.14,6.46,4.88,2.93,0,Medium,Stable,Low Mood,2026-03-04 21:00:00
478,40,2026-03-05,2026-03-11,53.97,6.68,4.68,2.88,0,Medium,Stable,Academic Pressure,2026-03-11 21:00:00
479,40,2026-03-12,2026-03-18,70.52,5.38,5.92,5.22,5,High,Stable,Academic Pressure,2026-03-18 21:00:00
480,40,2026-03-19,2026-03-25,57.57,6.24,5.65,3.5,0,Medium,Stable,Low Mood,2026-03-25 21:00:00
481,41,2026-01-01,2026-01-07,54.35,8.44,6.92,4.05,0,Medium,Decreasing,Academic Pressure,2026-01-07 21:00:00
482,41,2026-01-08,2026-01-14,54.65,7.6,6.34,3.75,0,Medium,Stable,Academic Pressure,2026-01-14 21:00:00
483,41,2026-01-15,2026-01-21,55.8,7.91,7.19,3.7,0,Medium,Stable,Academic Pressure,2026-01-21 21:00:00
484,41,2026-01-22,2026-01-28,59.81,7.75,6.5,3.75,1,Medium,Increasing,Academic Pressure,2026-01-28 21:00:00
485,41,2026-01-29,2026-02-04,62.36,7.38,7.53,5.65,2,Medium,Increasing,Academic Pressure,2026-02-04 21:00:00
486,41,2026-02-05,2026-02-11,58.36,7.87,6.92,3.92,1,Medium,Stable,Academic Pressure,2026-02-11 21:00:00
487,41,2026-02-12,2026-02-18,57.65,7.72,6.11,3.15,0,Medium,Decreasing,Low Mood,2026-02-18 21:00:00
488,41,2026-02-19,2026-02-25,53.15,7.84,6.65,3.23,1,Medium,Stable,Academic Pressure,2026-02-25 21:00:00
489,41,2026-02-26,2026-03-04,54.52,8.52,6.18,3.44,0,Medium,Decreasing,Academic Pressure,2026-03-04 21:00:00
490,41,2026-03-05,2026-03-11,56.42,7.99,6.74,3.44,1,Medium,Decreasing,Academic Pressure,2026-03-11 21:00:00
491,41,2026-03-12,2026-03-18,67.88,7.29,7.74,5.09,3,Medium,Stable,Academic Pressure,2026-03-18 21:00:00
492,41,2026-03-19,2026-03-25,54.88,7.76,7.02,3.2,0,Medium,Stable,Academic Pressure,2026-03-25 21:00:00
493,42,2026-01-01,2026-01-07,47.71,6.83,6.1,5.37,0,Medium,Increasing,Low Mood,2026-01-07 21:00:00
494,42,2026-01-08,2026-01-14,51.15,7.4,6.96,4.99,0,Medium,Decreasing,Low Mood,2026-01-14 21:00:00
495,42,2026-01-15,2026-01-21,51.65,7.3,6.47,6.05,0,Medium,Stable,Academic Pressure,2026-01-21 21:00:00
496,42,2026-01-22,2026-01-28,53.01,6.89,6.78,5.27,0,Medium,Increasing,Academic Pressure,2026-01-28 21:00:00
497,42,2026-01-29,2026-02-04,69.36,6.43,7.56,7.23,3,Medium,Stable,Academic Pressure,2026-02-04 21:00:00
498,42,2026-02-05,2026-02-11,53.35,6.96,6.51,6.0,1,Medium,Stable,Academic Pressure,2026-02-11 21:00:00
499,42,2026-02-12,2026-02-18,43.38,7.41,6.22,5.5,0,Medium,Decreasing,Low Mood,2026-02-18 21:00:00
500,42,2026-02-19,2026-02-25,54.6,7.45,6.75,5.28,0,Medium,Decreasing,Academic Pressure,2026-02-25 21:00:00
501,42,2026-02-26,2026-03-04,50.04,6.7,6.4,5.86,0,Medium,Increasing,Academic Pressure,2026-03-04 21:00:00
502,42,2026-03-05,2026-03-11,51.21,7.13,6.91,5.82,0,Medium,Stable,Stable Routine,2026-03-11 21:00:00
503,42,2026-03-12,2026-03-18,70.25,6.29,7.24,6.85,2,Medium,Decreasing,Academic Pressure,2026-03-18 21:00:00
504,42,2026-03-19,2026-03-25,53.13,7.2,7.43,5.87,0,Medium,Decreasing,Academic Pressure,2026-03-25 21:00:00
505,43,2026-01-01,2026-01-07,51.08,7.42,8.79,5.39,0,Medium,Stable,High Screen Time,2026-01-07 21:00:00
506,43,2026-01-08,2026-01-14,56.24,7.64,8.76,5.12,0,Medium,Decreasing,Academic Pressure,2026-01-14 21:00:00
507,43,2026-01-15,2026-01-21,54.13,7.62,8.9,5.38,0,Medium,Increasing,Academic Pressure,2026-01-21 21:00:00
508,43,2026-01-22,2026-01-28,53.36,7.61,8.74,5.02,0,Medium,Decreasing,High Screen Time,2026-01-28 21:00:00
509,43,2026-01-29,2026-02-04,67.38,7.01,9.88,6.76,3,Medium,Stable,Academic Pressure,2026-02-04 21:00:00
510,43,2026-02-05,2026-02-11,56.13,7.14,8.87,5.08,0,Medium,Stable,High Screen Time,2026-02-11 21:00:00
511,43,2026-02-12,2026-02-18,59.69,7.13,9.0,5.23,0,Medium,Increasing,Academic Pressure,2026-02-18 21:00:00
512,43,2026-02-19,2026-02-25,56.22,7.93,8.44,4.68,0,Medium,Stable,Academic Pressure,2026-02-25 21:00:00
513,43,2026-02-26,2026-03-04,55.92,7.41,8.23,5.4,0,Medium,Increasing,Low Mood,2026-03-04 21:00:00
514,43,2026-03-05,2026-03-11,54.26,7.25,8.31,5.02,0,Medium,Stable,High Screen Time,2026-03-11 21:00:00
515,43,2026-03-12,2026-03-18,68.31,7.27,9.13,7.95,3,Medium,Stable,Academic Pressure,2026-03-18 21:00:00
516,43,2026-03-19,2026-03-25,58.28,7.15,8.61,5.78,0,Medium,Stable,Academic Pressure,2026-03-25 21:00:00
517,44,2026-01-01,2026-01-07,53.84,6.98,4.76,5.47,0,Medium,Stable,Academic Pressure,2026-01-07 21:00:00
518,44,2026-01-08,2026-01-14,48.83,7.12,4.75,5.64,0,Medium,Stable,Academic Pressure,2026-01-14 21:00:00
519,44,2026-01-15,2026-01-21,54.77,7.17,5.06,6.06,0,Medium,Stable,Low Mood,2026-01-21 21:00:00
520,44,2026-01-22,2026-01-28,53.3,6.85,4.77,4.79,1,Medium,Stable,Academic Pressure,2026-01-28 21:00:00
521,44,2026-01-29,2026-02-04,69.83,6.17,5.64,6.95,4,High,Stable,Academic Pressure,2026-02-04 21:00:00
522,44,2026-02-05,2026-02-11,53.32,6.84,4.98,5.39,1,Medium,Stable,Academic Pressure,2026-02-11 21:00:00
523,44,2026-02-12,2026-02-18,52.75,6.82,4.36,5.45,0,Medium,Decreasing,Academic Pressure,2026-02-18 21:00:00
524,44,2026-02-19,2026-02-25,61.09,6.84,5.29,5.22,1,Medium,Stable,Academic Pressure,2026-02-25 21:00:00
525,44,2026-02-26,2026-03-04,58.29,6.95,4.77,5.56,1,Medium,Decreasing,Academic Pressure,2026-03-04 21:00:00
526,44,2026-03-05,2026-03-11,54.7,6.77,4.13,4.93,0,Medium,Increasing,Academic Pressure,2026-03-11 21:00:00
527,44,2026-03-12,2026-03-18,64.63,6.01,6.08,7.49,3,Medium,Increasing,Academic Pressure,2026-03-18 21:00:00
528,44,2026-03-19,2026-03-25,54.94,6.62,5.2,6.04,0,Medium,Stable,Academic Pressure,2026-03-25 21:00:00
529,45,2026-01-01,2026-01-07,50.73,7.72,4.27,6.1,0,Medium,Stable,Low Physical Activity,2026-01-07 21:00:00
530,45,2026-01-08,2026-01-14,47.38,7.79,5.01,5.16,0,Medium,Stable,Low Physical Activity,2026-01-14 21:00:00
531,45,2026-01-15,2026-01-21,50.19,7.61,5.2,5.34,0,Medium,Stable,Low Physical Activity,2026-01-21 21:00:00
532,45,2026-01-22,2026-01-28,51.24,7.51,4.42,5.85,0,Medium,Stable,Low Physical Activity,2026-01-28 21:00:00
533,45,2026-01-29,2026-02-04,64.1,6.86,5.48,8.01,0,Medium,Stable,Academic Pressure,2026-02-04 21:00:00
534,45,2026-02-05,2026-02-11,48.01,7.16,5.04,5.64,0,Medium,Decreasing,Low Mood,2026-02-11 21:00:00
535,45,2026-02-12,2026-02-18,45.45,7.18,4.77,5.67,0,Medium,Increasing,Low Physical Activity,2026-02-18 21:00:00
536,45,2026-02-19,2026-02-25,52.18,7.22,4.97,5.83,0,Medium,Stable,Low Physical Activity,2026-02-25 21:00:00
537,45,2026-02-26,2026-03-04,47.17,7.03,4.72,6.01,0,Medium,Stable,Low Mood,2026-03-04 21:00:00
538,45,2026-03-05,2026-03-11,53.58,7.3,4.3,5.67,0,Medium,Increasing,Academic Pressure,2026-03-11 21:00:00
539,45,2026-03-12,2026-03-18,63.88,6.22,5.65,7.04,2,Medium,Increasing,Academic Pressure,2026-03-18 21:00:00
540,45,2026-03-19,2026-03-25,58.12,6.52,4.74,6.27,1,Medium,Stable,Low Mood,2026-03-25 21:00:00
541,46,2026-01-01,2026-01-07,58.58,5.38,4.27,3.07,2,Medium,Increasing,Sleep Deficit,2026-01-07 21:00:00
542,46,2026-01-08,2026-01-14,52.35,5.77,4.19,2.53,0,Medium,Increasing,Low Mood,2026-01-14 21:00:00
543,46,2026-01-15,2026-01-21,59.05,5.34,4.45,3.15,0,Medium,Stable,Sleep Deficit,2026-01-21 21:00:00
544,46,2026-01-22,2026-01-28,52.2,5.21,4.96,2.95,0,Medium,Stable,Sleep Deficit,2026-01-28 21:00:00
545,46,2026-01-29,2026-02-04,66.81,5.14,4.99,4.43,1,Medium,Stable,Academic Pressure,2026-02-04 21:00:00
546,46,2026-02-05,2026-02-11,59.95,4.96,4.03,3.41,1,Medium,Stable,Sleep Deficit,2026-02-11 21:00:00
547,46,2026-02-12,2026-02-18,52.13,5.63,4.38,2.38,0,Medium,Decreasing,Sleep Deficit,2026-02-18 21:00:00
548,46,2026-02-19,2026-02-25,59.55,5.18,4.31,1.91,1,Medium,Decreasing,Sleep Deficit,2026-02-25 21:00:00
549,46,2026-02-26,2026-03-04,53.55,5.63,4.76,3.18,0,Medium,Stable,Sleep Deficit,2026-03-04 21:00:00
550,46,2026-03-05,2026-03-11,60.4,5.33,4.21,2.48,1,Medium,Stable,Sleep Deficit,2026-03-11 21:00:00
551,46,2026-03-12,2026-03-18,71.73,4.78,5.98,4.73,6,High,Stable,Academic Pressure,2026-03-18 21:00:00
552,46,2026-03-19,2026-03-25,57.94,5.65,4.61,2.98,1,Medium,Stable,Sleep Deficit,2026-03-25 21:00:00
553,47,2026-01-01,2026-01-07,48.06,7.22,6.79,4.42,0,Medium,Stable,Financial Worry,2026-01-07 21:00:00
554,47,2026-01-08,2026-01-14,50.07,7.21,6.82,4.98,0,Medium,Increasing,Financial Worry,2026-01-14 21:00:00
555,47,2026-01-15,2026-01-21,50.4,6.92,7.29,4.21,0,Medium,Stable,Low Mood,2026-01-21 21:00:00
556,47,2026-01-22,2026-01-28,48.77,6.91,6.47,4.48,0,Medium,Increasing,Low Mood,2026-01-28 21:00:00
557,47,2026-01-29,2026-02-04,63.37,7.07,7.92,6.16,2,Medium,Stable,Academic Pressure,2026-02-04 21:00:00
558,47,2026-02-05,2026-02-11,57.07,7.61,7.48,5.24,1,Medium,Decreasing,Low Mood,2026-02-11 21:00:00
559,47,2026-02-12,2026-02-18,52.56,6.81,7.66,4.4,0,Medium,Stable,Low Mood,2026-02-18 21:00:00
560,47,2026-02-19,2026-02-25,52.02,6.57,6.9,4.66,0,Medium,Decreasing,Financial Worry,2026-02-25 21:00:00
561,47,2026-02-26,2026-03-04,51.58,7.01,6.71,4.33,0,Medium,Increasing,Low Mood,2026-03-04 21:00:00
562,47,2026-03-05,2026-03-11,45.19,7.24,6.76,4.53,0,Medium,Stable,Low Mood,2026-03-11 21:00:00
563,47,2026-03-12,2026-03-18,68.51,6.32,8.25,6.05,4,High,Stable,Academic Pressure,2026-03-18 21:00:00
564,47,2026-03-19,2026-03-25,51.65,7.12,7.15,5.19,0,Medium,Decreasing,Low Mood,2026-03-25 21:00:00
565,48,2026-01-01,2026-01-07,59.41,7.68,7.1,4.62,1,Medium,Stable,Academic Pressure,2026-01-07 21:00:00
566,48,2026-01-08,2026-01-14,57.32,7.64,6.53,4.35,0,Medium,Stable,Academic Pressure,2026-01-14 21:00:00
567,48,2026-01-15,2026-01-21,57.62,7.84,6.54,4.21,0,Medium,Stable,Low Mood,2026-01-21 21:00:00
568,48,2026-01-22,2026-01-28,59.51,7.31,7.06,4.56,0,Medium,Stable,Academic Pressure,2026-01-28 21:00:00
569,48,2026-01-29,2026-02-04,65.84,7.11,7.4,6.52,2,Medium,Increasing,Academic Pressure,2026-02-04 21:00:00
570,48,2026-02-05,2026-02-11,63.61,7.2,7.39,3.89,1,Medium,Decreasing,Academic Pressure,2026-02-11 21:00:00
571,48,2026-02-12,2026-02-18,61.98,7.34,6.98,4.28,2,Medium,Increasing,Low Mood,2026-02-18 21:00:00
572,48,2026-02-19,2026-02-25,63.44,7.54,6.91,4.59,1,Medium,Stable,Academic Pressure,2026-02-25 21:00:00
573,48,2026-02-26,2026-03-04,59.09,7.97,7.12,4.5,0,Medium,Stable,Academic Pressure,2026-03-04 21:00:00
574,48,2026-03-05,2026-03-11,55.62,7.91,6.39,3.65,0,Medium,Stable,Academic Pressure,2026-03-11 21:00:00
575,48,2026-03-12,2026-03-18,73.22,6.6,7.27,6.55,4,High,Stable,Academic Pressure,2026-03-18 21:00:00
576,48,2026-03-19,2026-03-25,60.45,6.94,6.97,3.83,0,Medium,Stable,Academic Pressure,2026-03-25 21:00:00
577,49,2026-01-01,2026-01-07,60.83,6.2,8.85,1.91,1,Medium,Increasing,Low Mood,2026-01-07 21:00:00
578,49,2026-01-08,2026-01-14,59.63,5.59,8.65,1.95,1,Medium,Stable,Sleep Deficit,2026-01-14 21:00:00
579,49,2026-01-15,2026-01-21,55.63,5.89,8.96,1.45,0,Medium,Stable,Sleep Deficit,2026-01-21 21:00:00
580,49,2026-01-22,2026-01-28,60.98,6.06,9.15,2.5,0,Medium,Increasing,High Screen Time,2026-01-28 21:00:00
581,49,2026-01-29,2026-02-04,75.08,5.17,9.7,4.43,5,High,Stable,Academic Pressure,2026-02-04 21:00:00
582,49,2026-02-05,2026-02-11,58.07,6.19,9.05,1.53,2,Medium,Decreasing,High Fatigue,2026-02-11 21:00:00
583,49,2026-02-12,2026-02-18,61.62,5.86,8.83,2.17,0,Medium,Stable,Low Mood,2026-02-18 21:00:00
584,49,2026-02-19,2026-02-25,61.81,5.77,9.26,2.34,0,Medium,Stable,Low Mood,2026-02-25 21:00:00
585,49,2026-02-26,2026-03-04,61.13,6.12,8.81,2.08,1,Medium,Stable,Low Mood,2026-03-04 21:00:00
586,49,2026-03-05,2026-03-11,60.99,6.18,8.96,2.3,0,Medium,Stable,Low Mood,2026-03-11 21:00:00
587,49,2026-03-12,2026-03-18,76.15,5.8,10.08,4.35,6,High,Stable,Academic Pressure,2026-03-18 21:00:00
588,49,2026-03-19,2026-03-25,61.43,6.1,9.8,2.38,0,Medium,Decreasing,Low Mood,2026-03-25 21:00:00
589,50,2026-01-01,2026-01-07,46.17,6.05,5.99,5.4,0,Medium,Stable,Sleep Deficit,2026-01-07 21:00:00
590,50,2026-01-08,2026-01-14,47.37,6.2,5.35,6.09,0,Medium,Stable,Low Mood,2026-01-14 21:00:00
591,50,2026-01-15,2026-01-21,52.79,5.93,5.88,5.66,0,Medium,Increasing,Sleep Deficit,2026-01-21 21:00:00
592,50,2026-01-22,2026-01-28,47.15,6.55,5.9,6.47,0,Medium,Increasing,Sleep Deficit,2026-01-28 21:00:00
593,50,2026-01-29,2026-02-04,69.23,5.46,6.57,7.81,4,High,Stable,High Fatigue,2026-02-04 21:00:00
594,50,2026-02-05,2026-02-11,50.57,5.93,5.61,6.33,0,Medium,Decreasing,Sleep Deficit,2026-02-11 21:00:00
595,50,2026-02-12,2026-02-18,55.56,6.14,6.33,5.96,0,Medium,Stable,Low Mood,2026-02-18 21:00:00
596,50,2026-02-19,2026-02-25,50.53,6.41,6.13,5.83,0,Medium,Stable,Stable Routine,2026-02-25 21:00:00
597,50,2026-02-26,2026-03-04,51.6,6.15,5.59,5.45,0,Medium,Stable,Low Mood,2026-03-04 21:00:00
598,50,2026-03-05,2026-03-11,51.03,6.34,5.49,6.11,0,Medium,Stable,Sleep Deficit,2026-03-11 21:00:00
599,50,2026-03-12,2026-03-18,69.67,5.07,7.28,7.66,4,High,Increasing,Sleep Deficit,2026-03-18 21:00:00
600,50,2026-03-19,2026-03-25,52.42,5.99,5.64,6.31,0,Medium,Decreasing,High Fatigue,2026-03-25 21:00:00
601,51,2026-01-01,2026-01-07,59.87,6.34,8.11,3.25,1,Medium,Stable,Low Mood,2026-01-07 21:00:00
602,51,2026-01-08,2026-01-14,48.4,6.51,7.8,4.01,0,Medium,Stable,Low Physical Activity,2026-01-14 21:00:00
603,51,2026-01-15,2026-01-21,57.0,6.19,7.87,3.24,0,Medium,Increasing,Academic Pressure,2026-01-21 21:00:00
604,51,2026-01-22,2026-01-28,59.2,6.61,8.69,3.79,0,Medium,Stable,Low Mood,2026-01-28 21:00:00
605,51,2026-01-29,2026-02-04,71.48,5.95,9.02,4.78,4,High,Increasing,Academic Pressure,2026-02-04 21:00:00
606,51,2026-02-05,2026-02-11,57.39,6.14,7.98,3.91,2,Medium,Stable,Academic Pressure,2026-02-11 21:00:00
607,51,2026-02-12,2026-02-18,51.13,6.66,7.39,3.87,0,Medium,Decreasing,Low Mood,2026-02-18 21:00:00
608,51,2026-02-19,2026-02-25,57.49,6.51,8.32,3.51,0,Medium,Increasing,Academic Pressure,2026-02-25 21:00:00
609,51,2026-02-26,2026-03-04,63.93,6.06,8.29,3.66,2,Medium,Stable,Low Mood,2026-03-04 21:00:00
610,51,2026-03-05,2026-03-11,56.15,6.36,8.32,3.03,0,Medium,Stable,High Screen Time,2026-03-11 21:00:00
611,51,2026-03-12,2026-03-18,71.36,5.7,8.91,5.2,5,High,Stable,Academic Pressure,2026-03-18 21:00:00
612,51,2026-03-19,2026-03-25,60.3,6.57,8.18,3.41,2,Medium,Stable,Low Mood,2026-03-25 21:00:00
613,52,2026-01-01,2026-01-07,47.84,8.34,6.26,2.42,0,Medium,Increasing,Financial Worry,2026-01-07 21:00:00
614,52,2026-01-08,2026-01-14,43.93,7.43,5.92,2.24,0,Medium,Stable,Low Mood,2026-01-14 21:00:00
615,52,2026-01-15,2026-01-21,44.69,7.77,6.02,1.48,0,Medium,Stable,Financial Worry,2026-01-21 21:00:00
616,52,2026-01-22,2026-01-28,46.97,7.59,6.36,2.18,0,Medium,Stable,Low Mood,2026-01-28 21:00:00
617,52,2026-01-29,2026-02-04,62.48,7.35,6.59,4.29,0,Medium,Stable,Academic Pressure,2026-02-04 21:00:00
618,52,2026-02-05,2026-02-11,46.71,7.81,6.41,2.85,0,Medium,Decreasing,Low Mood,2026-02-11 21:00:00
619,52,2026-02-12,2026-02-18,49.76,7.57,6.47,2.8,0,Medium,Increasing,Financial Worry,2026-02-18 21:00:00
620,52,2026-02-19,2026-02-25,46.97,7.59,6.4,2.51,0,Medium,Stable,Stable Routine,2026-02-25 21:00:00
621,52,2026-02-26,2026-03-04,48.47,7.55,6.29,3.02,0,Medium,Stable,Low Mood,2026-03-04 21:00:00
622,52,2026-03-05,2026-03-11,45.06,7.9,6.28,2.09,0,Medium,Increasing,Stable Routine,2026-03-11 21:00:00
623,52,2026-03-12,2026-03-18,59.94,7.3,6.96,3.67,1,Medium,Stable,Low Mood,2026-03-18 21:00:00
624,52,2026-03-19,2026-03-25,45.1,7.55,5.78,2.9,0,Medium,Decreasing,Financial Worry,2026-03-25 21:00:00
625,53,2026-01-01,2026-01-07,46.96,6.92,7.69,3.31,0,Medium,Stable,Low Mood,2026-01-07 21:00:00
626,53,2026-01-08,2026-01-14,51.02,7.07,7.59,3.43,0,Medium,Stable,High Screen Time,2026-01-14 21:00:00
627,53,2026-01-15,2026-01-21,53.23,7.25,8.13,3.34,0,Medium,Stable,High Screen Time,2026-01-21 21:00:00
628,53,2026-01-22,2026-01-28,49.47,7.22,7.41,3.51,0,Medium,Decreasing,Stable Routine,2026-01-28 21:00:00
629,53,2026-01-29,2026-02-04,67.67,6.31,9.08,5.12,4,High,Stable,Academic Pressure,2026-02-04 21:00:00
630,53,2026-02-05,2026-02-11,52.78,6.72,7.81,3.86,1,Medium,Decreasing,Academic Pressure,2026-02-11 21:00:00
631,53,2026-02-12,2026-02-18,49.78,7.43,7.59,3.96,0,Medium,Stable,High Screen Time,2026-02-18 21:00:00
632,53,2026-02-19,2026-02-25,55.56,7.32,8.16,3.68,0,Medium,Increasing,Low Mood,2026-02-25 21:00:00
633,53,2026-02-26,2026-03-04,50.38,7.55,7.94,4.09,0,Medium,Stable,High Screen Time,2026-03-04 21:00:00
634,53,2026-03-05,2026-03-11,51.57,6.78,7.97,3.83,0,Medium,Stable,High Screen Time,2026-03-11 21:00:00
635,53,2026-03-12,2026-03-18,59.12,6.75,8.38,5.32,0,Medium,Stable,Academic Pressure,2026-03-18 21:00:00
636,53,2026-03-19,2026-03-25,47.19,7.15,7.2,3.46,0,Medium,Decreasing,Low Mood,2026-03-25 21:00:00
637,54,2026-01-01,2026-01-07,43.77,7.12,5.52,3.69,0,Medium,Decreasing,Stable Routine,2026-01-07 21:00:00
638,54,2026-01-08,2026-01-14,52.87,6.64,6.11,4.13,1,Medium,Stable,Academic Pressure,2026-01-14 21:00:00
639,54,2026-01-15,2026-01-21,47.05,6.81,5.7,3.69,0,Medium,Stable,Stable Routine,2026-01-21 21:00:00
640,54,2026-01-22,2026-01-28,51.96,6.75,5.66,3.52,0,Medium,Stable,Low Mood,2026-01-28 21:00:00
641,54,2026-01-29,2026-02-04,62.26,6.17,6.1,5.54,0,Medium,Stable,Academic Pressure,2026-02-04 21:00:00
642,54,2026-02-05,2026-02-11,50.09,6.72,6.1,3.91,0,Medium,Decreasing,Low Mood,2026-02-11 21:00:00
643,54,2026-02-12,2026-02-18,49.77,6.76,5.63,3.49,0,Medium,Increasing,Low Mood,2026-02-18 21:00:00
644,54,2026-02-19,2026-02-25,52.37,6.94,5.8,3.81,0,Medium,Stable,Low Mood,2026-02-25 21:00:00
645,54,2026-02-26,2026-03-04,44.64,7.25,5.84,3.36,0,Medium,Stable,Low Mood,2026-03-04 21:00:00
646,54,2026-03-05,2026-03-11,47.98,7.14,5.48,3.61,0,Medium,Stable,Low Mood,2026-03-11 21:00:00
647,54,2026-03-12,2026-03-18,65.93,5.95,6.67,5.38,3,Medium,Increasing,High Fatigue,2026-03-18 21:00:00
648,54,2026-03-19,2026-03-25,54.46,6.56,5.76,3.25,0,Medium,Stable,Low Mood,2026-03-25 21:00:00
649,55,2026-01-01,2026-01-07,48.51,7.48,10.43,4.59,0,Medium,Increasing,High Screen Time,2026-01-07 21:00:00
650,55,2026-01-08,2026-01-14,58.53,7.68,9.92,3.61,0,Medium,Increasing,High Screen Time,2026-01-14 21:00:00
651,55,2026-01-15,2026-01-21,51.3,8.09,9.37,4.42,0,Medium,Increasing,High Screen Time,2026-01-21 21:00:00
652,55,2026-01-22,2026-01-28,54.98,7.94,9.48,4.02,0,Medium,Stable,Low Mood,2026-01-28 21:00:00
653,55,2026-01-29,2026-02-04,67.87,7.33,10.91,5.96,2,Medium,Stable,Academic Pressure,2026-02-04 21:00:00
654,55,2026-02-05,2026-02-11,55.64,7.67,10.23,4.49,1,Medium,Stable,High Screen Time,2026-02-11 21:00:00
655,55,2026-02-12,2026-02-18,57.81,7.41,9.99,4.16,0,Medium,Stable,Low Mood,2026-02-18 21:00:00
656,55,2026-02-19,2026-02-25,50.79,7.51,10.33,3.94,0,Medium,Decreasing,High Screen Time,2026-02-25 21:00:00
657,55,2026-02-26,2026-03-04,55.04,7.76,10.31,3.71,0,Medium,Stable,Low Mood,2026-03-04 21:00:00
658,55,2026-03-05,2026-03-11,53.47,7.64,9.59,4.14,0,Medium,Stable,High Screen Time,2026-03-11 21:00:00
659,55,2026-03-12,2026-03-18,62.97,7.17,11.67,6.17,0,Medium,Stable,Academic Pressure,2026-03-18 21:00:00
660,55,2026-03-19,2026-03-25,58.12,7.34,10.09,4.51,0,Medium,Decreasing,High Screen Time,2026-03-25 21:00:00
661,56,2026-01-01,2026-01-07,51.4,7.25,7.79,4.05,0,Medium,Stable,Low Mood,2026-01-07 21:00:00
662,56,2026-01-08,2026-01-14,57.79,7.12,7.02,5.07,0,Medium,Stable,Low Mood,2026-01-14 21:00:00
663,56,2026-01-15,2026-01-21,57.13,6.76,6.42,4.42,1,Medium,Stable,Academic Pressure,2026-01-21 21:00:00
664,56,2026-01-22,2026-01-28,50.55,7.35,7.53,4.04,0,Medium,Increasing,Low Mood,2026-01-28 21:00:00
665,56,2026-01-29,2026-02-04,67.92,6.28,7.68,5.93,1,Medium,Stable,High Fatigue,2026-02-04 21:00:00
666,56,2026-02-05,2026-02-11,55.0,6.83,6.61,5.06,0,Medium,Decreasing,Academic Pressure,2026-02-11 21:00:00
667,56,2026-02-12,2026-02-18,48.78,7.27,6.96,4.37,0,Medium,Stable,Low Mood,2026-02-18 21:00:00
668,56,2026-02-19,2026-02-25,52.16,7.15,7.43,4.06,0,Medium,Increasing,High Screen Time,2026-02-25 21:00:00
669,56,2026-02-26,2026-03-04,54.96,7.21,6.45,5.1,0,Medium,Stable,Low Mood,2026-03-04 21:00:00
670,56,2026-03-05,2026-03-11,54.41,7.42,7.9,4.68,0,Medium,Stable,Low Mood,2026-03-11 21:00:00
671,56,2026-03-12,2026-03-18,67.46,6.85,8.74,6.05,3,Medium,Stable,Academic Pressure,2026-03-18 21:00:00
672,56,2026-03-19,2026-03-25,54.14,7.03,7.27,4.48,1,Medium,Decreasing,Academic Pressure,2026-03-25 21:00:00
673,57,2026-01-01,2026-01-07,48.38,8.06,8.35,4.08,0,Medium,Increasing,High Screen Time,2026-01-07 21:00:00
674,57,2026-01-08,2026-01-14,47.44,8.26,8.35,3.5,0,Medium,Decreasing,High Screen Time,2026-01-14 21:00:00
675,57,2026-01-15,2026-01-21,56.88,7.74,8.92,3.26,0,Medium,Stable,Low Mood,2026-01-21 21:00:00
676,57,2026-01-22,2026-01-28,51.31,7.89,8.81,3.69,0,Medium,Stable,High Screen Time,2026-01-28 21:00:00
677,57,2026-01-29,2026-02-04,64.83,7.46,9.37,5.24,1,Medium,Stable,Academic Pressure,2026-02-04 21:00:00
678,57,2026-02-05,2026-02-11,56.05,7.7,7.74,3.52,0,Medium,Stable,High Screen Time,2026-02-11 21:00:00
679,57,2026-02-12,2026-02-18,52.58,7.99,8.07,3.98,0,Medium,Decreasing,Academic Pressure,2026-02-18 21:00:00
680,57,2026-02-19,2026-02-25,48.74,7.56,7.44,4.05,0,Medium,Stable,Low Mood,2026-02-25 21:00:00
681,57,2026-02-26,2026-03-04,52.25,7.9,8.27,3.7,0,Medium,Stable,High Screen Time,2026-03-04 21:00:00
682,57,2026-03-05,2026-03-11,45.38,8.04,7.86,3.28,0,Medium,Decreasing,Stable Routine,2026-03-11 21:00:00
683,57,2026-03-12,2026-03-18,63.26,7.15,9.33,5.36,1,Medium,Increasing,Academic Pressure,2026-03-18 21:00:00
684,57,2026-03-19,2026-03-25,51.93,7.83,8.32,4.35,0,Medium,Decreasing,High Screen Time,2026-03-25 21:00:00
685,58,2026-01-01,2026-01-07,51.1,7.63,5.75,4.4,0,Medium,Stable,Low Mood,2026-01-07 21:00:00
686,58,2026-01-08,2026-01-14,49.23,7.03,6.04,4.6,0,Medium,Stable,Low Mood,2026-01-14 21:00:00
687,58,2026-01-15,2026-01-21,51.49,7.38,5.66,4.27,0,Medium,Increasing,Stable Routine,2026-01-21 21:00:00
688,58,2026-01-22,2026-01-28,49.62,7.31,6.23,4.85,0,Medium,Stable,Stable Routine,2026-01-28 21:00:00
689,58,2026-01-29,2026-02-04,60.96,6.67,7.1,6.69,0,Medium,Stable,Academic Pressure,2026-02-04 21:00:00
690,58,2026-02-05,2026-02-11,56.6,6.92,6.82,4.48,0,Medium,Increasing,Academic Pressure,2026-02-11 21:00:00
691,58,2026-02-12,2026-02-18,59.52,7.15,6.43,4.16,1,Medium,Increasing,Low Mood,2026-02-18 21:00:00
692,58,2026-02-19,2026-02-25,51.95,7.34,5.82,4.27,0,Medium,Stable,Low Mood,2026-02-25 21:00:00
693,58,2026-02-26,2026-03-04,55.17,6.84,6.55,4.58,0,Medium,Increasing,Stable Routine,2026-03-04 21:00:00
694,58,2026-03-05,2026-03-11,53.71,7.3,5.93,4.74,0,Medium,Decreasing,Academic Pressure,2026-03-11 21:00:00
695,58,2026-03-12,2026-03-18,61.52,6.89,7.01,5.61,2,Medium,Decreasing,High Fatigue,2026-03-18 21:00:00
696,58,2026-03-19,2026-03-25,52.48,6.98,6.54,4.97,0,Medium,Stable,Low Mood,2026-03-25 21:00:00
697,59,2026-01-01,2026-01-07,54.91,7.42,8.55,3.3,0,Medium,Stable,Low Mood,2026-01-07 21:00:00
698,59,2026-01-08,2026-01-14,53.12,7.4,8.35,2.72,0,Medium,Stable,High Screen Time,2026-01-14 21:00:00
699,59,2026-01-15,2026-01-21,52.29,7.45,8.19,2.71,0,Medium,Decreasing,High Screen Time,2026-01-21 21:00:00
700,59,2026-01-22,2026-01-28,55.65,6.83,8.24,2.9,0,Medium,Decreasing,Low Mood,2026-01-28 21:00:00
701,59,2026-01-29,2026-02-04,64.3,6.64,9.59,4.58,2,Medium,Stable,Academic Pressure,2026-02-04 21:00:00
702,59,2026-02-05,2026-02-11,57.84,6.69,7.98,3.24,0,Medium,Stable,Low Mood,2026-02-11 21:00:00
703,59,2026-02-12,2026-02-18,50.03,7.01,8.41,3.01,0,Medium,Stable,High Screen Time,2026-02-18 21:00:00
704,59,2026-02-19,2026-02-25,51.01,6.82,8.56,3.44,0,Medium,Stable,High Screen Time,2026-02-25 21:00:00
705,59,2026-02-26,2026-03-04,56.09,6.57,8.3,3.47,0,Medium,Stable,Low Mood,2026-03-04 21:00:00
706,59,2026-03-05,2026-03-11,55.46,6.77,8.94,3.37,0,Medium,Stable,High Screen Time,2026-03-11 21:00:00
707,59,2026-03-12,2026-03-18,65.81,6.57,9.75,5.7,2,Medium,Stable,High Fatigue,2026-03-18 21:00:00
708,59,2026-03-19,2026-03-25,52.06,7.04,9.15,3.67,0,Medium,Stable,High Screen Time,2026-03-25 21:00:00
709,60,2026-01-01,2026-01-07,60.67,6.02,8.12,3.89,2,Medium,Stable,Low Mood,2026-01-07 21:00:00
710,60,2026-01-08,2026-01-14,60.6,6.73,7.8,3.56,1,Medium,Decreasing,Academic Pressure,2026-01-14 21:00:00
711,60,2026-01-15,2026-01-21,62.09,6.19,8.14,3.57,2,Medium,Stable,Academic Pressure,2026-01-21 21:00:00
712,60,2026-01-22,2026-01-28,54.56,6.79,8.36,3.89,1,Medium,Stable,High Screen Time,2026-01-28 21:00:00
713,60,2026-01-29,2026-02-04,69.63,6.0,8.85,4.98,3,Medium,Increasing,Academic Pressure,2026-02-04 21:00:00
714,60,2026-02-05,2026-02-11,62.32,6.72,8.56,4.44,1,Medium,Decreasing,Academic Pressure,2026-02-11 21:00:00
715,60,2026-02-12,2026-02-18,61.81,6.15,7.96,3.66,2,Medium,Decreasing,Academic Pressure,2026-02-18 21:00:00
716,60,2026-02-19,2026-02-25,59.36,6.47,8.03,3.72,0,Medium,Stable,Academic Pressure,2026-02-25 21:00:00
717,60,2026-02-26,2026-03-04,57.06,6.56,8.22,4.62,1,Medium,Stable,Academic Pressure,2026-03-04 21:00:00
718,60,2026-03-05,2026-03-11,59.68,6.36,7.65,3.87,1,Medium,Stable,Low Mood,2026-03-11 21:00:00
719,60,2026-03-12,2026-03-18,71.33,5.63,8.87,5.69,5,High,Increasing,Academic Pressure,2026-03-18 21:00:00
720,60,2026-03-19,2026-03-25,62.34,6.3,7.89,4.22,1,Medium,Decreasing,Academic Pressure,2026-03-25 21:00:00
721,61,2026-01-01,2026-01-07,45.73,7.31,3.4,3.51,0,Medium,Stable,Academic Pressure,2026-01-07 21:00:00
722,61,2026-01-08,2026-01-14,50.01,7.3,4.16,3.33,1,Medium,Stable,Low Mood,2026-01-14 21:00:00
723,61,2026-01-15,2026-01-21,47.09,7.19,3.92,3.87,0,Medium,Stable,Academic Pressure,2026-01-21 21:00:00
724,61,2026-01-22,2026-01-28,48.72,7.44,3.79,3.15,0,Medium,Increasing,Financial Worry,2026-01-28 21:00:00
725,61,2026-01-29,2026-02-04,58.93,6.61,4.04,4.75,1,Medium,Stable,Academic Pressure,2026-02-04 21:00:00
726,61,2026-02-05,2026-02-11,46.51,7.23,3.43,3.86,0,Medium,Decreasing,Low Mood,2026-02-11 21:00:00
727,61,2026-02-12,2026-02-18,48.68,7.17,3.6,3.25,0,Medium,Stable,Low Mood,2026-02-18 21:00:00
728,61,2026-02-19,2026-02-25,50.32,6.54,3.69,3.12,0,Medium,Decreasing,Low Mood,2026-02-25 21:00:00
729,61,2026-02-26,2026-03-04,46.07,7.06,3.57,3.27,0,Medium,Increasing,Low Mood,2026-03-04 21:00:00
730,61,2026-03-05,2026-03-11,44.93,7.28,3.71,3.06,0,Medium,Stable,Stable Routine,2026-03-11 21:00:00
731,61,2026-03-12,2026-03-18,58.45,6.46,4.3,5.46,0,Medium,Stable,Academic Pressure,2026-03-18 21:00:00
732,61,2026-03-19,2026-03-25,56.86,7.08,3.86,4.16,0,Medium,Stable,Academic Pressure,2026-03-25 21:00:00
733,62,2026-01-01,2026-01-07,54.5,5.95,5.61,4.34,0,Medium,Decreasing,Academic Pressure,2026-01-07 21:00:00
734,62,2026-01-08,2026-01-14,52.03,6.31,5.59,3.69,0,Medium,Increasing,Low Mood,2026-01-14 21:00:00
735,62,2026-01-15,2026-01-21,59.08,5.7,5.05,4.16,0,Medium,Stable,Low Mood,2026-01-21 21:00:00
736,62,2026-01-22,2026-01-28,54.23,6.25,5.8,3.71,0,Medium,Stable,Low Mood,2026-01-28 21:00:00
737,62,2026-01-29,2026-02-04,69.64,5.62,7.23,5.87,4,High,Stable,Academic Pressure,2026-02-04 21:00:00
738,62,2026-02-05,2026-02-11,60.91,6.48,6.39,3.43,1,Medium,Stable,Low Mood,2026-02-11 21:00:00
739,62,2026-02-12,2026-02-18,57.01,6.09,5.83,4.2,0,Medium,Stable,Low Mood,2026-02-18 21:00:00
740,62,2026-02-19,2026-02-25,52.95,6.26,5.35,3.79,0,Medium,Stable,Low Mood,2026-02-25 21:00:00
741,62,2026-02-26,2026-03-04,59.28,5.47,6.09,3.69,0,Medium,Increasing,Academic Pressure,2026-03-04 21:00:00
742,62,2026-03-05,2026-03-11,54.06,6.2,5.84,3.93,0,Medium,Stable,Low Mood,2026-03-11 21:00:00
743,62,2026-03-12,2026-03-18,65.98,5.94,7.04,6.25,2,Medium,Stable,Academic Pressure,2026-03-18 21:00:00
744,62,2026-03-19,2026-03-25,59.05,5.97,5.75,3.95,1,Medium,Decreasing,Academic Pressure,2026-03-25 21:00:00
745,63,2026-01-01,2026-01-07,50.7,7.54,6.32,3.6,0,Medium,Decreasing,Low Mood,2026-01-07 21:00:00
746,63,2026-01-08,2026-01-14,50.44,7.34,7.05,3.51,0,Medium,Stable,Stable Routine,2026-01-14 21:00:00
747,63,2026-01-15,2026-01-21,49.29,7.63,6.8,3.15,0,Medium,Stable,Stable Routine,2026-01-21 21:00:00
748,63,2026-01-22,2026-01-28,55.52,7.77,6.89,3.23,0,Medium,Decreasing,Low Mood,2026-01-28 21:00:00
749,63,2026-01-29,2026-02-04,63.18,6.71,7.82,4.75,0,Medium,Stable,Low Mood,2026-02-04 21:00:00
750,63,2026-02-05,2026-02-11,55.3,7.49,7.06,4.08,1,Medium,Decreasing,Low Mood,2026-02-11 21:00:00
751,63,2026-02-12,2026-02-18,53.26,7.39,7.79,4.23,0,Medium,Stable,Low Mood,2026-02-18 21:00:00
752,63,2026-02-19,2026-02-25,51.52,7.5,6.79,3.28,0,Medium,Stable,Low Mood,2026-02-25 21:00:00
753,63,2026-02-26,2026-03-04,50.89,7.44,6.86,3.08,0,Medium,Stable,Financial Worry,2026-03-04 21:00:00
754,63,2026-03-05,2026-03-11,53.33,7.1,6.85,3.49,0,Medium,Stable,Low Mood,2026-03-11 21:00:00
755,63,2026-03-12,2026-03-18,63.84,6.7,7.74,5.11,2,Medium,Stable,Academic Pressure,2026-03-18 21:00:00
756,63,2026-03-19,2026-03-25,53.02,7.92,7.17,3.05,0,Medium,Stable,Financial Worry,2026-03-25 21:00:00
757,64,2026-01-01,2026-01-07,54.83,6.34,6.36,3.5,0,Medium,Increasing,Low Physical Activity,2026-01-07 21:00:00
758,64,2026-01-08,2026-01-14,57.72,5.83,5.99,3.89,0,Medium,Stable,Low Mood,2026-01-14 21:00:00
759,64,2026-01-15,2026-01-21,56.87,6.24,7.02,4.14,0,Medium,Decreasing,Low Mood,2026-01-21 21:00:00
760,64,2026-01-22,2026-01-28,57.86,6.06,5.93,3.96,1,Medium,Increasing,Academic Pressure,2026-01-28 21:00:00
761,64,2026-01-29,2026-02-04,73.23,5.56,8.25,6.2,6,High,Decreasing,Academic Pressure,2026-02-04 21:00:00
762,64,2026-02-05,2026-02-11,62.92,5.67,7.38,3.75,1,Medium,Stable,Sleep Deficit,2026-02-11 21:00:00
763,64,2026-02-12,2026-02-18,57.96,6.03,6.96,4.03,0,Medium,Stable,Low Mood,2026-02-18 21:00:00
764,64,2026-02-19,2026-02-25,53.85,6.08,6.17,4.25,0,Medium,Increasing,Sleep Deficit,2026-02-25 21:00:00
765,64,2026-02-26,2026-03-04,54.56,5.86,6.03,3.54,0,Medium,Stable,Academic Pressure,2026-03-04 21:00:00
766,64,2026-03-05,2026-03-11,61.48,5.96,7.27,3.31,1,Medium,Stable,Academic Pressure,2026-03-11 21:00:00
767,64,2026-03-12,2026-03-18,71.96,5.34,7.18,5.71,4,High,Stable,Academic Pressure,2026-03-18 21:00:00
768,64,2026-03-19,2026-03-25,61.08,6.4,6.76,4.09,1,Medium,Stable,Low Mood,2026-03-25 21:00:00
769,65,2026-01-01,2026-01-07,56.28,5.88,8.26,5.62,1,Medium,Stable,Low Mood,2026-01-07 21:00:00
770,65,2026-01-08,2026-01-14,55.91,5.95,7.2,5.07,1,Medium,Stable,Academic Pressure,2026-01-14 21:00:00
771,65,2026-01-15,2026-01-21,57.71,6.05,7.92,5.97,1,Medium,Increasing,Sleep Deficit,2026-01-21 21:00:00
772,65,2026-01-22,2026-01-28,60.72,5.57,7.81,4.7,0,Medium,Stable,Sleep Deficit,2026-01-28 21:00:00
773,65,2026-01-29,2026-02-04,64.36,6.0,8.17,6.7,0,Medium,Stable,Academic Pressure,2026-02-04 21:00:00
774,65,2026-02-05,2026-02-11,61.22,6.14,7.93,5.19,1,Medium,Stable,Academic Pressure,2026-02-11 21:00:00
775,65,2026-02-12,2026-02-18,56.88,5.95,7.57,5.06,1,Medium,Increasing,Sleep Deficit,2026-02-18 21:00:00
776,65,2026-02-19,2026-02-25,60.5,6.15,7.64,5.39,1,Medium,Stable,Low Mood,2026-02-25 21:00:00
777,65,2026-02-26,2026-03-04,59.86,5.78,7.76,5.2,1,Medium,Stable,Sleep Deficit,2026-03-04 21:00:00
778,65,2026-03-05,2026-03-11,58.38,5.97,7.64,5.29,0,Medium,Decreasing,Low Mood,2026-03-11 21:00:00
779,65,2026-03-12,2026-03-18,68.35,5.89,8.47,6.46,3,Medium,Stable,Academic Pressure,2026-03-18 21:00:00
780,65,2026-03-19,2026-03-25,58.94,6.33,8.2,5.58,1,Medium,Stable,Low Mood,2026-03-25 21:00:00
781,66,2026-01-01,2026-01-07,45.26,6.28,6.61,4.33,0,Medium,Stable,Stable Routine,2026-01-07 21:00:00
782,66,2026-01-08,2026-01-14,50.0,6.78,6.06,4.1,0,Medium,Stable,Low Mood,2026-01-14 21:00:00
783,66,2026-01-15,2026-01-21,44.61,7.14,6.36,4.67,0,Medium,Stable,Stable Routine,2026-01-21 21:00:00
784,66,2026-01-22,2026-01-28,43.7,6.72,6.02,4.28,0,Medium,Decreasing,Stable Routine,2026-01-28 21:00:00
785,66,2026-01-29,2026-02-04,63.98,5.73,7.15,6.06,1,Medium,Stable,Academic Pressure,2026-02-04 21:00:00
786,66,2026-02-05,2026-02-11,46.1,6.62,6.1,3.78,0,Medium,Stable,Stable Routine,2026-02-11 21:00:00
787,66,2026-02-12,2026-02-18,47.91,6.43,6.13,4.11,0,Medium,Stable,Low Mood,2026-02-18 21:00:00
788,66,2026-02-19,2026-02-25,50.73,6.11,6.29,4.63,0,Medium,Decreasing,Sleep Deficit,2026-02-25 21:00:00
789,66,2026-02-26,2026-03-04,51.61,6.87,6.21,4.25,0,Medium,Increasing,Low Mood,2026-03-04 21:00:00
790,66,2026-03-05,2026-03-11,46.96,6.85,6.72,4.72,0,Medium,Decreasing,Low Mood,2026-03-11 21:00:00
791,66,2026-03-12,2026-03-18,62.36,6.09,7.05,6.29,1,Medium,Stable,High Fatigue,2026-03-18 21:00:00
792,66,2026-03-19,2026-03-25,55.93,6.6,6.75,4.25,0,Medium,Decreasing,High Fatigue,2026-03-25 21:00:00
793,67,2026-01-01,2026-01-07,52.04,6.58,7.75,2.07,0,Medium,Stable,High Screen Time,2026-01-07 21:00:00
794,67,2026-01-08,2026-01-14,50.59,7.1,8.07,2.12,0,Medium,Stable,High Screen Time,2026-01-14 21:00:00
795,67,2026-01-15,2026-01-21,48.4,7.36,7.86,2.57,0,Medium,Increasing,Low Mood,2026-01-21 21:00:00
796,67,2026-01-22,2026-01-28,48.02,6.7,7.86,2.32,0,Medium,Stable,Low Mood,2026-01-28 21:00:00
797,67,2026-01-29,2026-02-04,65.55,6.11,8.75,3.42,3,Medium,Stable,High Fatigue,2026-02-04 21:00:00
798,67,2026-02-05,2026-02-11,54.22,6.32,7.67,2.33,0,Medium,Stable,High Screen Time,2026-02-11 21:00:00
799,67,2026-02-12,2026-02-18,50.31,6.66,7.46,2.32,0,Medium,Stable,Low Mood,2026-02-18 21:00:00
800,67,2026-02-19,2026-02-25,48.61,6.95,7.93,2.33,0,Medium,Increasing,Low Mood,2026-02-25 21:00:00
801,67,2026-02-26,2026-03-04,51.2,6.97,7.44,2.0,0,Medium,Decreasing,Stable Routine,2026-03-04 21:00:00
802,67,2026-03-05,2026-03-11,51.12,7.07,8.09,2.34,0,Medium,Stable,High Screen Time,2026-03-11 21:00:00
803,67,2026-03-12,2026-03-18,63.96,5.87,8.6,4.03,1,Medium,Increasing,High Fatigue,2026-03-18 21:00:00
804,67,2026-03-19,2026-03-25,53.01,6.91,8.57,2.13,0,Medium,Stable,Low Mood,2026-03-25 21:00:00
805,68,2026-01-01,2026-01-07,52.52,6.98,8.51,3.06,0,Medium,Decreasing,High Screen Time,2026-01-07 21:00:00
806,68,2026-01-08,2026-01-14,49.77,6.9,8.21,3.61,0,Medium,Increasing,High Screen Time,2026-01-14 21:00:00
807,68,2026-01-15,2026-01-21,55.15,6.92,7.45,4.01,0,Medium,Stable,Low Physical Activity,2026-01-21 21:00:00
808,68,2026-01-22,2026-01-28,45.27,7.62,8.21,3.3,0,Medium,Stable,High Screen Time,2026-01-28 21:00:00
809,68,2026-01-29,2026-02-04,67.73,7.03,9.31,5.75,3,Medium,Increasing,Academic Pressure,2026-02-04 21:00:00
810,68,2026-02-05,2026-02-11,56.08,7.03,8.61,4.28,1,Medium,Decreasing,Low Mood,2026-02-11 21:00:00
811,68,2026-02-12,2026-02-18,49.9,7.53,9.08,3.84,0,Medium,Stable,High Screen Time,2026-02-18 21:00:00
812,68,2026-02-19,2026-02-25,47.43,7.46,8.28,3.54,0,Medium,Decreasing,High Screen Time,2026-02-25 21:00:00
813,68,2026-02-26,2026-03-04,54.25,6.72,8.26,4.05,0,Medium,Stable,Low Mood,2026-03-04 21:00:00
814,68,2026-03-05,2026-03-11,53.05,7.67,9.15,4.4,0,Medium,Stable,High Screen Time,2026-03-11 21:00:00
815,68,2026-03-12,2026-03-18,60.98,6.9,9.38,5.76,0,Medium,Stable,High Fatigue,2026-03-18 21:00:00
816,68,2026-03-19,2026-03-25,47.57,7.15,8.52,4.93,0,Medium,Decreasing,High Screen Time,2026-03-25 21:00:00
817,69,2026-01-01,2026-01-07,58.36,6.15,6.66,5.38,1,Medium,Increasing,Low Mood,2026-01-07 21:00:00
818,69,2026-01-08,2026-01-14,57.66,6.33,7.04,5.16,1,Medium,Increasing,Academic Pressure,2026-01-14 21:00:00
819,69,2026-01-15,2026-01-21,59.82,6.62,7.09,4.91,0,Medium,Decreasing,Academic Pressure,2026-01-21 21:00:00
820,69,2026-01-22,2026-01-28,59.09,6.11,6.99,5.26,1,Medium,Decreasing,Low Mood,2026-01-28 21:00:00
821,69,2026-01-29,2026-02-04,70.38,5.51,7.74,6.55,4,High,Increasing,Academic Pressure,2026-02-04 21:00:00
822,69,2026-02-05,2026-02-11,61.31,5.98,6.7,6.02,1,Medium,Stable,Academic Pressure,2026-02-11 21:00:00
823,69,2026-02-12,2026-02-18,59.8,6.05,7.07,5.39,0,Medium,Increasing,Academic Pressure,2026-02-18 21:00:00
824,69,2026-02-19,2026-02-25,61.58,6.18,6.92,5.47,1,Medium,Stable,Academic Pressure,2026-02-25 21:00:00
825,69,2026-02-26,2026-03-04,53.44,6.55,6.94,6.04,0,Medium,Increasing,Low Mood,2026-03-04 21:00:00
826,69,2026-03-05,2026-03-11,55.12,6.7,6.84,5.51,0,Medium,Decreasing,Academic Pressure,2026-03-11 21:00:00
827,69,2026-03-12,2026-03-18,68.18,5.97,7.4,7.57,4,High,Increasing,Academic Pressure,2026-03-18 21:00:00
828,69,2026-03-19,2026-03-25,61.22,6.58,7.36,5.52,1,Medium,Decreasing,Academic Pressure,2026-03-25 21:00:00
829,70,2026-01-01,2026-01-07,49.65,6.35,6.1,4.01,0,Medium,Increasing,Low Mood,2026-01-07 21:00:00
830,70,2026-01-08,2026-01-14,51.1,6.42,6.71,3.91,0,Medium,Stable,Low Mood,2026-01-14 21:00:00
831,70,2026-01-15,2026-01-21,47.12,6.21,5.57,4.79,0,Medium,Stable,Stable Routine,2026-01-21 21:00:00
832,70,2026-01-22,2026-01-28,49.48,6.35,6.31,3.41,1,Medium,Decreasing,Stable Routine,2026-01-28 21:00:00
833,70,2026-01-29,2026-02-04,61.56,5.83,7.67,5.9,1,Medium,Increasing,Academic Pressure,2026-02-04 21:00:00
834,70,2026-02-05,2026-02-11,48.32,6.4,6.12,4.59,0,Medium,Stable,Sleep Deficit,2026-02-11 21:00:00
835,70,2026-02-12,2026-02-18,48.19,6.69,5.98,3.91,0,Medium,Stable,Low Mood,2026-02-18 21:00:00
836,70,2026-02-19,2026-02-25,48.13,6.34,6.54,3.53,0,Medium,Increasing,Stable Routine,2026-02-25 21:00:00
837,70,2026-02-26,2026-03-04,46.34,6.33,5.77,4.04,0,Medium,Stable,Low Mood,2026-03-04 21:00:00
838,70,2026-03-05,2026-03-11,46.35,6.82,6.24,4.7,0,Medium,Increasing,Stable Routine,2026-03-11 21:00:00
839,70,2026-03-12,2026-03-18,62.95,6.03,7.12,6.05,1,Medium,Stable,High Caffeine Intake,2026-03-18 21:00:00
840,70,2026-03-19,2026-03-25,50.03,6.68,6.67,4.0,0,Medium,Stable,High Caffeine Intake,2026-03-25 21:00:00
841,71,2026-01-01,2026-01-07,52.32,7.3,6.19,5.03,0,Medium,Stable,Low Mood,2026-01-07 21:00:00
842,71,2026-01-08,2026-01-14,52.67,6.86,6.0,4.86,0,Medium,Stable,Academic Pressure,2026-01-14 21:00:00
843,71,2026-01-15,2026-01-21,48.57,7.25,6.05,4.19,0,Medium,Decreasing,Stable Routine,2026-01-21 21:00:00
844,71,2026-01-22,2026-01-28,49.9,7.11,6.11,5.06,0,Medium,Stable,Stable Routine,2026-01-28 21:00:00
845,71,2026-01-29,2026-02-04,63.32,6.81,7.66,5.98,1,Medium,Stable,Academic Pressure,2026-02-04 21:00:00
846,71,2026-02-05,2026-02-11,49.47,7.31,6.5,5.69,1,Medium,Decreasing,Low Mood,2026-02-11 21:00:00
847,71,2026-02-12,2026-02-18,53.3,7.78,6.55,4.68,0,Medium,Stable,Academic Pressure,2026-02-18 21:00:00
848,71,2026-02-19,2026-02-25,56.73,7.37,6.71,4.87,1,Medium,Decreasing,Academic Pressure,2026-02-25 21:00:00
849,71,2026-02-26,2026-03-04,53.55,7.28,5.59,4.94,0,Medium,Stable,Academic Pressure,2026-03-04 21:00:00
850,71,2026-03-05,2026-03-11,51.53,7.06,5.5,5.07,0,Medium,Decreasing,Low Mood,2026-03-11 21:00:00
851,71,2026-03-12,2026-03-18,65.16,6.66,7.02,6.35,3,Medium,Stable,Academic Pressure,2026-03-18 21:00:00
852,71,2026-03-19,2026-03-25,51.15,7.33,5.13,3.97,0,Medium,Increasing,Low Mood,2026-03-25 21:00:00
853,72,2026-01-01,2026-01-07,54.43,6.96,7.21,4.85,0,Medium,Stable,Academic Pressure,2026-01-07 21:00:00
854,72,2026-01-08,2026-01-14,55.98,6.53,7.23,5.51,0,Medium,Increasing,Academic Pressure,2026-01-14 21:00:00
855,72,2026-01-15,2026-01-21,54.27,6.76,6.77,4.54,1,Medium,Stable,Academic Pressure,2026-01-21 21:00:00
856,72,2026-01-22,2026-01-28,54.63,6.68,6.74,5.32,0,Medium,Stable,Academic Pressure,2026-01-28 21:00:00
857,72,2026-01-29,2026-02-04,71.66,6.09,8.66,6.73,6,High,Stable,Academic Pressure,2026-02-04 21:00:00
858,72,2026-02-05,2026-02-11,59.14,6.89,6.87,5.08,0,Medium,Stable,Academic Pressure,2026-02-11 21:00:00
859,72,2026-02-12,2026-02-18,57.59,6.66,7.37,5.0,2,Medium,Stable,Low Mood,2026-02-18 21:00:00
860,72,2026-02-19,2026-02-25,51.42,7.07,6.99,4.61,0,Medium,Stable,Low Mood,2026-02-25 21:00:00
861,72,2026-02-26,2026-03-04,57.35,6.11,6.86,4.88,0,Medium,Increasing,Academic Pressure,2026-03-04 21:00:00
862,72,2026-03-05,2026-03-11,55.56,6.83,6.67,5.06,1,Medium,Stable,Low Mood,2026-03-11 21:00:00
863,72,2026-03-12,2026-03-18,70.18,5.73,8.36,6.74,3,Medium,Stable,Academic Pressure,2026-03-18 21:00:00
864,72,2026-03-19,2026-03-25,59.23,6.91,6.54,5.07,0,Medium,Stable,Academic Pressure,2026-03-25 21:00:00
865,73,2026-01-01,2026-01-07,55.42,7.81,7.55,3.34,0,Medium,Decreasing,Low Mood,2026-01-07 21:00:00
866,73,2026-01-08,2026-01-14,54.39,8.29,7.54,2.52,0,Medium,Decreasing,Low Mood,2026-01-14 21:00:00
867,73,2026-01-15,2026-01-21,54.46,8.44,7.8,2.15,0,Medium,Stable,Academic Pressure,2026-01-21 21:00:00
868,73,2026-01-22,2026-01-28,52.52,8.18,7.35,1.89,0,Medium,Increasing,Stable Routine,2026-01-28 21:00:00
869,73,2026-01-29,2026-02-04,62.0,7.41,7.78,4.23,0,Medium,Stable,Academic Pressure,2026-02-04 21:00:00
870,73,2026-02-05,2026-02-11,53.25,7.91,7.52,2.38,0,Medium,Decreasing,Academic Pressure,2026-02-11 21:00:00
871,73,2026-02-12,2026-02-18,49.45,7.73,7.29,2.36,0,Medium,Decreasing,High Caffeine Intake,2026-02-18 21:00:00
872,73,2026-02-19,2026-02-25,52.7,8.02,8.03,2.14,0,Medium,Stable,Low Mood,2026-02-25 21:00:00
873,73,2026-02-26,2026-03-04,54.5,7.68,7.73,2.11,0,Medium,Stable,Academic Pressure,2026-03-04 21:00:00
874,73,2026-03-05,2026-03-11,52.54,7.91,7.7,2.55,0,Medium,Stable,Low Mood,2026-03-11 21:00:00
875,73,2026-03-12,2026-03-18,60.54,7.3,7.8,3.82,1,Medium,Increasing,Academic Pressure,2026-03-18 21:00:00
876,73,2026-03-19,2026-03-25,56.98,8.04,7.76,2.82,0,Medium,Stable,High Screen Time,2026-03-25 21:00:00
877,74,2026-01-01,2026-01-07,50.66,6.35,5.85,4.65,0,Medium,Decreasing,Sleep Deficit,2026-01-07 21:00:00
878,74,2026-01-08,2026-01-14,49.01,6.4,6.65,4.67,0,Medium,Stable,Stable Routine,2026-01-14 21:00:00
879,74,2026-01-15,2026-01-21,50.5,6.36,6.03,5.79,0,Medium,Stable,Low Mood,2026-01-21 21:00:00
880,74,2026-01-22,2026-01-28,49.72,6.85,5.47,5.36,0,Medium,Increasing,Low Mood,2026-01-28 21:00:00
881,74,2026-01-29,2026-02-04,72.08,5.22,7.32,8.21,5,High,Stable,Academic Pressure,2026-02-04 21:00:00
882,74,2026-02-05,2026-02-11,57.33,6.43,6.29,5.04,0,Medium,Decreasing,Low Mood,2026-02-11 21:00:00
883,74,2026-02-12,2026-02-18,50.59,6.6,6.43,5.73,0,Medium,Stable,Low Mood,2026-02-18 21:00:00
884,74,2026-02-19,2026-02-25,49.77,6.38,6.14,6.25,0,Medium,Stable,Academic Pressure,2026-02-25 21:00:00
885,74,2026-02-26,2026-03-04,55.32,6.4,5.79,5.67,1,Medium,Stable,Low Mood,2026-03-04 21:00:00
886,74,2026-03-05,2026-03-11,54.74,6.72,6.22,5.85,0,Medium,Stable,Low Mood,2026-03-11 21:00:00
887,74,2026-03-12,2026-03-18,69.54,5.79,7.46,7.26,3,Medium,Increasing,Academic Pressure,2026-03-18 21:00:00
888,74,2026-03-19,2026-03-25,48.94,6.28,6.17,5.7,0,Medium,Stable,Low Mood,2026-03-25 21:00:00
889,75,2026-01-01,2026-01-07,64.33,7.23,8.17,2.32,2,Medium,Increasing,Low Mood,2026-01-07 21:00:00
890,75,2026-01-08,2026-01-14,62.93,7.01,7.92,2.23,2,Medium,Decreasing,Academic Pressure,2026-01-14 21:00:00
891,75,2026-01-15,2026-01-21,56.98,6.88,7.56,2.39,0,Medium,Stable,Academic Pressure,2026-01-21 21:00:00
892,75,2026-01-22,2026-01-28,60.06,6.58,8.49,2.46,0,Medium,Stable,Academic Pressure,2026-01-28 21:00:00
893,75,2026-01-29,2026-02-04,68.86,6.52,8.27,4.24,3,Medium,Increasing,Academic Pressure,2026-02-04 21:00:00
894,75,2026-02-05,2026-02-11,64.31,7.04,7.9,2.93,2,Medium,Decreasing,Academic Pressure,2026-02-11 21:00:00
895,75,2026-02-12,2026-02-18,57.68,6.82,8.19,1.8,1,Medium,Increasing,Low Mood,2026-02-18 21:00:00
896,75,2026-02-19,2026-02-25,57.77,7.17,7.72,2.21,0,Medium,Increasing,Academic Pressure,2026-02-25 21:00:00
897,75,2026-02-26,2026-03-04,59.96,6.96,7.39,2.72,0,Medium,Stable,Academic Pressure,2026-03-04 21:00:00
898,75,2026-03-05,2026-03-11,60.15,6.81,7.92,2.38,1,Medium,Stable,Academic Pressure,2026-03-11 21:00:00
899,75,2026-03-12,2026-03-18,71.24,7.06,9.29,3.75,4,High,Increasing,Academic Pressure,2026-03-18 21:00:00
900,75,2026-03-19,2026-03-25,61.69,6.89,7.61,2.57,2,Medium,Stable,Academic Pressure,2026-03-25 21:00:00
901,76,2026-01-01,2026-01-07,55.27,7.14,6.72,1.82,0,Medium,Stable,Academic Pressure,2026-01-07 21:00:00
902,76,2026-01-08,2026-01-14,54.0,7.08,6.06,1.46,0,Medium,Stable,Academic Pressure,2026-01-14 21:00:00
903,76,2026-01-15,2026-01-21,53.46,7.28,6.28,2.33,0,Medium,Decreasing,Academic Pressure,2026-01-21 21:00:00
904,76,2026-01-22,2026-01-28,54.09,7.01,6.51,2.33,0,Medium,Stable,Low Mood,2026-01-28 21:00:00
905,76,2026-01-29,2026-02-04,66.43,7.02,7.56,2.89,2,Medium,Stable,Academic Pressure,2026-02-04 21:00:00
906,76,2026-02-05,2026-02-11,54.96,7.38,7.2,1.79,0,Medium,Stable,Academic Pressure,2026-02-11 21:00:00
907,76,2026-02-12,2026-02-18,55.63,7.1,6.41,1.38,0,Medium,Stable,Academic Pressure,2026-02-18 21:00:00
908,76,2026-02-19,2026-02-25,53.09,6.92,7.27,1.7,0,Medium,Stable,Academic Pressure,2026-02-25 21:00:00
909,76,2026-02-26,2026-03-04,56.51,6.47,6.88,1.47,0,Medium,Stable,Low Physical Activity,2026-03-04 21:00:00
910,76,2026-03-05,2026-03-11,53.14,6.97,6.96,2.01,0,Medium,Stable,Low Mood,2026-03-11 21:00:00
911,76,2026-03-12,2026-03-18,65.08,6.53,7.24,3.27,2,Medium,Decreasing,Academic Pressure,2026-03-18 21:00:00
912,76,2026-03-19,2026-03-25,55.49,7.04,6.62,1.7,0,Medium,Stable,Academic Pressure,2026-03-25 21:00:00
913,77,2026-01-01,2026-01-07,51.38,6.24,8.38,3.4,0,Medium,Stable,High Screen Time,2026-01-07 21:00:00
914,77,2026-01-08,2026-01-14,51.9,6.5,8.19,3.25,0,Medium,Stable,High Screen Time,2026-01-14 21:00:00
915,77,2026-01-15,2026-01-21,53.25,6.43,8.11,3.04,0,Medium,Decreasing,High Fatigue,2026-01-21 21:00:00
916,77,2026-01-22,2026-01-28,49.8,6.69,7.65,3.57,0,Medium,Stable,Low Mood,2026-01-28 21:00:00
917,77,2026-01-29,2026-02-04,65.1,5.79,8.62,4.6,1,Medium,Stable,Academic Pressure,2026-02-04 21:00:00
918,77,2026-02-05,2026-02-11,50.12,6.47,8.42,3.79,0,Medium,Stable,High Screen Time,2026-02-11 21:00:00
919,77,2026-02-12,2026-02-18,54.69,6.18,7.86,2.63,0,Medium,Stable,Low Mood,2026-02-18 21:00:00
920,77,2026-02-19,2026-02-25,53.78,6.14,7.83,2.62,0,Medium,Stable,Low Mood,2026-02-25 21:00:00
921,77,2026-02-26,2026-03-04,50.98,6.39,8.16,3.46,0,Medium,Increasing,High Screen Time,2026-03-04 21:00:00
922,77,2026-03-05,2026-03-11,53.11,6.58,8.13,3.8,0,Medium,Stable,Low Mood,2026-03-11 21:00:00
923,77,2026-03-12,2026-03-18,67.79,6.0,9.03,4.99,3,Medium,Stable,Academic Pressure,2026-03-18 21:00:00
924,77,2026-03-19,2026-03-25,56.78,6.2,7.77,3.35,1,Medium,Decreasing,Low Mood,2026-03-25 21:00:00
925,78,2026-01-01,2026-01-07,58.98,6.57,6.44,5.12,0,Medium,Stable,Academic Pressure,2026-01-07 21:00:00
926,78,2026-01-08,2026-01-14,59.88,6.24,6.76,5.12,0,Medium,Decreasing,Academic Pressure,2026-01-14 21:00:00
927,78,2026-01-15,2026-01-21,60.57,5.87,6.75,5.24,1,Medium,Stable,Academic Pressure,2026-01-21 21:00:00
928,78,2026-01-22,2026-01-28,56.34,6.68,6.47,4.38,0,Medium,Increasing,Low Mood,2026-01-28 21:00:00
929,78,2026-01-29,2026-02-04,73.26,5.85,7.38,6.48,5,High,Increasing,Academic Pressure,2026-02-04 21:00:00
930,78,2026-02-05,2026-02-11,61.59,6.49,7.35,4.8,2,Medium,Decreasing,Academic Pressure,2026-02-11 21:00:00
931,78,2026-02-12,2026-02-18,60.61,6.21,6.67,4.82,2,Medium,Increasing,Academic Pressure,2026-02-18 21:00:00
932,78,2026-02-19,2026-02-25,66.48,6.15,6.78,4.89,1,Medium,Stable,Academic Pressure,2026-02-25 21:00:00
933,78,2026-02-26,2026-03-04,59.9,6.5,6.54,5.54,0,Medium,Decreasing,Academic Pressure,2026-03-04 21:00:00
934,78,2026-03-05,2026-03-11,63.97,5.76,6.83,4.87,1,Medium,Stable,Academic Pressure,2026-03-11 21:00:00
935,78,2026-03-12,2026-03-18,72.73,5.64,8.58,6.73,4,High,Increasing,Academic Pressure,2026-03-18 21:00:00
936,78,2026-03-19,2026-03-25,64.5,6.23,6.93,5.1,2,Medium,Stable,Academic Pressure,2026-03-25 21:00:00
937,79,2026-01-01,2026-01-07,54.8,6.77,5.11,3.89,0,Medium,Decreasing,Academic Pressure,2026-01-07 21:00:00
938,79,2026-01-08,2026-01-14,54.37,6.84,4.55,4.4,1,Medium,Stable,Academic Pressure,2026-01-14 21:00:00
939,79,2026-01-15,2026-01-21,53.76,6.58,5.3,3.75,0,Medium,Stable,Low Mood,2026-01-21 21:00:00
940,79,2026-01-22,2026-01-28,57.09,6.83,5.83,4.88,0,Medium,Stable,Academic Pressure,2026-01-28 21:00:00
941,79,2026-01-29,2026-02-04,66.04,6.07,6.32,6.34,3,Medium,Stable,Academic Pressure,2026-02-04 21:00:00
942,79,2026-02-05,2026-02-11,58.26,6.34,5.27,4.3,1,Medium,Stable,Academic Pressure,2026-02-11 21:00:00
943,79,2026-02-12,2026-02-18,51.62,6.68,5.26,4.13,0,Medium,Stable,Academic Pressure,2026-02-18 21:00:00
944,79,2026-02-19,2026-02-25,51.31,6.46,5.06,4.24,0,Medium,Stable,Academic Pressure,2026-02-25 21:00:00
945,79,2026-02-26,2026-03-04,50.4,6.68,5.28,4.66,1,Medium,Increasing,Academic Pressure,2026-03-04 21:00:00
946,79,2026-03-05,2026-03-11,52.92,6.82,5.33,4.58,0,Medium,Stable,Academic Pressure,2026-03-11 21:00:00
947,79,2026-03-12,2026-03-18,69.03,5.82,6.5,6.41,4,High,Decreasing,Academic Pressure,2026-03-18 21:00:00
948,79,2026-03-19,2026-03-25,56.73,6.53,5.43,4.6,1,Medium,Stable,Academic Pressure,2026-03-25 21:00:00
949,80,2026-01-01,2026-01-07,55.5,8.09,7.59,5.08,0,Medium,Stable,Academic Pressure,2026-01-07 21:00:00
950,80,2026-01-08,2026-01-14,59.19,7.39,7.94,4.71,0,Medium,Stable,Academic Pressure,2026-01-14 21:00:00
951,80,2026-01-15,2026-01-21,57.02,7.76,8.09,4.94,0,Medium,Stable,Low Mood,2026-01-21 21:00:00
952,80,2026-01-22,2026-01-28,58.36,7.25,7.32,4.77,0,Medium,Stable,Academic Pressure,2026-01-28 21:00:00
953,80,2026-01-29,2026-02-04,65.24,6.97,8.32,6.38,2,Medium,Increasing,Academic Pressure,2026-02-04 21:00:00
954,80,2026-02-05,2026-02-11,52.25,7.73,7.91,6.05,0,Medium,Stable,Academic Pressure,2026-02-11 21:00:00
955,80,2026-02-12,2026-02-18,56.51,7.61,7.85,4.41,0,Medium,Decreasing,Academic Pressure,2026-02-18 21:00:00
956,80,2026-02-19,2026-02-25,59.26,7.82,7.65,4.74,1,Medium,Stable,Academic Pressure,2026-02-25 21:00:00
957,80,2026-02-26,2026-03-04,54.15,7.24,7.05,5.12,0,Medium,Decreasing,Academic Pressure,2026-03-04 21:00:00
958,80,2026-03-05,2026-03-11,51.57,7.79,7.48,5.51,0,Medium,Stable,Academic Pressure,2026-03-11 21:00:00
959,80,2026-03-12,2026-03-18,67.15,6.68,9.21,6.81,3,Medium,Stable,Academic Pressure,2026-03-18 21:00:00
960,80,2026-03-19,2026-03-25,61.15,7.48,8.37,4.7,1,Medium,Decreasing,Academic Pressure,2026-03-25 21:00:00
961,81,2026-01-01,2026-01-07,57.1,7.63,8.19,2.87,0,Medium,Stable,Academic Pressure,2026-01-07 21:00:00
962,81,2026-01-08,2026-01-14,58.3,7.43,7.79,2.54,0,Medium,Stable,Academic Pressure,2026-01-14 21:00:00
963,81,2026-01-15,2026-01-21,56.44,7.87,8.69,2.64,0,Medium,Stable,Academic Pressure,2026-01-21 21:00:00
964,81,2026-01-22,2026-01-28,53.1,7.48,8.29,1.94,0,Medium,Increasing,Low Mood,2026-01-28 21:00:00
965,81,2026-01-29,2026-02-04,70.17,7.14,9.96,4.63,5,High,Stable,Academic Pressure,2026-02-04 21:00:00
966,81,2026-02-05,2026-02-11,58.88,7.5,8.5,2.87,1,Medium,Stable,Academic Pressure,2026-02-11 21:00:00
967,81,2026-02-12,2026-02-18,57.37,7.76,8.27,3.28,0,Medium,Stable,Academic Pressure,2026-02-18 21:00:00
968,81,2026-02-19,2026-02-25,55.15,7.38,8.16,2.78,0,Medium,Increasing,Academic Pressure,2026-02-25 21:00:00
969,81,2026-02-26,2026-03-04,55.79,7.72,7.8,2.59,0,Medium,Decreasing,Academic Pressure,2026-03-04 21:00:00
970,81,2026-03-05,2026-03-11,55.13,7.61,7.86,3.19,0,Medium,Stable,Academic Pressure,2026-03-11 21:00:00
971,81,2026-03-12,2026-03-18,67.13,6.98,9.34,4.29,3,Medium,Stable,Academic Pressure,2026-03-18 21:00:00
972,81,2026-03-19,2026-03-25,56.34,7.41,8.36,2.67,0,Medium,Decreasing,Academic Pressure,2026-03-25 21:00:00
973,82,2026-01-01,2026-01-07,52.38,8.22,7.13,3.52,0,Medium,Stable,Academic Pressure,2026-01-07 21:00:00
974,82,2026-01-08,2026-01-14,56.36,8.26,6.95,2.62,1,Medium,Stable,Academic Pressure,2026-01-14 21:00:00
975,82,2026-01-15,2026-01-21,54.06,8.87,6.83,2.71,0,Medium,Stable,Low Mood,2026-01-21 21:00:00
976,82,2026-01-22,2026-01-28,55.28,8.34,7.19,3.0,1,Medium,Increasing,Academic Pressure,2026-01-28 21:00:00
977,82,2026-01-29,2026-02-04,65.1,7.16,7.95,4.81,1,Medium,Stable,Academic Pressure,2026-02-04 21:00:00
978,82,2026-02-05,2026-02-11,58.81,7.96,7.78,2.92,1,Medium,Decreasing,Academic Pressure,2026-02-11 21:00:00
979,82,2026-02-12,2026-02-18,50.22,8.12,7.09,3.36,0,Medium,Stable,Academic Pressure,2026-02-18 21:00:00
980,82,2026-02-19,2026-02-25,52.42,7.74,7.29,3.61,1,Medium,Stable,Stable Routine,2026-02-25 21:00:00
981,82,2026-02-26,2026-03-04,53.91,7.83,6.72,2.78,0,Medium,Stable,Academic Pressure,2026-03-04 21:00:00
982,82,2026-03-05,2026-03-11,51.16,8.34,7.14,2.13,0,Medium,Stable,Academic Pressure,2026-03-11 21:00:00
983,82,2026-03-12,2026-03-18,66.36,7.43,7.56,5.47,3,Medium,Increasing,Academic Pressure,2026-03-18 21:00:00
984,82,2026-03-19,2026-03-25,58.42,8.14,7.31,3.23,1,Medium,Stable,Academic Pressure,2026-03-25 21:00:00
985,83,2026-01-01,2026-01-07,48.32,6.79,5.45,3.15,0,Medium,Stable,Stable Routine,2026-01-07 21:00:00
986,83,2026-01-08,2026-01-14,41.98,7.1,6.49,3.35,0,Medium,Increasing,Stable Routine,2026-01-14 21:00:00
987,83,2026-01-15,2026-01-21,44.79,7.13,5.44,2.67,0,Medium,Stable,Stable Routine,2026-01-21 21:00:00
988,83,2026-01-22,2026-01-28,48.8,6.29,5.57,3.96,0,Medium,Stable,Stable Routine,2026-01-28 21:00:00
989,83,2026-01-29,2026-02-04,58.06,6.58,6.74,4.97,0,Medium,Increasing,Academic Pressure,2026-02-04 21:00:00
990,83,2026-02-05,2026-02-11,54.7,7.01,6.0,2.54,0,Medium,Decreasing,Low Mood,2026-02-11 21:00:00
991,83,2026-02-12,2026-02-18,47.89,7.19,5.36,3.73,0,Medium,Stable,Low Mood,2026-02-18 21:00:00
992,83,2026-02-19,2026-02-25,42.82,7.18,4.98,3.33,0,Medium,Stable,Low Mood,2026-02-25 21:00:00
993,83,2026-02-26,2026-03-04,48.97,6.59,6.23,3.72,0,Medium,Stable,Stable Routine,2026-03-04 21:00:00
994,83,2026-03-05,2026-03-11,41.91,7.31,6.29,3.43,0,Medium,Stable,Stable Routine,2026-03-11 21:00:00
995,83,2026-03-12,2026-03-18,60.85,6.82,7.13,5.35,2,Medium,Stable,Academic Pressure,2026-03-18 21:00:00
996,83,2026-03-19,2026-03-25,50.68,7.0,6.58,3.77,0,Medium,Decreasing,Stable Routine,2026-03-25 21:00:00
997,84,2026-01-01,2026-01-07,52.83,6.61,6.51,3.94,0,Medium,Stable,Low Mood,2026-01-07 21:00:00
998,84,2026-01-08,2026-01-14,47.14,6.25,6.43,2.69,0,Medium,Increasing,Stable Routine,2026-01-14 21:00:00
999,84,2026-01-15,2026-01-21,50.35,6.27,6.39,3.16,0,Medium,Stable,Low Mood,2026-01-21 21:00:00
1000,84,2026-01-22,2026-01-28,47.39,6.45,5.63,3.7,0,Medium,Stable,Low Mood,2026-01-28 21:00:00
1001,84,2026-01-29,2026-02-04,57.91,6.03,7.23,5.53,0,Medium,Stable,Academic Pressure,2026-02-04 21:00:00
1002,84,2026-02-05,2026-02-11,53.95,6.51,6.78,3.53,0,Medium,Stable,Low Mood,2026-02-11 21:00:00
1003,84,2026-02-12,2026-02-18,48.18,6.69,6.04,3.39,0,Medium,Stable,Stable Routine,2026-02-18 21:00:00
1004,84,2026-02-19,2026-02-25,46.97,7.01,6.3,3.72,0,Medium,Decreasing,Low Mood,2026-02-25 21:00:00
1005,84,2026-02-26,2026-03-04,51.5,6.2,6.29,4.27,0,Medium,Stable,Sleep Deficit,2026-03-04 21:00:00
1006,84,2026-03-05,2026-03-11,48.49,6.62,6.59,3.9,0,Medium,Stable,Stable Routine,2026-03-11 21:00:00
1007,84,2026-03-12,2026-03-18,60.69,6.32,7.04,5.88,1,Medium,Increasing,Academic Pressure,2026-03-18 21:00:00
1008,84,2026-03-19,2026-03-25,49.32,6.66,7.05,4.3,0,Medium,Stable,Low Mood,2026-03-25 21:00:00
1009,85,2026-01-01,2026-01-07,50.64,8.26,5.72,3.52,0,Medium,Increasing,Low Mood,2026-01-07 21:00:00
1010,85,2026-01-08,2026-01-14,46.14,8.31,4.65,3.22,0,Medium,Stable,Stable Routine,2026-01-14 21:00:00
1011,85,2026-01-15,2026-01-21,45.06,8.19,4.81,2.94,0,Medium,Stable,Academic Pressure,2026-01-21 21:00:00
1012,85,2026-01-22,2026-01-28,52.83,8.3,4.47,2.95,0,Medium,Stable,Low Mood,2026-01-28 21:00:00
1013,85,2026-01-29,2026-02-04,56.43,7.44,5.86,5.48,0,Medium,Stable,Academic Pressure,2026-02-04 21:00:00
1014,85,2026-02-05,2026-02-11,50.44,8.42,4.44,3.24,0,Medium,Decreasing,Stable Routine,2026-02-11 21:00:00
1015,85,2026-02-12,2026-02-18,47.8,8.4,4.75,3.65,0,Medium,Stable,Low Mood,2026-02-18 21:00:00
1016,85,2026-02-19,2026-02-25,47.58,8.71,4.73,2.73,0,Medium,Stable,Low Mood,2026-02-25 21:00:00
1017,85,2026-02-26,2026-03-04,47.28,8.19,4.93,3.56,0,Medium,Stable,Low Mood,2026-03-04 21:00:00
1018,85,2026-03-05,2026-03-11,46.6,7.9,4.91,2.83,0,Medium,Stable,Stable Routine,2026-03-11 21:00:00
1019,85,2026-03-12,2026-03-18,55.42,7.87,6.59,5.32,0,Medium,Decreasing,Academic Pressure,2026-03-18 21:00:00
1020,85,2026-03-19,2026-03-25,53.32,8.23,4.65,3.69,0,Medium,Decreasing,Academic Pressure,2026-03-25 21:00:00
1021,86,2026-01-01,2026-01-07,55.24,7.39,6.91,4.93,0,Medium,Stable,Low Mood,2026-01-07 21:00:00
1022,86,2026-01-08,2026-01-14,48.94,7.78,6.12,3.88,0,Medium,Stable,Low Mood,2026-01-14 21:00:00
1023,86,2026-01-15,2026-01-21,51.44,7.86,6.35,4.34,0,Medium,Stable,Low Physical Activity,2026-01-21 21:00:00
1024,86,2026-01-22,2026-01-28,47.36,7.52,6.76,5.31,0,Medium,Decreasing,Low Mood,2026-01-28 21:00:00
1025,86,2026-01-29,2026-02-04,61.06,7.37,6.95,6.16,1,Medium,Stable,Academic Pressure,2026-02-04 21:00:00
1026,86,2026-02-05,2026-02-11,50.2,7.67,7.48,4.7,0,Medium,Decreasing,Academic Pressure,2026-02-11 21:00:00
1027,86,2026-02-12,2026-02-18,50.45,7.25,6.23,4.49,0,Medium,Decreasing,Low Mood,2026-02-18 21:00:00
1028,86,2026-02-19,2026-02-25,49.53,7.7,6.39,4.5,0,Medium,Increasing,Low Mood,2026-02-25 21:00:00
1029,86,2026-02-26,2026-03-04,51.0,7.48,6.22,5.09,0,Medium,Stable,Stable Routine,2026-03-04 21:00:00
1030,86,2026-03-05,2026-03-11,47.8,7.3,6.75,4.56,0,Medium,Stable,Low Mood,2026-03-11 21:00:00
1031,86,2026-03-12,2026-03-18,63.39,6.83,6.85,6.76,1,Medium,Increasing,Academic Pressure,2026-03-18 21:00:00
1032,86,2026-03-19,2026-03-25,52.59,7.56,7.03,4.91,1,Medium,Decreasing,Low Physical Activity,2026-03-25 21:00:00
1033,87,2026-01-01,2026-01-07,52.89,8.01,10.11,3.54,0,Medium,Stable,High Screen Time,2026-01-07 21:00:00
1034,87,2026-01-08,2026-01-14,53.79,7.97,9.19,4.9,0,Medium,Decreasing,High Screen Time,2026-01-14 21:00:00
1035,87,2026-01-15,2026-01-21,54.21,8.15,9.48,5.21,0,Medium,Increasing,Low Mood,2026-01-21 21:00:00
1036,87,2026-01-22,2026-01-28,55.48,7.84,9.35,4.75,0,Medium,Increasing,High Screen Time,2026-01-28 21:00:00
1037,87,2026-01-29,2026-02-04,68.5,7.49,10.52,6.65,4,High,Stable,Academic Pressure,2026-02-04 21:00:00
1038,87,2026-02-05,2026-02-11,56.86,8.18,10.18,4.74,1,Medium,Decreasing,High Screen Time,2026-02-11 21:00:00
1039,87,2026-02-12,2026-02-18,50.95,7.78,8.73,4.53,1,Medium,Increasing,High Screen Time,2026-02-18 21:00:00
1040,87,2026-02-19,2026-02-25,54.76,7.61,9.49,4.76,0,Medium,Stable,Low Mood,2026-02-25 21:00:00
1041,87,2026-02-26,2026-03-04,51.59,7.98,9.54,5.09,0,Medium,Stable,High Screen Time,2026-03-04 21:00:00
1042,87,2026-03-05,2026-03-11,60.83,7.95,9.25,4.81,1,Medium,Stable,High Screen Time,2026-03-11 21:00:00
1043,87,2026-03-12,2026-03-18,61.9,7.04,9.75,7.07,1,Medium,Stable,Academic Pressure,2026-03-18 21:00:00
1044,87,2026-03-19,2026-03-25,53.96,7.47,9.29,5.18,0,Medium,Increasing,High Screen Time,2026-03-25 21:00:00
1045,88,2026-01-01,2026-01-07,59.09,6.28,5.93,2.25,0,Medium,Decreasing,Low Mood,2026-01-07 21:00:00
1046,88,2026-01-08,2026-01-14,59.84,6.52,5.64,2.37,2,Medium,Stable,Academic Pressure,2026-01-14 21:00:00
1047,88,2026-01-15,2026-01-21,58.92,6.37,5.66,2.64,1,Medium,Increasing,Financial Worry,2026-01-21 21:00:00
1048,88,2026-01-22,2026-01-28,56.92,6.36,5.36,2.4,1,Medium,Decreasing,Academic Pressure,2026-01-28 21:00:00
1049,88,2026-01-29,2026-02-04,71.59,5.85,6.88,4.73,3,Medium,Increasing,Academic Pressure,2026-02-04 21:00:00
1050,88,2026-02-05,2026-02-11,59.82,6.45,5.98,2.65,1,Medium,Stable,Academic Pressure,2026-02-11 21:00:00
1051,88,2026-02-12,2026-02-18,57.01,5.98,5.82,1.38,0,Medium,Stable,Sleep Deficit,2026-02-18 21:00:00
1052,88,2026-02-19,2026-02-25,62.13,6.14,6.49,2.09,0,Medium,Stable,Low Mood,2026-02-25 21:00:00
1053,88,2026-02-26,2026-03-04,62.95,6.45,6.45,2.84,2,Medium,Increasing,Academic Pressure,2026-03-04 21:00:00
1054,88,2026-03-05,2026-03-11,54.62,6.7,6.17,2.39,0,Medium,Stable,Academic Pressure,2026-03-11 21:00:00
1055,88,2026-03-12,2026-03-18,74.97,5.83,7.32,4.65,6,High,Stable,Academic Pressure,2026-03-18 21:00:00
1056,88,2026-03-19,2026-03-25,60.24,6.14,5.96,2.67,1,Medium,Decreasing,Academic Pressure,2026-03-25 21:00:00
1057,89,2026-01-01,2026-01-07,56.02,6.29,5.99,3.96,0,Medium,Stable,Academic Pressure,2026-01-07 21:00:00
1058,89,2026-01-08,2026-01-14,61.28,6.21,5.6,3.58,1,Medium,Stable,Academic Pressure,2026-01-14 21:00:00
1059,89,2026-01-15,2026-01-21,62.36,5.59,5.92,3.62,1,Medium,Stable,Sleep Deficit,2026-01-21 21:00:00
1060,89,2026-01-22,2026-01-28,60.69,6.58,5.82,3.02,1,Medium,Increasing,Academic Pressure,2026-01-28 21:00:00
1061,89,2026-01-29,2026-02-04,70.64,5.34,6.19,5.53,4,High,Decreasing,Academic Pressure,2026-02-04 21:00:00
1062,89,2026-02-05,2026-02-11,65.19,5.76,6.21,3.77,2,Medium,Stable,Academic Pressure,2026-02-11 21:00:00
1063,89,2026-02-12,2026-02-18,61.32,5.57,5.62,3.28,0,Medium,Stable,Academic Pressure,2026-02-18 21:00:00
1064,89,2026-02-19,2026-02-25,53.73,6.27,6.06,3.73,0,Medium,Stable,Academic Pressure,2026-02-25 21:00:00
1065,89,2026-02-26,2026-03-04,60.94,5.87,6.22,2.56,2,Medium,Decreasing,Academic Pressure,2026-03-04 21:00:00
1066,89,2026-03-05,2026-03-11,58.27,6.05,5.85,3.27,1,Medium,Decreasing,Academic Pressure,2026-03-11 21:00:00
1067,89,2026-03-12,2026-03-18,71.81,5.43,6.28,5.59,4,High,Increasing,Academic Pressure,2026-03-18 21:00:00
1068,89,2026-03-19,2026-03-25,63.12,6.06,5.62,3.34,1,Medium,Stable,Academic Pressure,2026-03-25 21:00:00
1069,90,2026-01-01,2026-01-07,56.38,6.71,10.87,5.29,1,Medium,Stable,High Screen Time,2026-01-07 21:00:00
1070,90,2026-01-08,2026-01-14,56.28,6.45,10.88,4.62,0,Medium,Stable,Low Mood,2026-01-14 21:00:00
1071,90,2026-01-15,2026-01-21,53.92,6.36,11.65,5.42,0,Medium,Increasing,High Screen Time,2026-01-21 21:00:00
1072,90,2026-01-22,2026-01-28,58.14,6.62,10.81,5.49,1,Medium,Increasing,High Screen Time,2026-01-28 21:00:00
1073,90,2026-01-29,2026-02-04,74.95,6.09,11.56,6.85,6,High,Stable,Academic Pressure,2026-02-04 21:00:00
1074,90,2026-02-05,2026-02-11,57.31,6.87,10.23,4.64,0,Medium,Stable,Low Mood,2026-02-11 21:00:00
1075,90,2026-02-12,2026-02-18,52.8,6.39,10.34,5.04,0,Medium,Stable,High Screen Time,2026-02-18 21:00:00
1076,90,2026-02-19,2026-02-25,53.0,6.37,10.5,4.82,0,Medium,Stable,High Screen Time,2026-02-25 21:00:00
1077,90,2026-02-26,2026-03-04,55.99,6.64,10.23,5.32,0,Medium,Decreasing,High Screen Time,2026-03-04 21:00:00
1078,90,2026-03-05,2026-03-11,55.9,6.69,10.33,4.47,0,Medium,Stable,High Screen Time,2026-03-11 21:00:00
1079,90,2026-03-12,2026-03-18,70.16,5.75,11.72,6.66,3,Medium,Stable,Academic Pressure,2026-03-18 21:00:00
1080,90,2026-03-19,2026-03-25,60.04,6.62,11.15,5.5,1,Medium,Stable,Low Mood,2026-03-25 21:00:00
1081,91,2026-01-01,2026-01-07,49.84,7.78,7.39,4.63,0,Medium,Decreasing,Low Physical Activity,2026-01-07 21:00:00
1082,91,2026-01-08,2026-01-14,55.78,7.59,7.46,4.2,0,Medium,Increasing,Low Mood,2026-01-14 21:00:00
1083,91,2026-01-15,2026-01-21,59.94,7.22,7.75,4.43,0,Medium,Decreasing,Low Mood,2026-01-21 21:00:00
1084,91,2026-01-22,2026-01-28,53.97,7.49,7.78,4.17,1,Medium,Decreasing,Low Mood,2026-01-28 21:00:00
1085,91,2026-01-29,2026-02-04,67.05,6.94,7.55,5.0,2,Medium,Stable,Academic Pressure,2026-02-04 21:00:00
1086,91,2026-02-05,2026-02-11,59.04,7.41,7.94,4.55,1,Medium,Decreasing,Academic Pressure,2026-02-11 21:00:00
1087,91,2026-02-12,2026-02-18,52.36,7.32,7.61,4.42,0,Medium,Decreasing,Low Mood,2026-02-18 21:00:00
1088,91,2026-02-19,2026-02-25,53.75,7.35,7.26,4.2,0,Medium,Stable,Academic Pressure,2026-02-25 21:00:00
1089,91,2026-02-26,2026-03-04,52.03,7.72,7.16,3.77,0,Medium,Decreasing,Low Mood,2026-03-04 21:00:00
1090,91,2026-03-05,2026-03-11,52.22,6.99,7.71,4.28,0,Medium,Stable,Low Mood,2026-03-11 21:00:00
1091,91,2026-03-12,2026-03-18,64.88,6.82,8.25,4.93,1,Medium,Stable,Academic Pressure,2026-03-18 21:00:00
1092,91,2026-03-19,2026-03-25,54.54,7.31,7.68,3.78,0,Medium,Decreasing,Low Mood,2026-03-25 21:00:00
1093,92,2026-01-01,2026-01-07,51.67,6.85,5.96,4.33,0,Medium,Stable,Low Mood,2026-01-07 21:00:00
1094,92,2026-01-08,2026-01-14,51.28,6.78,6.13,4.19,0,Medium,Stable,Academic Pressure,2026-01-14 21:00:00
1095,92,2026-01-15,2026-01-21,52.7,6.95,5.93,4.45,0,Medium,Stable,Academic Pressure,2026-01-21 21:00:00
1096,92,2026-01-22,2026-01-28,54.33,7.25,6.55,4.35,2,Medium,Decreasing,Academic Pressure,2026-01-28 21:00:00
1097,92,2026-01-29,2026-02-04,67.39,6.29,7.44,5.86,3,Medium,Stable,Academic Pressure,2026-02-04 21:00:00
1098,92,2026-02-05,2026-02-11,56.6,6.66,5.8,4.69,0,Medium,Stable,Academic Pressure,2026-02-11 21:00:00
1099,92,2026-02-12,2026-02-18,49.57,6.91,6.24,3.95,0,Medium,Stable,Low Physical Activity,2026-02-18 21:00:00
1100,92,2026-02-19,2026-02-25,55.83,6.81,5.85,4.52,0,Medium,Stable,Low Mood,2026-02-25 21:00:00
1101,92,2026-02-26,2026-03-04,55.42,6.82,6.51,4.27,0,Medium,Decreasing,Low Mood,2026-03-04 21:00:00
1102,92,2026-03-05,2026-03-11,50.52,6.91,6.21,3.97,0,Medium,Stable,Stable Routine,2026-03-11 21:00:00
1103,92,2026-03-12,2026-03-18,64.95,6.53,7.09,5.41,2,Medium,Stable,Academic Pressure,2026-03-18 21:00:00
1104,92,2026-03-19,2026-03-25,49.33,7.31,6.3,4.41,0,Medium,Decreasing,Stable Routine,2026-03-25 21:00:00
1105,93,2026-01-01,2026-01-07,60.63,5.77,7.74,3.06,0,Medium,Decreasing,Sleep Deficit,2026-01-07 21:00:00
1106,93,2026-01-08,2026-01-14,57.18,5.26,7.62,3.12,0,Medium,Stable,Sleep Deficit,2026-01-14 21:00:00
1107,93,2026-01-15,2026-01-21,61.36,5.33,7.81,2.59,0,Medium,Stable,Sleep Deficit,2026-01-21 21:00:00
1108,93,2026-01-22,2026-01-28,53.93,6.06,7.33,2.6,0,Medium,Stable,Sleep Deficit,2026-01-28 21:00:00
1109,93,2026-01-29,2026-02-04,70.53,5.44,8.35,4.3,4,High,Stable,Academic Pressure,2026-02-04 21:00:00
1110,93,2026-02-05,2026-02-11,59.64,5.57,7.69,3.75,0,Medium,Decreasing,Academic Pressure,2026-02-11 21:00:00
1111,93,2026-02-12,2026-02-18,60.93,5.74,7.63,3.08,1,Medium,Decreasing,Sleep Deficit,2026-02-18 21:00:00
1112,93,2026-02-19,2026-02-25,53.89,5.98,7.63,2.58,0,Medium,Decreasing,Academic Pressure,2026-02-25 21:00:00
1113,93,2026-02-26,2026-03-04,56.64,5.73,7.77,2.79,0,Medium,Stable,Sleep Deficit,2026-03-04 21:00:00
1114,93,2026-03-05,2026-03-11,59.03,5.71,7.6,2.81,0,Medium,Stable,Academic Pressure,2026-03-11 21:00:00
1115,93,2026-03-12,2026-03-18,73.39,5.37,8.58,4.51,5,High,Increasing,Academic Pressure,2026-03-18 21:00:00
1116,93,2026-03-19,2026-03-25,63.38,5.99,8.2,4.02,2,Medium,Stable,Academic Pressure,2026-03-25 21:00:00
1117,94,2026-01-01,2026-01-07,48.98,6.87,6.41,4.91,0,Medium,Stable,Low Mood,2026-01-07 21:00:00
1118,94,2026-01-08,2026-01-14,47.65,6.81,6.67,4.4,0,Medium,Stable,Stable Routine,2026-01-14 21:00:00
1119,94,2026-01-15,2026-01-21,45.55,7.25,7.13,5.21,0,Medium,Stable,Low Mood,2026-01-21 21:00:00
1120,94,2026-01-22,2026-01-28,44.22,6.94,6.52,5.08,0,Medium,Stable,Low Mood,2026-01-28 21:00:00
1121,94,2026-01-29,2026-02-04,58.68,6.44,7.85,6.57,0,Medium,Decreasing,Academic Pressure,2026-02-04 21:00:00
1122,94,2026-02-05,2026-02-11,51.81,7.33,6.65,4.45,0,Medium,Decreasing,Low Mood,2026-02-11 21:00:00
1123,94,2026-02-12,2026-02-18,45.25,7.34,6.6,5.03,0,Medium,Stable,Low Mood,2026-02-18 21:00:00
1124,94,2026-02-19,2026-02-25,46.53,7.34,6.46,5.41,0,Medium,Stable,Low Mood,2026-02-25 21:00:00
1125,94,2026-02-26,2026-03-04,47.23,6.66,6.17,4.41,0,Medium,Increasing,Low Mood,2026-03-04 21:00:00
1126,94,2026-03-05,2026-03-11,48.94,6.8,6.56,4.72,0,Medium,Decreasing,Low Mood,2026-03-11 21:00:00
1127,94,2026-03-12,2026-03-18,61.19,6.68,7.99,6.53,2,Medium,Decreasing,Academic Pressure,2026-03-18 21:00:00
1128,94,2026-03-19,2026-03-25,45.48,6.61,6.28,4.64,0,Medium,Stable,Low Mood,2026-03-25 21:00:00
1129,95,2026-01-01,2026-01-07,53.63,6.9,6.91,6.53,0,Medium,Increasing,Academic Pressure,2026-01-07 21:00:00
1130,95,2026-01-08,2026-01-14,54.59,6.58,6.81,5.52,0,Medium,Stable,Financial Worry,2026-01-14 21:00:00
1131,95,2026-01-15,2026-01-21,56.34,6.89,7.03,6.43,0,Medium,Stable,Low Mood,2026-01-21 21:00:00
1132,95,2026-01-22,2026-01-28,50.77,6.84,6.83,6.27,0,Medium,Stable,Low Mood,2026-01-28 21:00:00
1133,95,2026-01-29,2026-02-04,70.23,6.44,8.0,7.44,5,High,Stable,Academic Pressure,2026-02-04 21:00:00
1134,95,2026-02-05,2026-02-11,57.01,6.71,7.73,6.55,1,Medium,Decreasing,Low Mood,2026-02-11 21:00:00
1135,95,2026-02-12,2026-02-18,52.46,7.3,7.15,6.4,0,Medium,Decreasing,Academic Pressure,2026-02-18 21:00:00
1136,95,2026-02-19,2026-02-25,54.8,6.82,7.93,5.88,0,Medium,Stable,Low Mood,2026-02-25 21:00:00
1137,95,2026-02-26,2026-03-04,55.44,6.75,7.49,6.38,0,Medium,Stable,Low Mood,2026-03-04 21:00:00
1138,95,2026-03-05,2026-03-11,54.89,7.4,7.2,6.61,0,Medium,Stable,Low Mood,2026-03-11 21:00:00
1139,95,2026-03-12,2026-03-18,72.04,6.05,7.72,8.39,6,High,Stable,Academic Pressure,2026-03-18 21:00:00
1140,95,2026-03-19,2026-03-25,57.01,6.4,7.09,6.46,1,Medium,Stable,Academic Pressure,2026-03-25 21:00:00
1141,96,2026-01-01,2026-01-07,51.55,6.88,8.79,5.12,0,Medium,Stable,High Screen Time,2026-01-07 21:00:00
1142,96,2026-01-08,2026-01-14,50.64,7.28,8.17,5.93,0,Medium,Stable,High Screen Time,2026-01-14 21:00:00
1143,96,2026-01-15,2026-01-21,51.52,7.15,8.17,6.1,0,Medium,Stable,Low Mood,2026-01-21 21:00:00
1144,96,2026-01-22,2026-01-28,55.99,7.17,7.97,6.24,1,Medium,Decreasing,Financial Worry,2026-01-28 21:00:00
1145,96,2026-01-29,2026-02-04,69.11,6.62,8.95,7.64,4,High,Stable,Academic Pressure,2026-02-04 21:00:00
1146,96,2026-02-05,2026-02-11,55.61,7.16,7.92,6.01,0,Medium,Decreasing,Low Mood,2026-02-11 21:00:00
1147,96,2026-02-12,2026-02-18,52.3,7.74,7.6,5.47,0,Medium,Stable,Low Mood,2026-02-18 21:00:00
1148,96,2026-02-19,2026-02-25,51.52,7.22,8.68,5.66,0,Medium,Stable,Low Mood,2026-02-25 21:00:00
1149,96,2026-02-26,2026-03-04,52.38,7.54,8.03,5.85,0,Medium,Stable,Low Physical Activity,2026-03-04 21:00:00
1150,96,2026-03-05,2026-03-11,53.12,7.2,7.66,5.01,0,Medium,Stable,Low Mood,2026-03-11 21:00:00
1151,96,2026-03-12,2026-03-18,66.05,6.46,9.0,6.6,2,Medium,Stable,Academic Pressure,2026-03-18 21:00:00
1152,96,2026-03-19,2026-03-25,51.99,7.34,8.34,6.17,0,Medium,Stable,High Screen Time,2026-03-25 21:00:00
1153,97,2026-01-01,2026-01-07,52.09,7.67,8.03,3.22,0,Medium,Stable,Low Mood,2026-01-07 21:00:00
1154,97,2026-01-08,2026-01-14,55.94,7.76,6.98,2.8,0,Medium,Stable,Low Mood,2026-01-14 21:00:00
1155,97,2026-01-15,2026-01-21,47.06,7.57,7.32,2.29,0,Medium,Stable,Stable Routine,2026-01-21 21:00:00
1156,97,2026-01-22,2026-01-28,54.0,7.42,8.09,2.94,0,Medium,Stable,Academic Pressure,2026-01-28 21:00:00
1157,97,2026-01-29,2026-02-04,62.66,7.07,8.64,5.17,2,Medium,Stable,Academic Pressure,2026-02-04 21:00:00
1158,97,2026-02-05,2026-02-11,52.58,7.9,9.18,2.95,0,Medium,Stable,Academic Pressure,2026-02-11 21:00:00
1159,97,2026-02-12,2026-02-18,57.84,7.64,7.13,2.69,0,Medium,Increasing,Low Mood,2026-02-18 21:00:00
1160,97,2026-02-19,2026-02-25,54.22,7.07,7.88,2.29,0,Medium,Decreasing,Academic Pressure,2026-02-25 21:00:00
1161,97,2026-02-26,2026-03-04,48.75,7.75,7.8,3.15,0,Medium,Stable,Stable Routine,2026-03-04 21:00:00
1162,97,2026-03-05,2026-03-11,53.28,7.0,7.66,2.76,0,Medium,Stable,Low Mood,2026-03-11 21:00:00
1163,97,2026-03-12,2026-03-18,64.64,6.63,8.31,3.89,2,Medium,Increasing,Academic Pressure,2026-03-18 21:00:00
1164,97,2026-03-19,2026-03-25,54.58,7.24,7.85,2.54,0,Medium,Stable,Academic Pressure,2026-03-25 21:00:00
1165,98,2026-01-01,2026-01-07,58.64,6.88,5.8,4.68,1,Medium,Stable,Academic Pressure,2026-01-07 21:00:00
1166,98,2026-01-08,2026-01-14,55.66,6.93,7.13,4.07,0,Medium,Stable,Academic Pressure,2026-01-14 21:00:00
1167,98,2026-01-15,2026-01-21,53.08,6.77,6.17,4.86,0,Medium,Increasing,Stable Routine,2026-01-21 21:00:00
1168,98,2026-01-22,2026-01-28,59.88,6.35,6.19,3.87,0,Medium,Decreasing,Academic Pressure,2026-01-28 21:00:00
1169,98,2026-01-29,2026-02-04,70.25,5.85,6.66,5.68,4,High,Stable,Academic Pressure,2026-02-04 21:00:00
1170,98,2026-02-05,2026-02-11,57.93,7.11,6.09,4.11,1,Medium,Stable,Academic Pressure,2026-02-11 21:00:00
1171,98,2026-02-12,2026-02-18,56.28,6.58,5.96,4.55,0,Medium,Increasing,Low Mood,2026-02-18 21:00:00
1172,98,2026-02-19,2026-02-25,55.88,6.47,6.28,3.7,1,Medium,Stable,Low Mood,2026-02-25 21:00:00
1173,98,2026-02-26,2026-03-04,56.76,6.47,6.11,4.17,1,Medium,Increasing,Academic Pressure,2026-03-04 21:00:00
1174,98,2026-03-05,2026-03-11,51.44,6.99,5.69,4.05,0,Medium,Decreasing,Academic Pressure,2026-03-11 21:00:00
1175,98,2026-03-12,2026-03-18,70.51,6.1,7.29,5.97,3,Medium,Stable,Academic Pressure,2026-03-18 21:00:00
1176,98,2026-03-19,2026-03-25,58.85,6.81,6.07,3.77,1,Medium,Decreasing,Low Mood,2026-03-25 21:00:00
1177,99,2026-01-01,2026-01-07,49.37,6.58,7.98,2.98,0,Medium,Increasing,Low Mood,2026-01-07 21:00:00
1178,99,2026-01-08,2026-01-14,53.84,6.43,7.88,3.0,0,Medium,Stable,Low Mood,2026-01-14 21:00:00
1179,99,2026-01-15,2026-01-21,54.46,6.41,7.68,2.53,0,Medium,Stable,Sleep Deficit,2026-01-21 21:00:00
1180,99,2026-01-22,2026-01-28,52.97,6.93,7.03,2.2,0,Medium,Stable,Academic Pressure,2026-01-28 21:00:00
1181,99,2026-01-29,2026-02-04,63.61,6.43,8.62,4.08,1,Medium,Stable,Academic Pressure,2026-02-04 21:00:00
1182,99,2026-02-05,2026-02-11,53.49,6.42,7.76,2.97,0,Medium,Decreasing,Low Mood,2026-02-11 21:00:00
1183,99,2026-02-12,2026-02-18,50.12,6.82,7.34,2.72,0,Medium,Increasing,Stable Routine,2026-02-18 21:00:00
1184,99,2026-02-19,2026-02-25,57.24,6.23,7.63,2.8,0,Medium,Stable,Low Mood,2026-02-25 21:00:00
1185,99,2026-02-26,2026-03-04,50.85,6.9,8.5,2.7,0,Medium,Stable,High Screen Time,2026-03-04 21:00:00
1186,99,2026-03-05,2026-03-11,55.82,6.64,7.71,2.98,0,Medium,Stable,Low Mood,2026-03-11 21:00:00
1187,99,2026-03-12,2026-03-18,67.02,6.29,8.57,4.54,2,Medium,Stable,High Fatigue,2026-03-18 21:00:00
1188,99,2026-03-19,2026-03-25,51.95,6.63,8.35,3.36,0,Medium,Stable,High Screen Time,2026-03-25 21:00:00
1189,100,2026-01-01,2026-01-07,61.94,6.68,8.32,3.37,0,Medium,Stable,Low Mood,2026-01-07 21:00:00
1190,100,2026-01-08,2026-01-14,59.59,7.09,8.63,3.78,1,Medium,Stable,Academic Pressure,2026-01-14 21:00:00
1191,100,2026-01-15,2026-01-21,56.51,7.01,8.89,3.25,0,Medium,Stable,Academic Pressure,2026-01-21 21:00:00
1192,100,2026-01-22,2026-01-28,56.98,7.18,8.71,3.47,0,Medium,Stable,Low Mood,2026-01-28 21:00:00
1193,100,2026-01-29,2026-02-04,71.12,6.24,9.96,4.81,3,Medium,Increasing,Academic Pressure,2026-02-04 21:00:00
1194,100,2026-02-05,2026-02-11,63.63,6.96,8.69,3.98,2,Medium,Stable,Academic Pressure,2026-02-11 21:00:00
1195,100,2026-02-12,2026-02-18,54.65,7.31,8.75,3.81,0,Medium,Increasing,Academic Pressure,2026-02-18 21:00:00
1196,100,2026-02-19,2026-02-25,57.51,6.75,7.81,2.85,0,Medium,Stable,Academic Pressure,2026-02-25 21:00:00
1197,100,2026-02-26,2026-03-04,60.0,6.71,8.47,3.03,0,Medium,Stable,Low Mood,2026-03-04 21:00:00
1198,100,2026-03-05,2026-03-11,57.04,6.77,8.48,3.13,0,Medium,Decreasing,Academic Pressure,2026-03-11 21:00:00
1199,100,2026-03-12,2026-03-18,70.3,6.43,9.95,5.49,3,Medium,Stable,Academic Pressure,2026-03-18 21:00:00
1200,100,2026-03-19,2026-03-25,57.61,7.04,8.5,3.9,1,Medium,Decreasing,Academic Pressure,2026-03-25 21:00:00
1201,101,2026-01-01,2026-01-07,52.99,7.33,6.51,2.0,0,Medium,Stable,Low Mood,2026-01-07 21:00:00
1202,101,2026-01-08,2026-01-14,55.17,6.9,6.61,2.19,0,Medium,Decreasing,Academic Pressure,2026-01-14 21:00:00
1203,101,2026-01-15,2026-01-21,48.29,7.07,6.29,1.91,0,Medium,Increasing,Low Mood,2026-01-21 21:00:00
1204,101,2026-01-22,2026-01-28,50.66,7.3,6.82,2.02,0,Medium,Decreasing,Stable Routine,2026-01-28 21:00:00
1205,101,2026-01-29,2026-02-04,71.85,6.67,7.72,3.37,3,Medium,Increasing,Academic Pressure,2026-02-04 21:00:00
1206,101,2026-02-05,2026-02-11,56.69,7.19,7.72,2.3,1,Medium,Decreasing,Low Mood,2026-02-11 21:00:00
1207,101,2026-02-12,2026-02-18,49.55,7.71,6.0,2.01,0,Medium,Stable,Stable Routine,2026-02-18 21:00:00
1208,101,2026-02-19,2026-02-25,52.59,7.36,6.47,2.0,0,Medium,Stable,Financial Worry,2026-02-25 21:00:00
1209,101,2026-02-26,2026-03-04,52.35,7.3,6.97,2.53,0,Medium,Stable,Low Mood,2026-03-04 21:00:00
1210,101,2026-03-05,2026-03-11,52.25,7.03,6.53,2.13,0,Medium,Increasing,Stable Routine,2026-03-11 21:00:00
1211,101,2026-03-12,2026-03-18,65.11,6.67,8.1,4.05,1,Medium,Stable,Academic Pressure,2026-03-18 21:00:00
1212,101,2026-03-19,2026-03-25,55.95,7.34,7.27,2.31,1,Medium,Decreasing,Financial Worry,2026-03-25 21:00:00
1213,102,2026-01-01,2026-01-07,57.07,6.5,7.54,4.99,0,Medium,Stable,Low Mood,2026-01-07 21:00:00
1214,102,2026-01-08,2026-01-14,55.23,6.64,8.1,4.35,0,Medium,Stable,Low Mood,2026-01-14 21:00:00
1215,102,2026-01-15,2026-01-21,63.85,6.2,8.18,4.96,1,Medium,Increasing,Low Mood,2026-01-21 21:00:00
1216,102,2026-01-22,2026-01-28,59.61,6.48,8.46,4.73,1,Medium,Stable,Academic Pressure,2026-01-28 21:00:00
1217,102,2026-01-29,2026-02-04,64.36,6.46,8.53,6.53,2,Medium,Stable,Academic Pressure,2026-02-04 21:00:00
1218,102,2026-02-05,2026-02-11,57.56,6.44,7.46,4.97,1,Medium,Stable,Low Mood,2026-02-11 21:00:00
1219,102,2026-02-12,2026-02-18,53.89,6.4,7.45,5.44,0,Medium,Increasing,Stable Routine,2026-02-18 21:00:00
1220,102,2026-02-19,2026-02-25,50.67,6.55,6.87,4.63,0,Medium,Stable,High Fatigue,2026-02-25 21:00:00
1221,102,2026-02-26,2026-03-04,52.97,6.67,7.75,4.97,0,Medium,Stable,Low Mood,2026-03-04 21:00:00
1222,102,2026-03-05,2026-03-11,50.71,6.38,7.71,4.46,0,Medium,Stable,Low Mood,2026-03-11 21:00:00
1223,102,2026-03-12,2026-03-18,67.25,6.06,8.27,5.69,4,High,Stable,Academic Pressure,2026-03-18 21:00:00
1224,102,2026-03-19,2026-03-25,56.02,6.8,7.43,5.07,0,Medium,Stable,Low Mood,2026-03-25 21:00:00
1225,103,2026-01-01,2026-01-07,55.91,7.15,8.22,5.15,0,Medium,Stable,High Screen Time,2026-01-07 21:00:00
1226,103,2026-01-08,2026-01-14,55.95,6.88,8.31,3.83,0,Medium,Stable,Academic Pressure,2026-01-14 21:00:00
1227,103,2026-01-15,2026-01-21,55.68,7.18,8.4,3.87,1,Medium,Decreasing,Low Mood,2026-01-21 21:00:00
1228,103,2026-01-22,2026-01-28,57.75,7.32,8.08,5.25,1,Medium,Increasing,Academic Pressure,2026-01-28 21:00:00
1229,103,2026-01-29,2026-02-04,62.27,6.86,8.52,5.79,2,Medium,Stable,Academic Pressure,2026-02-04 21:00:00
1230,103,2026-02-05,2026-02-11,54.89,7.5,7.44,5.11,1,Medium,Decreasing,Low Mood,2026-02-11 21:00:00
1231,103,2026-02-12,2026-02-18,56.07,7.27,7.47,4.38,1,Medium,Increasing,Academic Pressure,2026-02-18 21:00:00
1232,103,2026-02-19,2026-02-25,53.58,7.03,7.72,4.06,0,Medium,Decreasing,Low Mood,2026-02-25 21:00:00
1233,103,2026-02-26,2026-03-04,51.89,7.07,7.79,4.06,0,Medium,Stable,High Screen Time,2026-03-04 21:00:00
1234,103,2026-03-05,2026-03-11,54.61,7.52,8.27,4.48,0,Medium,Increasing,Low Mood,2026-03-11 21:00:00
1235,103,2026-03-12,2026-03-18,66.43,6.77,8.77,5.91,3,Medium,Stable,Academic Pressure,2026-03-18 21:00:00
1236,103,2026-03-19,2026-03-25,56.03,6.98,7.86,4.55,1,Medium,Decreasing,High Fatigue,2026-03-25 21:00:00
1237,104,2026-01-01,2026-01-07,53.15,6.29,5.74,3.59,0,Medium,Decreasing,Sleep Deficit,2026-01-07 21:00:00
1238,104,2026-01-08,2026-01-14,55.16,5.99,5.97,4.34,0,Medium,Stable,Low Mood,2026-01-14 21:00:00
1239,104,2026-01-15,2026-01-21,54.03,5.97,5.84,3.93,0,Medium,Stable,Sleep Deficit,2026-01-21 21:00:00
1240,104,2026-01-22,2026-01-28,60.45,5.85,5.86,3.8,0,Medium,Stable,Low Mood,2026-01-28 21:00:00
1241,104,2026-01-29,2026-02-04,74.54,5.7,7.79,6.29,6,High,Stable,Academic Pressure,2026-02-04 21:00:00
1242,104,2026-02-05,2026-02-11,53.94,6.47,5.64,4.95,0,Medium,Decreasing,Low Mood,2026-02-11 21:00:00
1243,104,2026-02-12,2026-02-18,51.89,6.4,5.71,4.87,0,Medium,Stable,Low Mood,2026-02-18 21:00:00
1244,104,2026-02-19,2026-02-25,57.08,5.73,5.84,4.39,1,Medium,Decreasing,Academic Pressure,2026-02-25 21:00:00
1245,104,2026-02-26,2026-03-04,56.14,6.17,5.67,5.09,1,Medium,Increasing,Academic Pressure,2026-03-04 21:00:00
1246,104,2026-03-05,2026-03-11,49.89,6.17,5.52,4.42,0,Medium,Stable,Sleep Deficit,2026-03-11 21:00:00
1247,104,2026-03-12,2026-03-18,71.43,5.32,7.36,5.68,5,High,Stable,Academic Pressure,2026-03-18 21:00:00
1248,104,2026-03-19,2026-03-25,55.36,6.13,5.8,4.15,1,Medium,Stable,Low Mood,2026-03-25 21:00:00
1249,105,2026-01-01,2026-01-07,50.2,7.15,8.34,3.56,0,Medium,Stable,High Screen Time,2026-01-07 21:00:00
1250,105,2026-01-08,2026-01-14,47.45,7.29,7.3,3.99,0,Medium,Increasing,Low Mood,2026-01-14 21:00:00
1251,105,2026-01-15,2026-01-21,49.83,7.28,7.63,3.36,0,Medium,Stable,Low Mood,2026-01-21 21:00:00
1252,105,2026-01-22,2026-01-28,52.11,7.44,7.95,3.82,0,Medium,Decreasing,Low Mood,2026-01-28 21:00:00
1253,105,2026-01-29,2026-02-04,64.75,6.82,8.92,5.0,2,Medium,Stable,High Fatigue,2026-02-04 21:00:00
1254,105,2026-02-05,2026-02-11,54.76,6.97,7.62,4.11,1,Medium,Decreasing,High Fatigue,2026-02-11 21:00:00
1255,105,2026-02-12,2026-02-18,48.7,7.76,7.85,4.15,0,Medium,Stable,Low Mood,2026-02-18 21:00:00
1256,105,2026-02-19,2026-02-25,53.68,7.33,8.18,3.52,0,Medium,Decreasing,High Screen Time,2026-02-25 21:00:00
1257,105,2026-02-26,2026-03-04,49.29,7.46,7.39,4.23,0,Medium,Stable,Low Mood,2026-03-04 21:00:00
1258,105,2026-03-05,2026-03-11,50.88,7.23,8.04,3.67,0,Medium,Stable,Low Mood,2026-03-11 21:00:00
1259,105,2026-03-12,2026-03-18,62.58,6.65,9.2,5.47,1,Medium,Stable,High Screen Time,2026-03-18 21:00:00
1260,105,2026-03-19,2026-03-25,52.37,7.59,7.89,4.09,0,Medium,Stable,High Fatigue,2026-03-25 21:00:00
1261,106,2026-01-01,2026-01-07,61.31,6.71,8.5,3.57,0,Medium,Stable,Academic Pressure,2026-01-07 21:00:00
1262,106,2026-01-08,2026-01-14,54.67,7.22,9.74,4.25,0,Medium,Stable,High Screen Time,2026-01-14 21:00:00
1263,106,2026-01-15,2026-01-21,58.28,7.02,9.14,4.38,0,Medium,Stable,Low Mood,2026-01-21 21:00:00
1264,106,2026-01-22,2026-01-28,62.79,6.72,9.46,4.1,1,Medium,Stable,Academic Pressure,2026-01-28 21:00:00
1265,106,2026-01-29,2026-02-04,74.5,6.21,10.83,5.87,4,High,Decreasing,Academic Pressure,2026-02-04 21:00:00
1266,106,2026-02-05,2026-02-11,58.54,6.74,9.58,3.56,1,Medium,Decreasing,High Screen Time,2026-02-11 21:00:00
1267,106,2026-02-12,2026-02-18,60.73,7.03,9.64,3.95,1,Medium,Stable,Academic Pressure,2026-02-18 21:00:00
1268,106,2026-02-19,2026-02-25,59.94,7.47,9.89,3.68,0,Medium,Stable,Academic Pressure,2026-02-25 21:00:00
1269,106,2026-02-26,2026-03-04,62.3,6.45,9.1,3.94,1,Medium,Stable,High Screen Time,2026-03-04 21:00:00
1270,106,2026-03-05,2026-03-11,61.41,7.06,9.59,4.06,0,Medium,Increasing,Academic Pressure,2026-03-11 21:00:00
1271,106,2026-03-12,2026-03-18,71.64,6.71,10.4,5.5,5,High,Stable,Academic Pressure,2026-03-18 21:00:00
1272,106,2026-03-19,2026-03-25,58.79,6.69,9.68,4.3,1,Medium,Increasing,Academic Pressure,2026-03-25 21:00:00
1273,107,2026-01-01,2026-01-07,61.78,6.31,9.11,5.21,0,Medium,Stable,High Screen Time,2026-01-07 21:00:00
1274,107,2026-01-08,2026-01-14,58.43,6.33,8.4,5.33,1,Medium,Increasing,Low Mood,2026-01-14 21:00:00
1275,107,2026-01-15,2026-01-21,53.54,6.49,8.68,5.91,0,Medium,Stable,High Screen Time,2026-01-21 21:00:00
1276,107,2026-01-22,2026-01-28,57.2,6.21,9.11,5.45,0,Medium,Stable,Low Mood,2026-01-28 21:00:00
1277,107,2026-01-29,2026-02-04,69.44,5.93,9.9,7.32,4,High,Decreasing,Academic Pressure,2026-02-04 21:00:00
1278,107,2026-02-05,2026-02-11,61.43,6.24,9.19,6.29,1,Medium,Decreasing,High Screen Time,2026-02-11 21:00:00
1279,107,2026-02-12,2026-02-18,55.02,6.76,8.33,5.2,0,Medium,Decreasing,High Screen Time,2026-02-18 21:00:00
1280,107,2026-02-19,2026-02-25,56.94,6.24,8.68,5.85,0,Medium,Decreasing,Low Mood,2026-02-25 21:00:00
1281,107,2026-02-26,2026-03-04,59.06,6.3,8.65,5.93,1,Medium,Stable,High Screen Time,2026-03-04 21:00:00
1282,107,2026-03-05,2026-03-11,57.15,6.38,8.69,5.76,0,Medium,Increasing,Low Mood,2026-03-11 21:00:00
1283,107,2026-03-12,2026-03-18,75.34,5.44,9.92,6.88,6,High,Stable,Academic Pressure,2026-03-18 21:00:00
1284,107,2026-03-19,2026-03-25,60.01,6.12,8.97,4.95,2,Medium,Decreasing,High Screen Time,2026-03-25 21:00:00
1285,108,2026-01-01,2026-01-07,46.27,8.04,3.61,3.67,0,Medium,Decreasing,Stable Routine,2026-01-07 21:00:00
1286,108,2026-01-08,2026-01-14,46.47,8.24,3.64,3.38,0,Medium,Stable,Stable Routine,2026-01-14 21:00:00
1287,108,2026-01-15,2026-01-21,43.88,7.9,3.35,3.34,0,Medium,Increasing,Financial Worry,2026-01-21 21:00:00
1288,108,2026-01-22,2026-01-28,45.24,7.56,3.6,4.05,0,Medium,Decreasing,Financial Worry,2026-01-28 21:00:00
1289,108,2026-01-29,2026-02-04,54.26,7.79,4.18,5.43,0,Medium,Stable,Academic Pressure,2026-02-04 21:00:00
1290,108,2026-02-05,2026-02-11,49.32,7.99,3.56,4.5,0,Medium,Stable,Financial Worry,2026-02-11 21:00:00
1291,108,2026-02-12,2026-02-18,46.02,7.6,3.11,3.65,0,Medium,Stable,Low Mood,2026-02-18 21:00:00
1292,108,2026-02-19,2026-02-25,46.73,8.28,3.44,3.18,0,Medium,Decreasing,Academic Pressure,2026-02-25 21:00:00
1293,108,2026-02-26,2026-03-04,48.39,7.99,3.54,3.72,0,Medium,Increasing,Stable Routine,2026-03-04 21:00:00
1294,108,2026-03-05,2026-03-11,46.05,7.75,3.23,4.09,0,Medium,Stable,Low Mood,2026-03-11 21:00:00
1295,108,2026-03-12,2026-03-18,61.73,7.69,5.54,4.73,0,Medium,Increasing,Academic Pressure,2026-03-18 21:00:00
1296,108,2026-03-19,2026-03-25,45.76,7.94,4.04,4.15,0,Medium,Decreasing,Low Mood,2026-03-25 21:00:00
1297,109,2026-01-01,2026-01-07,55.75,6.44,5.59,3.76,0,Medium,Stable,Low Mood,2026-01-07 21:00:00
1298,109,2026-01-08,2026-01-14,55.4,6.65,5.4,3.84,0,Medium,Stable,Academic Pressure,2026-01-14 21:00:00
1299,109,2026-01-15,2026-01-21,52.92,6.81,5.71,3.27,0,Medium,Increasing,Stable Routine,2026-01-21 21:00:00
1300,109,2026-01-22,2026-01-28,57.78,6.66,5.09,3.53,0,Medium,Stable,Academic Pressure,2026-01-28 21:00:00
1301,109,2026-01-29,2026-02-04,64.48,6.26,7.09,5.97,1,Medium,Stable,Academic Pressure,2026-02-04 21:00:00
1302,109,2026-02-05,2026-02-11,57.15,7.1,5.55,4.63,1,Medium,Decreasing,Low Mood,2026-02-11 21:00:00
1303,109,2026-02-12,2026-02-18,60.83,6.67,5.66,3.85,1,Medium,Stable,Academic Pressure,2026-02-18 21:00:00
1304,109,2026-02-19,2026-02-25,51.73,6.8,5.45,3.69,0,Medium,Stable,Financial Worry,2026-02-25 21:00:00
1305,109,2026-02-26,2026-03-04,54.78,6.74,4.74,3.78,0,Medium,Stable,Academic Pressure,2026-03-04 21:00:00
1306,109,2026-03-05,2026-03-11,55.49,6.74,5.94,3.66,0,Medium,Stable,Academic Pressure,2026-03-11 21:00:00
1307,109,2026-03-12,2026-03-18,67.58,5.98,7.07,5.43,3,Medium,Stable,Academic Pressure,2026-03-18 21:00:00
1308,109,2026-03-19,2026-03-25,56.41,6.75,5.39,4.11,0,Medium,Decreasing,Academic Pressure,2026-03-25 21:00:00
1309,110,2026-01-01,2026-01-07,64.61,5.58,7.84,6.43,2,Medium,Decreasing,Low Mood,2026-01-07 21:00:00
1310,110,2026-01-08,2026-01-14,64.28,5.55,7.83,6.23,1,Medium,Stable,High Fatigue,2026-01-14 21:00:00
1311,110,2026-01-15,2026-01-21,58.99,5.94,7.34,5.91,0,Medium,Stable,Low Mood,2026-01-21 21:00:00
1312,110,2026-01-22,2026-01-28,54.37,6.09,7.95,6.06,0,Medium,Stable,Low Mood,2026-01-28 21:00:00
1313,110,2026-01-29,2026-02-04,67.39,5.81,8.26,7.38,3,Medium,Stable,Academic Pressure,2026-02-04 21:00:00
1314,110,2026-02-05,2026-02-11,56.8,6.18,8.02,6.19,1,Medium,Decreasing,Low Mood,2026-02-11 21:00:00
1315,110,2026-02-12,2026-02-18,52.16,6.35,7.25,6.46,0,Medium,Decreasing,Academic Pressure,2026-02-18 21:00:00
1316,110,2026-02-19,2026-02-25,54.62,6.22,6.63,6.02,0,Medium,Increasing,Low Mood,2026-02-25 21:00:00
1317,110,2026-02-26,2026-03-04,58.55,5.98,7.65,6.03,0,Medium,Stable,Low Mood,2026-03-04 21:00:00
1318,110,2026-03-05,2026-03-11,56.32,6.15,6.99,6.04,1,Medium,Decreasing,Low Physical Activity,2026-03-11 21:00:00
1319,110,2026-03-12,2026-03-18,73.09,5.18,8.74,8.25,4,High,Stable,Academic Pressure,2026-03-18 21:00:00
1320,110,2026-03-19,2026-03-25,62.3,5.8,7.71,5.87,3,Medium,Decreasing,High Fatigue,2026-03-25 21:00:00
1321,111,2026-01-01,2026-01-07,50.46,6.87,6.3,7.29,0,Medium,Stable,Stable Routine,2026-01-07 21:00:00
1322,111,2026-01-08,2026-01-14,49.56,6.94,6.46,6.88,0,Medium,Stable,Stable Routine,2026-01-14 21:00:00
1323,111,2026-01-15,2026-01-21,51.93,6.53,6.65,7.53,0,Medium,Stable,Low Mood,2026-01-21 21:00:00
1324,111,2026-01-22,2026-01-28,48.16,6.41,6.53,6.85,0,Medium,Increasing,Stable Routine,2026-01-28 21:00:00
1325,111,2026-01-29,2026-02-04,61.1,5.81,7.41,8.84,2,Medium,Stable,Low Mood,2026-02-04 21:00:00
1326,111,2026-02-05,2026-02-11,47.4,6.67,7.11,7.88,0,Medium,Decreasing,Stable Routine,2026-02-11 21:00:00
1327,111,2026-02-12,2026-02-18,49.84,6.93,5.44,7.39,0,Medium,Decreasing,Low Mood,2026-02-18 21:00:00
1328,111,2026-02-19,2026-02-25,50.44,6.97,6.34,6.83,0,Medium,Stable,Stable Routine,2026-02-25 21:00:00
1329,111,2026-02-26,2026-03-04,52.15,6.61,6.07,7.26,0,Medium,Stable,Academic Pressure,2026-03-04 21:00:00
1330,111,2026-03-05,2026-03-11,58.41,6.32,6.34,7.17,0,Medium,Stable,Academic Pressure,2026-03-11 21:00:00
1331,111,2026-03-12,2026-03-18,66.9,6.04,7.8,9.26,2,Medium,Stable,Academic Pressure,2026-03-18 21:00:00
1332,111,2026-03-19,2026-03-25,47.75,6.85,5.72,7.22,0,Medium,Decreasing,Low Mood,2026-03-25 21:00:00
1333,112,2026-01-01,2026-01-07,55.04,7.18,7.38,2.63,0,Medium,Stable,Low Mood,2026-01-07 21:00:00
1334,112,2026-01-08,2026-01-14,50.96,6.98,6.98,1.63,0,Medium,Stable,Low Mood,2026-01-14 21:00:00
1335,112,2026-01-15,2026-01-21,53.05,6.67,7.26,1.33,0,Medium,Stable,Low Mood,2026-01-21 21:00:00
1336,112,2026-01-22,2026-01-28,53.56,7.38,6.96,2.1,0,Medium,Decreasing,Academic Pressure,2026-01-28 21:00:00
1337,112,2026-01-29,2026-02-04,63.28,6.3,8.16,4.3,0,Medium,Stable,Academic Pressure,2026-02-04 21:00:00
1338,112,2026-02-05,2026-02-11,55.62,6.6,6.59,2.76,0,Medium,Decreasing,Academic Pressure,2026-02-11 21:00:00
1339,112,2026-02-12,2026-02-18,57.22,7.13,7.04,2.93,1,Medium,Increasing,Low Mood,2026-02-18 21:00:00
1340,112,2026-02-19,2026-02-25,50.19,7.25,7.61,2.38,0,Medium,Increasing,Academic Pressure,2026-02-25 21:00:00
1341,112,2026-02-26,2026-03-04,51.04,6.96,6.57,1.24,0,Medium,Increasing,Low Mood,2026-03-04 21:00:00
1342,112,2026-03-05,2026-03-11,50.43,7.23,6.54,1.53,0,Medium,Stable,Low Mood,2026-03-11 21:00:00
1343,112,2026-03-12,2026-03-18,67.7,6.76,8.05,5.15,3,Medium,Stable,Academic Pressure,2026-03-18 21:00:00
1344,112,2026-03-19,2026-03-25,52.4,6.62,6.68,2.14,0,Medium,Decreasing,Academic Pressure,2026-03-25 21:00:00
1345,113,2026-01-01,2026-01-07,55.73,7.25,8.39,3.41,0,Medium,Increasing,Low Mood,2026-01-07 21:00:00
1346,113,2026-01-08,2026-01-14,52.85,7.77,7.9,3.73,0,Medium,Stable,Low Mood,2026-01-14 21:00:00
1347,113,2026-01-15,2026-01-21,53.48,7.92,7.48,3.19,0,Medium,Stable,Low Mood,2026-01-21 21:00:00
1348,113,2026-01-22,2026-01-28,54.08,7.46,8.19,3.95,0,Medium,Stable,Low Mood,2026-01-28 21:00:00
1349,113,2026-01-29,2026-02-04,63.06,7.52,7.88,5.12,1,Medium,Stable,Academic Pressure,2026-02-04 21:00:00
1350,113,2026-02-05,2026-02-11,56.07,7.71,7.33,3.71,0,Medium,Stable,Academic Pressure,2026-02-11 21:00:00
1351,113,2026-02-12,2026-02-18,55.32,7.67,7.52,4.1,0,Medium,Stable,Academic Pressure,2026-02-18 21:00:00
1352,113,2026-02-19,2026-02-25,56.08,8.03,7.75,3.17,0,Medium,Stable,Academic Pressure,2026-02-25 21:00:00
1353,113,2026-02-26,2026-03-04,51.47,7.82,6.94,4.04,0,Medium,Stable,Low Mood,2026-03-04 21:00:00
1354,113,2026-03-05,2026-03-11,49.1,7.76,6.98,3.15,0,Medium,Increasing,Financial Worry,2026-03-11 21:00:00
1355,113,2026-03-12,2026-03-18,62.88,7.29,8.56,5.43,2,Medium,Increasing,Academic Pressure,2026-03-18 21:00:00
1356,113,2026-03-19,2026-03-25,58.51,7.76,8.08,3.75,1,Medium,Stable,Academic Pressure,2026-03-25 21:00:00
1357,114,2026-01-01,2026-01-07,56.98,7.65,6.24,5.64,0,Medium,Stable,Academic Pressure,2026-01-07 21:00:00
1358,114,2026-01-08,2026-01-14,58.65,7.25,6.72,5.74,1,Medium,Stable,Academic Pressure,2026-01-14 21:00:00
1359,114,2026-01-15,2026-01-21,55.94,7.21,6.87,5.58,1,Medium,Stable,Academic Pressure,2026-01-21 21:00:00
1360,114,2026-01-22,2026-01-28,55.24,7.61,6.25,6.08,0,Medium,Stable,Academic Pressure,2026-01-28 21:00:00
1361,114,2026-01-29,2026-02-04,64.71,6.7,7.15,7.64,2,Medium,Increasing,Academic Pressure,2026-02-04 21:00:00
1362,114,2026-02-05,2026-02-11,58.2,7.08,6.06,6.39,0,Medium,Stable,Academic Pressure,2026-02-11 21:00:00
1363,114,2026-02-12,2026-02-18,51.28,7.76,6.53,5.37,0,Medium,Stable,Academic Pressure,2026-02-18 21:00:00
1364,114,2026-02-19,2026-02-25,55.89,7.38,7.41,5.21,0,Medium,Stable,Academic Pressure,2026-02-25 21:00:00
1365,114,2026-02-26,2026-03-04,56.0,7.66,6.96,5.07,0,Medium,Stable,Academic Pressure,2026-03-04 21:00:00
1366,114,2026-03-05,2026-03-11,51.05,7.82,6.41,5.42,0,Medium,Stable,Academic Pressure,2026-03-11 21:00:00
1367,114,2026-03-12,2026-03-18,66.01,6.96,8.11,6.93,2,Medium,Increasing,Academic Pressure,2026-03-18 21:00:00
1368,114,2026-03-19,2026-03-25,56.8,7.39,6.48,6.29,0,Medium,Increasing,Academic Pressure,2026-03-25 21:00:00
1369,115,2026-01-01,2026-01-07,51.87,6.7,6.65,2.06,0,Medium,Stable,Low Physical Activity,2026-01-07 21:00:00
1370,115,2026-01-08,2026-01-14,46.53,7.44,5.92,1.44,0,Medium,Decreasing,Academic Pressure,2026-01-14 21:00:00
1371,115,2026-01-15,2026-01-21,44.78,7.22,6.23,1.5,0,Medium,Stable,Low Physical Activity,2026-01-21 21:00:00
1372,115,2026-01-22,2026-01-28,52.18,6.65,5.7,1.79,0,Medium,Stable,Low Mood,2026-01-28 21:00:00
1373,115,2026-01-29,2026-02-04,63.26,6.78,7.51,3.2,2,Medium,Stable,Academic Pressure,2026-02-04 21:00:00
1374,115,2026-02-05,2026-02-11,48.87,7.26,6.11,1.76,0,Medium,Stable,Low Mood,2026-02-11 21:00:00
1375,115,2026-02-12,2026-02-18,50.99,6.96,6.55,1.85,1,Medium,Increasing,Low Mood,2026-02-18 21:00:00
1376,115,2026-02-19,2026-02-25,46.7,7.26,6.9,1.55,0,Medium,Stable,Low Mood,2026-02-25 21:00:00
1377,115,2026-02-26,2026-03-04,48.11,7.06,6.1,1.23,0,Medium,Stable,Low Mood,2026-03-04 21:00:00
1378,115,2026-03-05,2026-03-11,46.68,7.0,6.1,2.08,0,Medium,Decreasing,Low Physical Activity,2026-03-11 21:00:00
1379,115,2026-03-12,2026-03-18,61.21,6.78,6.57,3.11,1,Medium,Stable,Low Mood,2026-03-18 21:00:00
1380,115,2026-03-19,2026-03-25,48.35,7.43,5.85,1.98,0,Medium,Decreasing,Low Physical Activity,2026-03-25 21:00:00
1381,116,2026-01-01,2026-01-07,60.52,6.78,6.94,4.26,1,Medium,Decreasing,Academic Pressure,2026-01-07 21:00:00
1382,116,2026-01-08,2026-01-14,63.98,6.35,6.62,4.62,2,Medium,Decreasing,Academic Pressure,2026-01-14 21:00:00
1383,116,2026-01-15,2026-01-21,55.94,7.01,6.96,4.77,0,Medium,Decreasing,Low Mood,2026-01-21 21:00:00
1384,116,2026-01-22,2026-01-28,58.6,7.16,7.45,4.71,0,Medium,Stable,Academic Pressure,2026-01-28 21:00:00
1385,116,2026-01-29,2026-02-04,75.14,5.9,8.06,6.66,5,High,Decreasing,Academic Pressure,2026-02-04 21:00:00
1386,116,2026-02-05,2026-02-11,65.09,6.27,7.36,4.88,2,Medium,Stable,Academic Pressure,2026-02-11 21:00:00
1387,116,2026-02-12,2026-02-18,62.66,6.82,7.33,5.06,1,Medium,Stable,Academic Pressure,2026-02-18 21:00:00
1388,116,2026-02-19,2026-02-25,62.86,6.67,7.18,4.78,2,Medium,Stable,Academic Pressure,2026-02-25 21:00:00
1389,116,2026-02-26,2026-03-04,62.84,6.57,6.4,5.16,1,Medium,Increasing,Academic Pressure,2026-03-04 21:00:00
1390,116,2026-03-05,2026-03-11,57.7,6.52,6.7,4.82,0,Medium,Stable,Low Mood,2026-03-11 21:00:00
1391,116,2026-03-12,2026-03-18,76.5,6.05,8.06,6.04,6,High,Stable,Academic Pressure,2026-03-18 21:00:00
1392,116,2026-03-19,2026-03-25,59.49,6.83,6.82,4.73,1,Medium,Stable,Academic Pressure,2026-03-25 21:00:00
1393,117,2026-01-01,2026-01-07,52.38,7.72,7.79,4.0,0,Medium,Increasing,Academic Pressure,2026-01-07 21:00:00
1394,117,2026-01-08,2026-01-14,45.86,8.04,7.08,3.59,0,Medium,Increasing,Stable Routine,2026-01-14 21:00:00
1395,117,2026-01-15,2026-01-21,52.26,8.03,7.78,3.71,0,Medium,Stable,Low Mood,2026-01-21 21:00:00
1396,117,2026-01-22,2026-01-28,55.72,7.9,8.05,3.89,0,Medium,Stable,Academic Pressure,2026-01-28 21:00:00
1397,117,2026-01-29,2026-02-04,56.29,7.56,8.78,5.79,2,Medium,Stable,Academic Pressure,2026-02-04 21:00:00
1398,117,2026-02-05,2026-02-11,48.48,7.73,7.09,3.94,0,Medium,Stable,Academic Pressure,2026-02-11 21:00:00
1399,117,2026-02-12,2026-02-18,53.69,8.25,8.14,4.16,0,Medium,Stable,High Screen Time,2026-02-18 21:00:00
1400,117,2026-02-19,2026-02-25,49.72,7.77,7.44,3.52,0,Medium,Increasing,Academic Pressure,2026-02-25 21:00:00
1401,117,2026-02-26,2026-03-04,51.39,7.64,8.06,4.23,0,Medium,Stable,High Screen Time,2026-03-04 21:00:00
1402,117,2026-03-05,2026-03-11,55.53,8.07,8.89,4.07,0,Medium,Increasing,Academic Pressure,2026-03-11 21:00:00
1403,117,2026-03-12,2026-03-18,58.0,7.55,8.28,5.43,0,Medium,Stable,Academic Pressure,2026-03-18 21:00:00
1404,117,2026-03-19,2026-03-25,48.93,8.05,7.72,3.63,0,Medium,Stable,High Screen Time,2026-03-25 21:00:00
1405,118,2026-01-01,2026-01-07,49.0,7.77,8.12,3.11,0,Medium,Stable,High Screen Time,2026-01-07 21:00:00
1406,118,2026-01-08,2026-01-14,48.09,7.87,9.01,3.55,0,Medium,Decreasing,High Screen Time,2026-01-14 21:00:00
1407,118,2026-01-15,2026-01-21,53.6,7.55,8.06,3.32,1,Medium,Decreasing,Low Mood,2026-01-21 21:00:00
1408,118,2026-01-22,2026-01-28,52.02,7.81,8.84,3.34,0,Medium,Stable,High Screen Time,2026-01-28 21:00:00
1409,118,2026-01-29,2026-02-04,57.66,6.96,8.98,5.24,1,Medium,Stable,High Screen Time,2026-02-04 21:00:00
1410,118,2026-02-05,2026-02-11,57.9,7.55,8.52,3.0,2,Medium,Decreasing,Low Mood,2026-02-11 21:00:00
1411,118,2026-02-12,2026-02-18,53.29,7.7,7.86,2.59,0,Medium,Stable,Low Mood,2026-02-18 21:00:00
1412,118,2026-02-19,2026-02-25,50.3,8.1,8.23,2.7,0,Medium,Increasing,High Screen Time,2026-02-25 21:00:00
1413,118,2026-02-26,2026-03-04,50.75,7.72,8.37,2.9,0,Medium,Stable,High Screen Time,2026-03-04 21:00:00
1414,118,2026-03-05,2026-03-11,50.13,7.83,7.45,3.18,0,Medium,Stable,Stable Routine,2026-03-11 21:00:00
1415,118,2026-03-12,2026-03-18,63.08,6.99,9.91,5.01,2,Medium,Stable,Academic Pressure,2026-03-18 21:00:00
1416,118,2026-03-19,2026-03-25,49.43,7.48,7.75,3.25,0,Medium,Stable,Stable Routine,2026-03-25 21:00:00
1417,119,2026-01-01,2026-01-07,45.84,7.01,7.49,3.51,0,Medium,Stable,Low Mood,2026-01-07 21:00:00
1418,119,2026-01-08,2026-01-14,48.16,7.01,7.81,3.91,0,Medium,Stable,High Screen Time,2026-01-14 21:00:00
1419,119,2026-01-15,2026-01-21,44.77,6.93,7.85,4.05,0,Medium,Increasing,Low Mood,2026-01-21 21:00:00
1420,119,2026-01-22,2026-01-28,46.94,7.4,7.2,4.18,0,Medium,Increasing,Low Mood,2026-01-28 21:00:00
1421,119,2026-01-29,2026-02-04,55.94,6.66,7.9,6.15,1,Medium,Increasing,High Fatigue,2026-02-04 21:00:00
1422,119,2026-02-05,2026-02-11,47.2,7.02,7.23,3.99,0,Medium,Decreasing,Stable Routine,2026-02-11 21:00:00
1423,119,2026-02-12,2026-02-18,44.6,7.0,7.14,4.33,0,Medium,Stable,High Screen Time,2026-02-18 21:00:00
1424,119,2026-02-19,2026-02-25,46.77,7.22,7.13,4.14,0,Medium,Stable,Stable Routine,2026-02-25 21:00:00
1425,119,2026-02-26,2026-03-04,43.93,7.03,6.97,3.63,0,Medium,Stable,Stable Routine,2026-03-04 21:00:00
1426,119,2026-03-05,2026-03-11,41.1,7.22,6.91,4.0,0,Medium,Decreasing,Stable Routine,2026-03-11 21:00:00
1427,119,2026-03-12,2026-03-18,59.41,6.28,8.2,5.47,1,Medium,Increasing,High Fatigue,2026-03-18 21:00:00
1428,119,2026-03-19,2026-03-25,47.72,7.03,7.46,4.4,1,Medium,Stable,Stable Routine,2026-03-25 21:00:00
1429,120,2026-01-01,2026-01-07,52.2,7.52,5.43,3.37,0,Medium,Stable,Academic Pressure,2026-01-07 21:00:00
1430,120,2026-01-08,2026-01-14,57.54,7.18,6.07,3.95,1,Medium,Decreasing,Low Mood,2026-01-14 21:00:00
1431,120,2026-01-15,2026-01-21,59.15,6.94,6.55,4.46,0,Medium,Decreasing,Academic Pressure,2026-01-21 21:00:00
1432,120,2026-01-22,2026-01-28,52.91,7.09,5.25,3.5,0,Medium,Stable,Academic Pressure,2026-01-28 21:00:00
1433,120,2026-01-29,2026-02-04,65.1,6.42,6.39,5.6,1,Medium,Increasing,Academic Pressure,2026-02-04 21:00:00
1434,120,2026-02-05,2026-02-11,54.48,7.23,5.18,4.28,1,Medium,Increasing,Academic Pressure,2026-02-11 21:00:00
1435,120,2026-02-12,2026-02-18,51.5,7.45,6.05,3.7,0,Medium,Increasing,Academic Pressure,2026-02-18 21:00:00
1436,120,2026-02-19,2026-02-25,56.08,7.2,6.01,3.57,0,Medium,Stable,Academic Pressure,2026-02-25 21:00:00
1437,120,2026-02-26,2026-03-04,59.04,6.51,6.05,4.17,0,Medium,Decreasing,Academic Pressure,2026-03-04 21:00:00
1438,120,2026-03-05,2026-03-11,51.25,7.53,6.0,3.99,0,Medium,Stable,Academic Pressure,2026-03-11 21:00:00
1439,120,2026-03-12,2026-03-18,66.75,6.77,6.57,6.33,3,Medium,Increasing,Academic Pressure,2026-03-18 21:00:00
1440,120,2026-03-19,2026-03-25,54.65,7.1,5.46,4.52,1,Medium,Stable,Academic Pressure,2026-03-25 21:00:00
1441,121,2026-01-01,2026-01-07,60.01,6.4,6.96,4.77,1,Medium,Stable,Academic Pressure,2026-01-07 21:00:00
1442,121,2026-01-08,2026-01-14,54.97,6.94,6.7,5.28,0,Medium,Stable,Academic Pressure,2026-01-14 21:00:00
1443,121,2026-01-15,2026-01-21,58.06,6.94,6.66,4.97,1,Medium,Stable,Low Mood,2026-01-21 21:00:00
1444,121,2026-01-22,2026-01-28,57.37,6.29,6.38,5.05,0,Medium,Stable,Low Mood,2026-01-28 21:00:00
1445,121,2026-01-29,2026-02-04,69.53,5.86,8.12,6.85,4,High,Stable,Academic Pressure,2026-02-04 21:00:00
1446,121,2026-02-05,2026-02-11,54.84,6.32,5.95,5.35,0,Medium,Stable,Academic Pressure,2026-02-11 21:00:00
1447,121,2026-02-12,2026-02-18,50.73,6.49,6.09,5.35,0,Medium,Decreasing,Low Mood,2026-02-18 21:00:00
1448,121,2026-02-19,2026-02-25,51.03,6.56,6.25,5.82,0,Medium,Decreasing,Low Mood,2026-02-25 21:00:00
1449,121,2026-02-26,2026-03-04,57.89,6.26,6.76,5.24,0,Medium,Stable,Low Mood,2026-03-04 21:00:00
1450,121,2026-03-05,2026-03-11,53.43,6.43,5.98,5.4,0,Medium,Stable,Academic Pressure,2026-03-11 21:00:00
1451,121,2026-03-12,2026-03-18,70.16,5.95,8.06,6.7,5,High,Stable,Academic Pressure,2026-03-18 21:00:00
1452,121,2026-03-19,2026-03-25,54.53,6.47,6.26,5.47,0,Medium,Stable,Academic Pressure,2026-03-25 21:00:00
1453,122,2026-01-01,2026-01-07,62.06,6.46,7.68,4.72,0,Medium,Stable,Academic Pressure,2026-01-07 21:00:00
1454,122,2026-01-08,2026-01-14,66.29,6.54,8.16,4.34,3,Medium,Stable,Academic Pressure,2026-01-14 21:00:00
1455,122,2026-01-15,2026-01-21,61.01,6.1,8.71,4.76,0,Medium,Stable,Academic Pressure,2026-01-21 21:00:00
1456,122,2026-01-22,2026-01-28,61.93,6.25,8.31,5.11,0,Medium,Stable,Low Mood,2026-01-28 21:00:00
1457,122,2026-01-29,2026-02-04,76.39,5.49,9.29,6.94,7,High,Stable,Academic Pressure,2026-02-04 21:00:00
1458,122,2026-02-05,2026-02-11,60.93,6.51,8.63,5.06,1,Medium,Decreasing,Academic Pressure,2026-02-11 21:00:00
1459,122,2026-02-12,2026-02-18,57.56,6.57,8.89,5.07,0,Medium,Stable,Academic Pressure,2026-02-18 21:00:00
1460,122,2026-02-19,2026-02-25,59.25,6.47,8.02,5.37,0,Medium,Stable,Academic Pressure,2026-02-25 21:00:00
1461,122,2026-02-26,2026-03-04,62.47,6.75,8.13,4.72,2,Medium,Stable,Academic Pressure,2026-03-04 21:00:00
1462,122,2026-03-05,2026-03-11,64.32,6.35,8.04,4.78,2,Medium,Increasing,Academic Pressure,2026-03-11 21:00:00
1463,122,2026-03-12,2026-03-18,70.89,6.05,9.22,7.02,4,High,Decreasing,Academic Pressure,2026-03-18 21:00:00
1464,122,2026-03-19,2026-03-25,64.62,6.48,8.55,5.12,2,Medium,Decreasing,Academic Pressure,2026-03-25 21:00:00
1465,123,2026-01-01,2026-01-07,47.33,7.14,6.04,2.27,0,Medium,Stable,Stable Routine,2026-01-07 21:00:00
1466,123,2026-01-08,2026-01-14,53.34,6.86,6.38,2.21,0,Medium,Stable,Low Mood,2026-01-14 21:00:00
1467,123,2026-01-15,2026-01-21,55.01,6.81,6.37,2.22,1,Medium,Increasing,Low Mood,2026-01-21 21:00:00
1468,123,2026-01-22,2026-01-28,53.72,6.71,6.05,2.14,0,Medium,Stable,Academic Pressure,2026-01-28 21:00:00
1469,123,2026-01-29,2026-02-04,67.24,6.26,7.02,3.72,4,High,Stable,Academic Pressure,2026-02-04 21:00:00
1470,123,2026-02-05,2026-02-11,55.58,6.77,6.55,2.9,1,Medium,Stable,Academic Pressure,2026-02-11 21:00:00
1471,123,2026-02-12,2026-02-18,51.78,6.58,6.36,1.83,0,Medium,Increasing,Low Mood,2026-02-18 21:00:00
1472,123,2026-02-19,2026-02-25,52.91,6.8,6.13,2.2,0,Medium,Stable,Low Mood,2026-02-25 21:00:00
1473,123,2026-02-26,2026-03-04,52.45,6.85,7.06,1.69,0,Medium,Stable,Low Mood,2026-03-04 21:00:00
1474,123,2026-03-05,2026-03-11,48.74,7.22,5.93,2.64,0,Medium,Stable,Academic Pressure,2026-03-11 21:00:00
1475,123,2026-03-12,2026-03-18,69.77,6.21,7.8,3.69,5,High,Stable,Academic Pressure,2026-03-18 21:00:00
1476,123,2026-03-19,2026-03-25,52.91,6.72,6.55,2.29,0,Medium,Decreasing,Low Mood,2026-03-25 21:00:00
1477,124,2026-01-01,2026-01-07,51.06,7.18,7.03,2.97,0,Medium,Decreasing,Low Mood,2026-01-07 21:00:00
1478,124,2026-01-08,2026-01-14,55.58,7.38,6.82,2.66,0,Medium,Stable,Low Mood,2026-01-14 21:00:00
1479,124,2026-01-15,2026-01-21,59.51,7.24,7.47,3.25,0,Medium,Stable,Low Mood,2026-01-21 21:00:00
1480,124,2026-01-22,2026-01-28,52.61,7.26,6.56,3.44,0,Medium,Stable,Low Mood,2026-01-28 21:00:00
1481,124,2026-01-29,2026-02-04,62.92,7.18,8.06,5.46,1,Medium,Stable,Academic Pressure,2026-02-04 21:00:00
1482,124,2026-02-05,2026-02-11,55.22,7.1,6.95,3.57,1,Medium,Decreasing,Academic Pressure,2026-02-11 21:00:00
1483,124,2026-02-12,2026-02-18,51.94,7.17,6.51,3.2,1,Medium,Decreasing,Academic Pressure,2026-02-18 21:00:00
1484,124,2026-02-19,2026-02-25,56.37,7.29,7.62,2.96,0,Medium,Stable,Academic Pressure,2026-02-25 21:00:00
1485,124,2026-02-26,2026-03-04,56.3,7.04,7.49,3.42,0,Medium,Decreasing,Academic Pressure,2026-03-04 21:00:00
1486,124,2026-03-05,2026-03-11,55.13,7.31,6.95,3.38,0,Medium,Stable,Low Mood,2026-03-11 21:00:00
1487,124,2026-03-12,2026-03-18,65.61,6.68,7.83,5.48,2,Medium,Stable,Academic Pressure,2026-03-18 21:00:00
1488,124,2026-03-19,2026-03-25,55.69,7.01,7.27,2.83,0,Medium,Decreasing,Academic Pressure,2026-03-25 21:00:00
1489,125,2026-01-01,2026-01-07,59.09,6.52,8.4,2.48,1,Medium,Stable,Academic Pressure,2026-01-07 21:00:00
1490,125,2026-01-08,2026-01-14,57.13,6.5,8.44,2.35,0,Medium,Stable,Academic Pressure,2026-01-14 21:00:00
1491,125,2026-01-15,2026-01-21,66.12,6.28,8.52,2.47,2,Medium,Stable,Academic Pressure,2026-01-21 21:00:00
1492,125,2026-01-22,2026-01-28,60.8,6.15,9.06,2.72,2,Medium,Decreasing,Academic Pressure,2026-01-28 21:00:00
1493,125,2026-01-29,2026-02-04,72.09,6.11,9.93,3.84,4,High,Stable,Academic Pressure,2026-02-04 21:00:00
1494,125,2026-02-05,2026-02-11,63.11,6.46,8.89,2.38,2,Medium,Stable,Academic Pressure,2026-02-11 21:00:00
1495,125,2026-02-12,2026-02-18,62.35,6.69,8.86,1.83,2,Medium,Stable,Academic Pressure,2026-02-18 21:00:00
1496,125,2026-02-19,2026-02-25,67.44,6.02,8.22,2.48,3,Medium,Increasing,Academic Pressure,2026-02-25 21:00:00
1497,125,2026-02-26,2026-03-04,64.91,6.29,8.95,2.39,3,Medium,Stable,Academic Pressure,2026-03-04 21:00:00
1498,125,2026-03-05,2026-03-11,59.69,6.76,8.89,2.41,1,Medium,Decreasing,Academic Pressure,2026-03-11 21:00:00
1499,125,2026-03-12,2026-03-18,72.26,5.89,9.75,3.72,5,High,Stable,Academic Pressure,2026-03-18 21:00:00
1500,125,2026-03-19,2026-03-25,67.72,5.97,8.67,2.94,2,Medium,Decreasing,Academic Pressure,2026-03-25 21:00:00
1501,126,2026-01-01,2026-01-07,58.73,6.32,5.24,5.62,0,Medium,Increasing,Low Mood,2026-01-07 21:00:00
1502,126,2026-01-08,2026-01-14,51.52,6.5,5.76,5.35,0,Medium,Stable,Low Physical Activity,2026-01-14 21:00:00
1503,126,2026-01-15,2026-01-21,46.11,6.75,5.13,5.53,0,Medium,Decreasing,Academic Pressure,2026-01-21 21:00:00
1504,126,2026-01-22,2026-01-28,50.64,7.13,6.2,5.61,0,Medium,Stable,Low Mood,2026-01-28 21:00:00
1505,126,2026-01-29,2026-02-04,64.72,6.41,6.51,7.54,2,Medium,Stable,Low Mood,2026-02-04 21:00:00
1506,126,2026-02-05,2026-02-11,49.33,6.92,6.03,5.24,0,Medium,Stable,Academic Pressure,2026-02-11 21:00:00
1507,126,2026-02-12,2026-02-18,50.93,6.95,5.63,5.32,0,Medium,Stable,Low Physical Activity,2026-02-18 21:00:00
1508,126,2026-02-19,2026-02-25,51.42,7.1,5.52,6.07,0,Medium,Increasing,Academic Pressure,2026-02-25 21:00:00
1509,126,2026-02-26,2026-03-04,53.45,7.01,5.68,6.04,1,Medium,Stable,Low Physical Activity,2026-03-04 21:00:00
1510,126,2026-03-05,2026-03-11,48.84,6.64,5.91,5.27,0,Medium,Stable,Low Mood,2026-03-11 21:00:00
1511,126,2026-03-12,2026-03-18,65.9,6.21,6.23,6.52,3,Medium,Stable,Academic Pressure,2026-03-18 21:00:00
1512,126,2026-03-19,2026-03-25,53.82,6.7,6.1,5.6,0,Medium,Decreasing,Academic Pressure,2026-03-25 21:00:00
1513,127,2026-01-01,2026-01-07,53.8,6.57,7.37,3.09,0,Medium,Increasing,Low Mood,2026-01-07 21:00:00
1514,127,2026-01-08,2026-01-14,58.49,6.61,7.4,2.24,1,Medium,Decreasing,Low Physical Activity,2026-01-14 21:00:00
1515,127,2026-01-15,2026-01-21,54.65,6.37,7.03,2.92,0,Medium,Stable,Low Physical Activity,2026-01-21 21:00:00
1516,127,2026-01-22,2026-01-28,58.32,6.56,6.65,3.27,0,Medium,Increasing,Low Mood,2026-01-28 21:00:00
1517,127,2026-01-29,2026-02-04,63.03,5.98,7.99,3.89,0,Medium,Stable,Academic Pressure,2026-02-04 21:00:00
1518,127,2026-02-05,2026-02-11,56.57,5.77,7.24,2.84,1,Medium,Stable,Low Mood,2026-02-11 21:00:00
1519,127,2026-02-12,2026-02-18,54.1,6.91,6.75,3.47,0,Medium,Increasing,Low Mood,2026-02-18 21:00:00
1520,127,2026-02-19,2026-02-25,61.38,6.0,7.43,2.45,1,Medium,Increasing,Low Mood,2026-02-25 21:00:00
1521,127,2026-02-26,2026-03-04,53.1,6.64,6.54,2.62,0,Medium,Increasing,Low Physical Activity,2026-03-04 21:00:00
1522,127,2026-03-05,2026-03-11,56.13,6.44,7.27,1.85,1,Medium,Stable,Low Mood,2026-03-11 21:00:00
1523,127,2026-03-12,2026-03-18,75.02,5.52,8.33,4.24,6,High,Stable,Academic Pressure,2026-03-18 21:00:00
1524,127,2026-03-19,2026-03-25,55.62,6.42,7.34,2.83,1,Medium,Increasing,Low Mood,2026-03-25 21:00:00
1525,128,2026-01-01,2026-01-07,61.69,7.18,8.39,3.48,1,Medium,Increasing,Low Mood,2026-01-07 21:00:00
1526,128,2026-01-08,2026-01-14,55.35,6.71,7.99,3.36,0,Medium,Stable,Academic Pressure,2026-01-14 21:00:00
1527,128,2026-01-15,2026-01-21,58.46,7.3,8.48,3.22,1,Medium,Stable,High Screen Time,2026-01-21 21:00:00
1528,128,2026-01-22,2026-01-28,54.53,7.25,8.17,2.93,0,Medium,Increasing,Academic Pressure,2026-01-28 21:00:00
1529,128,2026-01-29,2026-02-04,70.49,6.22,9.94,5.06,3,Medium,Stable,Academic Pressure,2026-02-04 21:00:00
1530,128,2026-02-05,2026-02-11,57.77,7.46,8.42,3.84,0,Medium,Stable,Academic Pressure,2026-02-11 21:00:00
1531,128,2026-02-12,2026-02-18,59.32,7.15,8.18,3.7,1,Medium,Stable,Academic Pressure,2026-02-18 21:00:00
1532,128,2026-02-19,2026-02-25,59.5,7.31,8.12,3.24,1,Medium,Decreasing,Academic Pressure,2026-02-25 21:00:00
1533,128,2026-02-26,2026-03-04,53.43,6.96,8.59,3.09,0,Medium,Stable,High Screen Time,2026-03-04 21:00:00
1534,128,2026-03-05,2026-03-11,54.04,7.03,7.83,3.73,0,Medium,Stable,Academic Pressure,2026-03-11 21:00:00
1535,128,2026-03-12,2026-03-18,70.07,6.39,9.12,4.71,5,High,Stable,Academic Pressure,2026-03-18 21:00:00
1536,128,2026-03-19,2026-03-25,56.3,7.6,8.91,3.11,1,Medium,Decreasing,Academic Pressure,2026-03-25 21:00:00
1537,129,2026-01-01,2026-01-07,50.59,7.23,8.46,6.62,0,Medium,Stable,High Screen Time,2026-01-07 21:00:00
1538,129,2026-01-08,2026-01-14,50.35,7.65,7.55,5.86,0,Medium,Stable,Low Mood,2026-01-14 21:00:00
1539,129,2026-01-15,2026-01-21,50.49,7.33,7.73,5.36,0,Medium,Stable,Low Mood,2026-01-21 21:00:00
1540,129,2026-01-22,2026-01-28,47.64,7.48,8.36,6.04,0,Medium,Stable,High Screen Time,2026-01-28 21:00:00
1541,129,2026-01-29,2026-02-04,60.67,7.02,8.78,8.11,1,Medium,Stable,Low Mood,2026-02-04 21:00:00
1542,129,2026-02-05,2026-02-11,47.86,7.64,8.52,6.6,1,Medium,Decreasing,Low Mood,2026-02-11 21:00:00
1543,129,2026-02-12,2026-02-18,44.7,7.06,8.34,6.09,0,Medium,Increasing,High Screen Time,2026-02-18 21:00:00
1544,129,2026-02-19,2026-02-25,47.08,7.28,7.59,5.58,0,Medium,Stable,High Screen Time,2026-02-25 21:00:00
1545,129,2026-02-26,2026-03-04,49.37,7.14,7.5,5.58,0,Medium,Stable,Financial Worry,2026-03-04 21:00:00
1546,129,2026-03-05,2026-03-11,47.24,7.37,7.84,5.67,0,Medium,Stable,Low Mood,2026-03-11 21:00:00
1547,129,2026-03-12,2026-03-18,53.09,7.04,9.35,7.41,0,Medium,Increasing,High Screen Time,2026-03-18 21:00:00
1548,129,2026-03-19,2026-03-25,51.41,7.04,8.14,6.46,1,Medium,Decreasing,High Fatigue,2026-03-25 21:00:00
1549,130,2026-01-01,2026-01-07,48.3,7.38,8.73,5.69,0,Medium,Decreasing,High Screen Time,2026-01-07 21:00:00
1550,130,2026-01-08,2026-01-14,49.75,7.1,8.73,5.4,0,Medium,Decreasing,High Screen Time,2026-01-14 21:00:00
1551,130,2026-01-15,2026-01-21,49.09,7.3,8.12,5.58,0,Medium,Increasing,Low Mood,2026-01-21 21:00:00
1552,130,2026-01-22,2026-01-28,48.21,6.73,8.0,5.04,0,Medium,Stable,Low Mood,2026-01-28 21:00:00
1553,130,2026-01-29,2026-02-04,64.46,6.4,9.82,7.73,2,Medium,Stable,Academic Pressure,2026-02-04 21:00:00
1554,130,2026-02-05,2026-02-11,57.95,6.79,9.65,5.55,0,Medium,Stable,Low Mood,2026-02-11 21:00:00
1555,130,2026-02-12,2026-02-18,50.57,7.0,8.97,5.14,0,Medium,Stable,Low Mood,2026-02-18 21:00:00
1556,130,2026-02-19,2026-02-25,54.87,6.63,9.05,5.49,0,Medium,Stable,High Screen Time,2026-02-25 21:00:00
1557,130,2026-02-26,2026-03-04,53.08,7.13,8.75,5.63,1,Medium,Increasing,High Screen Time,2026-03-04 21:00:00
1558,130,2026-03-05,2026-03-11,55.78,6.42,8.69,5.19,0,Medium,Stable,Low Mood,2026-03-11 21:00:00
1559,130,2026-03-12,2026-03-18,66.38,6.18,10.26,7.48,1,Medium,Stable,High Fatigue,2026-03-18 21:00:00
1560,130,2026-03-19,2026-03-25,56.69,6.75,8.78,5.46,0,Medium,Increasing,High Screen Time,2026-03-25 21:00:00
1561,131,2026-01-01,2026-01-07,49.73,7.68,5.95,4.04,0,Medium,Stable,Stable Routine,2026-01-07 21:00:00
1562,131,2026-01-08,2026-01-14,44.11,7.84,5.72,3.8,0,Medium,Stable,Stable Routine,2026-01-14 21:00:00
1563,131,2026-01-15,2026-01-21,45.34,7.91,6.23,4.38,0,Medium,Stable,Academic Pressure,2026-01-21 21:00:00
1564,131,2026-01-22,2026-01-28,45.31,7.28,5.66,4.19,0,Medium,Stable,Stable Routine,2026-01-28 21:00:00
1565,131,2026-01-29,2026-02-04,59.72,6.9,6.11,5.84,1,Medium,Decreasing,Academic Pressure,2026-02-04 21:00:00
1566,131,2026-02-05,2026-02-11,50.08,7.84,6.22,4.35,1,Medium,Decreasing,Academic Pressure,2026-02-11 21:00:00
1567,131,2026-02-12,2026-02-18,50.04,7.62,6.4,4.18,0,Medium,Stable,Stable Routine,2026-02-18 21:00:00
1568,131,2026-02-19,2026-02-25,48.09,7.79,6.08,3.93,0,Medium,Stable,Low Mood,2026-02-25 21:00:00
1569,131,2026-02-26,2026-03-04,50.0,7.53,5.81,4.43,0,Medium,Stable,Low Mood,2026-03-04 21:00:00
1570,131,2026-03-05,2026-03-11,46.92,7.57,5.99,4.76,0,Medium,Stable,Low Mood,2026-03-11 21:00:00
1571,131,2026-03-12,2026-03-18,56.48,7.13,7.17,5.62,0,Medium,Stable,Low Mood,2026-03-18 21:00:00
1572,131,2026-03-19,2026-03-25,51.54,7.97,5.34,4.7,0,Medium,Decreasing,Stable Routine,2026-03-25 21:00:00
1573,132,2026-01-01,2026-01-07,53.26,6.07,6.71,3.85,0,Medium,Stable,Stable Routine,2026-01-07 21:00:00
1574,132,2026-01-08,2026-01-14,53.67,6.24,6.32,4.38,0,Medium,Increasing,Low Mood,2026-01-14 21:00:00
1575,132,2026-01-15,2026-01-21,53.44,6.29,6.71,4.39,0,Medium,Stable,Low Mood,2026-01-21 21:00:00
1576,132,2026-01-22,2026-01-28,52.32,5.81,7.31,3.77,0,Medium,Decreasing,Sleep Deficit,2026-01-28 21:00:00
1577,132,2026-01-29,2026-02-04,63.04,5.54,8.12,5.81,0,Medium,Increasing,Academic Pressure,2026-02-04 21:00:00
1578,132,2026-02-05,2026-02-11,48.82,6.21,6.63,5.07,0,Medium,Stable,Stable Routine,2026-02-11 21:00:00
1579,132,2026-02-12,2026-02-18,49.88,6.72,7.09,4.74,0,Medium,Increasing,Low Mood,2026-02-18 21:00:00
1580,132,2026-02-19,2026-02-25,51.45,6.16,7.43,4.11,0,Medium,Stable,Low Mood,2026-02-25 21:00:00
1581,132,2026-02-26,2026-03-04,49.62,5.93,6.73,4.51,0,Medium,Decreasing,Sleep Deficit,2026-03-04 21:00:00
1582,132,2026-03-05,2026-03-11,53.34,5.92,6.53,3.76,0,Medium,Stable,Sleep Deficit,2026-03-11 21:00:00
1583,132,2026-03-12,2026-03-18,70.71,5.56,7.9,6.33,5,High,Stable,Academic Pressure,2026-03-18 21:00:00
1584,132,2026-03-19,2026-03-25,50.59,6.03,6.92,4.91,0,Medium,Decreasing,Academic Pressure,2026-03-25 21:00:00
1585,133,2026-01-01,2026-01-07,47.95,6.41,3.43,3.34,0,Medium,Increasing,Stable Routine,2026-01-07 21:00:00
1586,133,2026-01-08,2026-01-14,43.61,6.59,3.55,3.73,0,Medium,Stable,Stable Routine,2026-01-14 21:00:00
1587,133,2026-01-15,2026-01-21,49.95,6.65,3.92,3.63,0,Medium,Stable,Stable Routine,2026-01-21 21:00:00
1588,133,2026-01-22,2026-01-28,45.99,6.4,4.14,3.97,0,Medium,Increasing,Stable Routine,2026-01-28 21:00:00
1589,133,2026-01-29,2026-02-04,58.06,5.78,4.93,5.18,0,Medium,Stable,Academic Pressure,2026-02-04 21:00:00
1590,133,2026-02-05,2026-02-11,51.58,6.32,3.68,4.19,0,Medium,Decreasing,Low Mood,2026-02-11 21:00:00
1591,133,2026-02-12,2026-02-18,42.58,6.66,3.85,3.7,0,Medium,Decreasing,Low Mood,2026-02-18 21:00:00
1592,133,2026-02-19,2026-02-25,41.34,6.95,3.9,3.89,0,Medium,Increasing,Stable Routine,2026-02-25 21:00:00
1593,133,2026-02-26,2026-03-04,48.48,6.38,4.01,3.82,0,Medium,Stable,Stable Routine,2026-03-04 21:00:00
1594,133,2026-03-05,2026-03-11,44.19,6.74,4.76,3.14,0,Medium,Decreasing,Stable Routine,2026-03-11 21:00:00
1595,133,2026-03-12,2026-03-18,56.87,6.08,4.55,5.34,0,Medium,Increasing,Low Mood,2026-03-18 21:00:00
1596,133,2026-03-19,2026-03-25,41.59,6.64,4.39,3.81,0,Medium,Decreasing,Stable Routine,2026-03-25 21:00:00
1597,134,2026-01-01,2026-01-07,48.25,6.76,4.95,4.8,0,Medium,Increasing,Low Mood,2026-01-07 21:00:00
1598,134,2026-01-08,2026-01-14,47.83,6.9,4.98,5.34,0,Medium,Decreasing,Low Mood,2026-01-14 21:00:00
1599,134,2026-01-15,2026-01-21,40.97,7.17,3.69,4.09,0,Low,Stable,Low Physical Activity,2026-01-21 21:00:00
1600,134,2026-01-22,2026-01-28,48.27,6.86,3.8,4.51,0,Medium,Stable,Stable Routine,2026-01-28 21:00:00
1601,134,2026-01-29,2026-02-04,59.51,6.19,5.7,6.42,1,Medium,Stable,Academic Pressure,2026-02-04 21:00:00
1602,134,2026-02-05,2026-02-11,48.23,6.55,4.22,4.83,0,Medium,Decreasing,Academic Pressure,2026-02-11 21:00:00
1603,134,2026-02-12,2026-02-18,45.77,6.73,3.99,4.92,0,Medium,Stable,Low Physical Activity,2026-02-18 21:00:00
1604,134,2026-02-19,2026-02-25,51.73,6.87,3.87,4.71,1,Medium,Stable,Academic Pressure,2026-02-25 21:00:00
1605,134,2026-02-26,2026-03-04,50.92,6.93,4.58,6.18,0,Medium,Stable,Low Mood,2026-03-04 21:00:00
1606,134,2026-03-05,2026-03-11,46.52,6.98,4.98,4.93,0,Medium,Stable,Low Physical Activity,2026-03-11 21:00:00
1607,134,2026-03-12,2026-03-18,58.56,6.34,4.85,6.35,1,Medium,Stable,Academic Pressure,2026-03-18 21:00:00
1608,134,2026-03-19,2026-03-25,51.76,6.97,4.19,4.98,1,Medium,Decreasing,Academic Pressure,2026-03-25 21:00:00
1609,135,2026-01-01,2026-01-07,47.0,8.14,7.05,3.83,0,Medium,Stable,Stable Routine,2026-01-07 21:00:00
1610,135,2026-01-08,2026-01-14,51.15,8.63,6.99,3.37,0,Medium,Stable,Low Mood,2026-01-14 21:00:00
1611,135,2026-01-15,2026-01-21,48.98,8.35,6.78,3.24,0,Medium,Stable,Stable Routine,2026-01-21 21:00:00
1612,135,2026-01-22,2026-01-28,50.99,8.55,6.61,3.43,0,Medium,Stable,Stable Routine,2026-01-28 21:00:00
1613,135,2026-01-29,2026-02-04,58.63,7.72,7.81,4.82,1,Medium,Stable,Academic Pressure,2026-02-04 21:00:00
1614,135,2026-02-05,2026-02-11,52.33,7.93,7.21,3.2,0,Medium,Stable,Academic Pressure,2026-02-11 21:00:00
1615,135,2026-02-12,2026-02-18,51.4,8.13,7.8,3.44,0,Medium,Decreasing,Low Mood,2026-02-18 21:00:00
1616,135,2026-02-19,2026-02-25,51.04,8.31,7.48,2.89,0,Medium,Decreasing,Academic Pressure,2026-02-25 21:00:00
1617,135,2026-02-26,2026-03-04,52.33,8.48,6.74,3.37,0,Medium,Stable,Low Mood,2026-03-04 21:00:00
1618,135,2026-03-05,2026-03-11,51.5,8.01,7.19,3.12,0,Medium,Decreasing,Low Mood,2026-03-11 21:00:00
1619,135,2026-03-12,2026-03-18,62.57,7.71,8.23,4.99,2,Medium,Increasing,Academic Pressure,2026-03-18 21:00:00
1620,135,2026-03-19,2026-03-25,49.36,8.06,7.2,3.27,0,Medium,Decreasing,Academic Pressure,2026-03-25 21:00:00
1621,136,2026-01-01,2026-01-07,51.14,8.05,4.59,4.31,0,Medium,Increasing,Academic Pressure,2026-01-07 21:00:00
1622,136,2026-01-08,2026-01-14,52.35,7.49,4.73,3.93,0,Medium,Decreasing,Academic Pressure,2026-01-14 21:00:00
1623,136,2026-01-15,2026-01-21,53.78,7.56,4.72,4.62,0,Medium,Stable,Academic Pressure,2026-01-21 21:00:00
1624,136,2026-01-22,2026-01-28,52.2,7.77,5.32,4.23,0,Medium,Stable,Academic Pressure,2026-01-28 21:00:00
1625,136,2026-01-29,2026-02-04,64.87,7.5,5.78,5.87,2,Medium,Decreasing,Academic Pressure,2026-02-04 21:00:00
1626,136,2026-02-05,2026-02-11,55.61,7.18,4.83,4.76,0,Medium,Decreasing,Academic Pressure,2026-02-11 21:00:00
1627,136,2026-02-12,2026-02-18,53.37,7.64,4.69,3.73,0,Medium,Decreasing,Academic Pressure,2026-02-18 21:00:00
1628,136,2026-02-19,2026-02-25,51.23,7.58,4.32,3.23,0,Medium,Stable,Academic Pressure,2026-02-25 21:00:00
1629,136,2026-02-26,2026-03-04,54.74,7.67,4.67,4.8,0,Medium,Stable,Academic Pressure,2026-03-04 21:00:00
1630,136,2026-03-05,2026-03-11,50.79,7.98,4.88,4.73,0,Medium,Stable,Academic Pressure,2026-03-11 21:00:00
1631,136,2026-03-12,2026-03-18,63.94,6.98,5.92,5.99,2,Medium,Stable,Academic Pressure,2026-03-18 21:00:00
1632,136,2026-03-19,2026-03-25,57.63,7.68,4.95,4.62,0,Medium,Stable,Academic Pressure,2026-03-25 21:00:00
1633,137,2026-01-01,2026-01-07,50.7,6.2,5.31,3.41,0,Medium,Increasing,Sleep Deficit,2026-01-07 21:00:00
1634,137,2026-01-08,2026-01-14,40.99,6.31,4.53,2.94,0,Medium,Stable,Sleep Deficit,2026-01-14 21:00:00
1635,137,2026-01-15,2026-01-21,53.5,6.54,5.26,3.36,0,Medium,Stable,Sleep Deficit,2026-01-21 21:00:00
1636,137,2026-01-22,2026-01-28,50.66,6.41,4.69,3.27,0,Medium,Stable,Stable Routine,2026-01-28 21:00:00
1637,137,2026-01-29,2026-02-04,61.73,6.51,6.09,5.06,1,Medium,Stable,Low Mood,2026-02-04 21:00:00
1638,137,2026-02-05,2026-02-11,51.72,6.33,5.07,3.12,0,Medium,Stable,Low Mood,2026-02-11 21:00:00
1639,137,2026-02-12,2026-02-18,53.07,6.15,4.94,2.88,1,Medium,Stable,Low Mood,2026-02-18 21:00:00
1640,137,2026-02-19,2026-02-25,46.23,6.41,5.1,3.48,0,Medium,Decreasing,Low Mood,2026-02-25 21:00:00
1641,137,2026-02-26,2026-03-04,45.4,6.61,4.26,3.78,0,Medium,Increasing,Stable Routine,2026-03-04 21:00:00
1642,137,2026-03-05,2026-03-11,51.64,6.39,4.72,3.15,0,Medium,Increasing,Low Mood,2026-03-11 21:00:00
1643,137,2026-03-12,2026-03-18,60.35,6.07,5.84,5.26,0,Medium,Stable,Low Mood,2026-03-18 21:00:00
1644,137,2026-03-19,2026-03-25,52.0,6.25,4.89,3.83,0,Medium,Decreasing,Low Mood,2026-03-25 21:00:00
1645,138,2026-01-01,2026-01-07,51.14,6.45,3.76,2.42,0,Medium,Stable,Academic Pressure,2026-01-07 21:00:00
1646,138,2026-01-08,2026-01-14,48.9,7.0,3.81,2.41,0,Medium,Stable,Low Mood,2026-01-14 21:00:00
1647,138,2026-01-15,2026-01-21,53.32,6.74,4.14,2.63,0,Medium,Decreasing,Academic Pressure,2026-01-21 21:00:00
1648,138,2026-01-22,2026-01-28,51.75,6.7,4.06,2.79,0,Medium,Stable,Low Mood,2026-01-28 21:00:00
1649,138,2026-01-29,2026-02-04,62.15,6.45,4.08,4.14,2,Medium,Decreasing,Academic Pressure,2026-02-04 21:00:00
1650,138,2026-02-05,2026-02-11,51.44,6.71,3.71,3.31,0,Medium,Decreasing,Low Mood,2026-02-11 21:00:00
1651,138,2026-02-12,2026-02-18,50.46,7.16,4.25,2.99,0,Medium,Decreasing,Academic Pressure,2026-02-18 21:00:00
1652,138,2026-02-19,2026-02-25,52.67,6.64,3.64,2.59,0,Medium,Stable,Low Mood,2026-02-25 21:00:00
1653,138,2026-02-26,2026-03-04,52.12,6.93,3.19,2.25,0,Medium,Stable,Academic Pressure,2026-03-04 21:00:00
1654,138,2026-03-05,2026-03-11,52.81,6.61,3.82,3.18,0,Medium,Stable,Low Mood,2026-03-11 21:00:00
1655,138,2026-03-12,2026-03-18,68.53,6.08,5.37,4.51,4,High,Stable,Academic Pressure,2026-03-18 21:00:00
1656,138,2026-03-19,2026-03-25,49.95,6.97,3.86,2.6,0,Medium,Stable,Low Mood,2026-03-25 21:00:00
1657,139,2026-01-01,2026-01-07,54.55,5.55,6.01,3.79,0,Medium,Stable,Sleep Deficit,2026-01-07 21:00:00
1658,139,2026-01-08,2026-01-14,56.45,5.99,6.21,3.49,0,Medium,Decreasing,Sleep Deficit,2026-01-14 21:00:00
1659,139,2026-01-15,2026-01-21,59.0,5.85,6.83,3.37,0,Medium,Increasing,Low Mood,2026-01-21 21:00:00
1660,139,2026-01-22,2026-01-28,55.45,5.82,6.14,2.82,0,Medium,Stable,Low Mood,2026-01-28 21:00:00
1661,139,2026-01-29,2026-02-04,64.97,5.58,6.88,5.4,3,Medium,Stable,High Fatigue,2026-02-04 21:00:00
1662,139,2026-02-05,2026-02-11,54.9,5.85,6.36,3.63,0,Medium,Stable,Sleep Deficit,2026-02-11 21:00:00
1663,139,2026-02-12,2026-02-18,48.4,5.52,6.16,3.76,0,Medium,Stable,Sleep Deficit,2026-02-18 21:00:00
1664,139,2026-02-19,2026-02-25,55.04,5.62,5.86,3.76,0,Medium,Decreasing,Low Mood,2026-02-25 21:00:00
1665,139,2026-02-26,2026-03-04,53.8,5.6,5.81,3.62,1,Medium,Stable,Sleep Deficit,2026-03-04 21:00:00
1666,139,2026-03-05,2026-03-11,56.42,6.25,6.83,3.22,0,Medium,Stable,Low Mood,2026-03-11 21:00:00
1667,139,2026-03-12,2026-03-18,70.05,5.4,7.83,5.97,4,High,Stable,Academic Pressure,2026-03-18 21:00:00
1668,139,2026-03-19,2026-03-25,54.15,5.78,6.81,3.78,0,Medium,Decreasing,Low Mood,2026-03-25 21:00:00
1669,140,2026-01-01,2026-01-07,55.53,6.93,6.7,4.12,0,Medium,Stable,Low Mood,2026-01-07 21:00:00
1670,140,2026-01-08,2026-01-14,51.84,6.63,6.64,4.39,0,Medium,Increasing,Stable Routine,2026-01-14 21:00:00
1671,140,2026-01-15,2026-01-21,47.41,7.16,6.04,3.87,0,Medium,Stable,Low Mood,2026-01-21 21:00:00
1672,140,2026-01-22,2026-01-28,49.59,6.8,6.09,3.57,0,Medium,Stable,Academic Pressure,2026-01-28 21:00:00
1673,140,2026-01-29,2026-02-04,66.11,6.62,6.73,5.35,3,Medium,Decreasing,Academic Pressure,2026-02-04 21:00:00
1674,140,2026-02-05,2026-02-11,48.46,7.11,6.73,4.48,0,Medium,Stable,Low Mood,2026-02-11 21:00:00
1675,140,2026-02-12,2026-02-18,48.78,7.16,5.83,3.86,0,Medium,Stable,Stable Routine,2026-02-18 21:00:00
1676,140,2026-02-19,2026-02-25,52.12,7.21,5.71,3.59,0,Medium,Stable,Low Mood,2026-02-25 21:00:00
1677,140,2026-02-26,2026-03-04,53.78,6.8,6.72,4.07,0,Medium,Stable,Low Mood,2026-03-04 21:00:00
1678,140,2026-03-05,2026-03-11,47.0,7.38,6.08,4.02,0,Medium,Stable,Academic Pressure,2026-03-11 21:00:00
1679,140,2026-03-12,2026-03-18,64.4,6.4,7.68,6.14,2,Medium,Stable,Academic Pressure,2026-03-18 21:00:00
1680,140,2026-03-19,2026-03-25,48.37,7.12,5.63,4.35,0,Medium,Stable,Academic Pressure,2026-03-25 21:00:00
1681,141,2026-01-01,2026-01-07,50.51,7.37,6.49,2.79,0,Medium,Increasing,Low Physical Activity,2026-01-07 21:00:00
1682,141,2026-01-08,2026-01-14,49.34,7.82,4.66,2.1,1,Medium,Increasing,Low Physical Activity,2026-01-14 21:00:00
1683,141,2026-01-15,2026-01-21,49.62,7.42,5.99,2.66,0,Medium,Stable,Low Mood,2026-01-21 21:00:00
1684,141,2026-01-22,2026-01-28,48.68,7.18,5.87,2.52,0,Medium,Stable,Low Physical Activity,2026-01-28 21:00:00
1685,141,2026-01-29,2026-02-04,62.34,7.16,6.9,3.55,0,Medium,Stable,Academic Pressure,2026-02-04 21:00:00
1686,141,2026-02-05,2026-02-11,52.98,7.26,5.39,2.9,0,Medium,Decreasing,Low Mood,2026-02-11 21:00:00
1687,141,2026-02-12,2026-02-18,52.05,7.8,5.43,2.82,0,Medium,Stable,Low Mood,2026-02-18 21:00:00
1688,141,2026-02-19,2026-02-25,51.86,6.88,5.75,2.73,0,Medium,Stable,Low Mood,2026-02-25 21:00:00
1689,141,2026-02-26,2026-03-04,51.44,7.75,4.95,3.03,0,Medium,Stable,Low Mood,2026-03-04 21:00:00
1690,141,2026-03-05,2026-03-11,53.85,7.19,5.85,2.7,0,Medium,Stable,Low Mood,2026-03-11 21:00:00
1691,141,2026-03-12,2026-03-18,59.02,7.32,6.15,4.25,0,Medium,Stable,Academic Pressure,2026-03-18 21:00:00
1692,141,2026-03-19,2026-03-25,52.02,7.38,5.11,3.17,0,Medium,Decreasing,Low Physical Activity,2026-03-25 21:00:00
1693,142,2026-01-01,2026-01-07,54.63,6.35,7.96,4.21,0,Medium,Increasing,High Screen Time,2026-01-07 21:00:00
1694,142,2026-01-08,2026-01-14,54.58,6.32,7.08,4.44,0,Medium,Stable,Sleep Deficit,2026-01-14 21:00:00
1695,142,2026-01-15,2026-01-21,53.42,6.39,6.89,3.94,0,Medium,Decreasing,Stable Routine,2026-01-21 21:00:00
1696,142,2026-01-22,2026-01-28,59.31,6.12,7.07,3.35,1,Medium,Increasing,Sleep Deficit,2026-01-28 21:00:00
1697,142,2026-01-29,2026-02-04,66.84,5.86,7.96,5.99,3,Medium,Increasing,Academic Pressure,2026-02-04 21:00:00
1698,142,2026-02-05,2026-02-11,53.41,6.16,6.41,4.22,0,Medium,Increasing,Low Mood,2026-02-11 21:00:00
1699,142,2026-02-12,2026-02-18,53.36,6.75,7.19,4.12,0,Medium,Stable,Low Mood,2026-02-18 21:00:00
1700,142,2026-02-19,2026-02-25,53.15,6.53,6.97,3.94,0,Medium,Stable,Low Mood,2026-02-25 21:00:00
1701,142,2026-02-26,2026-03-04,57.78,6.23,7.13,3.94,1,Medium,Stable,Low Mood,2026-03-04 21:00:00
1702,142,2026-03-05,2026-03-11,48.71,6.44,7.2,4.1,0,Medium,Decreasing,Low Mood,2026-03-11 21:00:00
1703,142,2026-03-12,2026-03-18,67.61,5.46,7.97,5.4,3,Medium,Decreasing,Academic Pressure,2026-03-18 21:00:00
1704,142,2026-03-19,2026-03-25,51.41,6.16,7.4,4.36,0,Medium,Decreasing,Stable Routine,2026-03-25 21:00:00
1705,143,2026-01-01,2026-01-07,52.82,7.14,7.88,3.49,0,Medium,Stable,Low Mood,2026-01-07 21:00:00
1706,143,2026-01-08,2026-01-14,50.85,6.83,7.62,4.45,0,Medium,Decreasing,High Screen Time,2026-01-14 21:00:00
1707,143,2026-01-15,2026-01-21,54.36,7.14,7.0,4.63,0,Medium,Stable,Low Mood,2026-01-21 21:00:00
1708,143,2026-01-22,2026-01-28,52.07,7.25,8.1,4.63,0,Medium,Stable,Low Physical Activity,2026-01-28 21:00:00
1709,143,2026-01-29,2026-02-04,63.77,6.98,8.13,6.45,2,Medium,Increasing,Academic Pressure,2026-02-04 21:00:00
1710,143,2026-02-05,2026-02-11,52.2,7.11,7.6,3.99,0,Medium,Decreasing,Academic Pressure,2026-02-11 21:00:00
1711,143,2026-02-12,2026-02-18,53.97,7.08,6.78,4.53,0,Medium,Stable,Low Mood,2026-02-18 21:00:00
1712,143,2026-02-19,2026-02-25,53.99,7.44,7.19,4.17,0,Medium,Stable,Low Mood,2026-02-25 21:00:00
1713,143,2026-02-26,2026-03-04,48.67,7.56,7.1,4.48,0,Medium,Stable,Stable Routine,2026-03-04 21:00:00
1714,143,2026-03-05,2026-03-11,51.94,7.34,8.12,4.46,0,Medium,Decreasing,Low Mood,2026-03-11 21:00:00
1715,143,2026-03-12,2026-03-18,66.52,6.93,8.74,6.96,2,Medium,Stable,Academic Pressure,2026-03-18 21:00:00
1716,143,2026-03-19,2026-03-25,50.26,7.54,7.29,5.25,1,Medium,Stable,Academic Pressure,2026-03-25 21:00:00
1717,144,2026-01-01,2026-01-07,51.62,6.43,6.59,2.45,0,Medium,Increasing,Academic Pressure,2026-01-07 21:00:00
1718,144,2026-01-08,2026-01-14,52.61,6.39,6.99,3.14,0,Medium,Stable,Academic Pressure,2026-01-14 21:00:00
1719,144,2026-01-15,2026-01-21,56.42,5.98,6.45,3.05,0,Medium,Stable,Low Mood,2026-01-21 21:00:00
1720,144,2026-01-22,2026-01-28,57.87,6.29,6.28,3.01,0,Medium,Increasing,Low Mood,2026-01-28 21:00:00
1721,144,2026-01-29,2026-02-04,68.36,5.98,7.79,4.85,3,Medium,Stable,Academic Pressure,2026-02-04 21:00:00
1722,144,2026-02-05,2026-02-11,54.27,6.38,7.16,3.54,1,Medium,Decreasing,Academic Pressure,2026-02-11 21:00:00
1723,144,2026-02-12,2026-02-18,56.39,6.43,7.01,2.84,0,Medium,Stable,Low Mood,2026-02-18 21:00:00
1724,144,2026-02-19,2026-02-25,49.59,6.71,6.54,2.75,0,Medium,Stable,Stable Routine,2026-02-25 21:00:00
1725,144,2026-02-26,2026-03-04,56.41,6.68,6.64,2.88,0,Medium,Stable,Academic Pressure,2026-03-04 21:00:00
1726,144,2026-03-05,2026-03-11,51.33,6.71,7.43,3.0,0,Medium,Decreasing,Low Mood,2026-03-11 21:00:00
1727,144,2026-03-12,2026-03-18,66.03,5.97,7.37,4.73,2,Medium,Stable,Academic Pressure,2026-03-18 21:00:00
1728,144,2026-03-19,2026-03-25,62.82,6.16,7.09,2.84,1,Medium,Increasing,Academic Pressure,2026-03-25 21:00:00
1729,145,2026-01-01,2026-01-07,53.62,7.12,5.82,1.76,0,Medium,Stable,Academic Pressure,2026-01-07 21:00:00
1730,145,2026-01-08,2026-01-14,54.79,7.69,6.14,0.72,0,Medium,Stable,Low Mood,2026-01-14 21:00:00
1731,145,2026-01-15,2026-01-21,51.29,7.76,6.16,1.67,0,Medium,Stable,Stable Routine,2026-01-21 21:00:00
1732,145,2026-01-22,2026-01-28,49.09,7.26,5.88,1.57,0,Medium,Increasing,Academic Pressure,2026-01-28 21:00:00
1733,145,2026-01-29,2026-02-04,66.96,6.86,7.47,3.28,1,Medium,Stable,Academic Pressure,2026-02-04 21:00:00
1734,145,2026-02-05,2026-02-11,53.17,7.52,5.69,1.43,1,Medium,Decreasing,Academic Pressure,2026-02-11 21:00:00
1735,145,2026-02-12,2026-02-18,55.45,6.96,5.69,1.53,0,Medium,Stable,Stable Routine,2026-02-18 21:00:00
1736,145,2026-02-19,2026-02-25,50.36,7.31,5.38,1.3,0,Medium,Stable,Academic Pressure,2026-02-25 21:00:00
1737,145,2026-02-26,2026-03-04,50.82,7.27,6.16,1.34,0,Medium,Decreasing,Stable Routine,2026-03-04 21:00:00
1738,145,2026-03-05,2026-03-11,53.45,7.64,5.89,1.35,0,Medium,Increasing,Academic Pressure,2026-03-11 21:00:00
1739,145,2026-03-12,2026-03-18,68.4,6.48,6.45,3.28,4,High,Stable,Academic Pressure,2026-03-18 21:00:00
1740,145,2026-03-19,2026-03-25,50.8,7.48,6.34,1.82,0,Medium,Stable,Academic Pressure,2026-03-25 21:00:00
1741,146,2026-01-01,2026-01-07,47.24,7.93,6.05,3.76,0,Medium,Increasing,Low Mood,2026-01-07 21:00:00
1742,146,2026-01-08,2026-01-14,50.95,8.29,5.89,4.22,0,Medium,Stable,Low Mood,2026-01-14 21:00:00
1743,146,2026-01-15,2026-01-21,51.52,7.49,5.73,4.02,0,Medium,Stable,High Caffeine Intake,2026-01-21 21:00:00
1744,146,2026-01-22,2026-01-28,48.55,7.78,6.04,3.38,0,Medium,Decreasing,High Caffeine Intake,2026-01-28 21:00:00
1745,146,2026-01-29,2026-02-04,61.94,7.11,7.38,6.18,1,Medium,Increasing,Academic Pressure,2026-02-04 21:00:00
1746,146,2026-02-05,2026-02-11,50.92,7.19,6.16,4.9,0,Medium,Decreasing,Academic Pressure,2026-02-11 21:00:00
1747,146,2026-02-12,2026-02-18,51.23,7.33,5.8,4.49,0,Medium,Stable,Low Mood,2026-02-18 21:00:00
1748,146,2026-02-19,2026-02-25,51.45,7.04,6.46,3.67,0,Medium,Increasing,Health Issue,2026-02-25 21:00:00
1749,146,2026-02-26,2026-03-04,48.82,7.53,5.03,3.83,0,Medium,Increasing,Low Mood,2026-03-04 21:00:00
1750,146,2026-03-05,2026-03-11,53.5,7.58,6.27,3.84,0,Medium,Stable,High Caffeine Intake,2026-03-11 21:00:00
1751,146,2026-03-12,2026-03-18,66.83,6.72,6.47,5.45,3,Medium,Stable,Academic Pressure,2026-03-18 21:00:00
1752,146,2026-03-19,2026-03-25,54.44,7.67,5.81,3.79,1,Medium,Decreasing,High Fatigue,2026-03-25 21:00:00
1753,147,2026-01-01,2026-01-07,55.33,6.48,5.0,3.73,0,Medium,Decreasing,Academic Pressure,2026-01-07 21:00:00
1754,147,2026-01-08,2026-01-14,54.75,7.14,4.46,2.77,0,Medium,Decreasing,Academic Pressure,2026-01-14 21:00:00
1755,147,2026-01-15,2026-01-21,56.44,6.72,5.14,3.66,0,Medium,Stable,Academic Pressure,2026-01-21 21:00:00
1756,147,2026-01-22,2026-01-28,56.06,6.67,5.07,4.1,0,Medium,Stable,Academic Pressure,2026-01-28 21:00:00
1757,147,2026-01-29,2026-02-04,69.36,6.24,6.27,5.58,4,High,Increasing,Academic Pressure,2026-02-04 21:00:00
1758,147,2026-02-05,2026-02-11,52.47,6.52,5.27,3.62,0,Medium,Stable,Academic Pressure,2026-02-11 21:00:00
1759,147,2026-02-12,2026-02-18,54.37,6.54,4.7,3.4,0,Medium,Stable,Academic Pressure,2026-02-18 21:00:00
1760,147,2026-02-19,2026-02-25,59.23,6.7,5.77,3.25,0,Medium,Stable,Academic Pressure,2026-02-25 21:00:00
1761,147,2026-02-26,2026-03-04,58.0,6.39,4.44,2.83,0,Medium,Stable,Academic Pressure,2026-03-04 21:00:00
1762,147,2026-03-05,2026-03-11,56.36,6.82,4.45,3.21,1,Medium,Decreasing,Academic Pressure,2026-03-11 21:00:00
1763,147,2026-03-12,2026-03-18,69.16,5.95,5.73,5.26,4,High,Stable,Academic Pressure,2026-03-18 21:00:00
1764,147,2026-03-19,2026-03-25,56.58,6.29,5.49,4.28,1,Medium,Decreasing,Academic Pressure,2026-03-25 21:00:00
1765,148,2026-01-01,2026-01-07,58.93,6.37,6.36,2.93,0,Medium,Increasing,Academic Pressure,2026-01-07 21:00:00
1766,148,2026-01-08,2026-01-14,59.42,6.41,6.8,3.39,0,Medium,Stable,Academic Pressure,2026-01-14 21:00:00
1767,148,2026-01-15,2026-01-21,57.74,6.46,6.08,3.28,0,Medium,Increasing,Academic Pressure,2026-01-21 21:00:00
1768,148,2026-01-22,2026-01-28,54.73,6.59,6.92,3.32,0,Medium,Stable,Academic Pressure,2026-01-28 21:00:00
1769,148,2026-01-29,2026-02-04,73.85,5.99,6.97,4.51,6,High,Stable,Academic Pressure,2026-02-04 21:00:00
1770,148,2026-02-05,2026-02-11,54.65,6.65,6.28,2.98,0,Medium,Decreasing,Academic Pressure,2026-02-11 21:00:00
1771,148,2026-02-12,2026-02-18,57.51,6.62,6.16,3.69,1,Medium,Stable,Low Mood,2026-02-18 21:00:00
1772,148,2026-02-19,2026-02-25,59.92,6.16,6.16,3.06,0,Medium,Stable,Academic Pressure,2026-02-25 21:00:00
1773,148,2026-02-26,2026-03-04,51.94,6.69,6.36,2.86,0,Medium,Stable,Academic Pressure,2026-03-04 21:00:00
1774,148,2026-03-05,2026-03-11,59.5,6.86,6.39,2.53,1,Medium,Stable,Academic Pressure,2026-03-11 21:00:00
1775,148,2026-03-12,2026-03-18,65.62,5.93,7.78,5.28,1,Medium,Decreasing,Academic Pressure,2026-03-18 21:00:00
1776,148,2026-03-19,2026-03-25,58.1,6.33,6.27,3.17,0,Medium,Stable,Academic Pressure,2026-03-25 21:00:00
1777,149,2026-01-01,2026-01-07,54.36,6.34,5.92,5.12,0,Medium,Stable,Low Mood,2026-01-07 21:00:00
1778,149,2026-01-08,2026-01-14,49.94,6.27,5.49,5.17,0,Medium,Stable,Low Mood,2026-01-14 21:00:00
1779,149,2026-01-15,2026-01-21,54.88,5.84,6.05,4.82,0,Medium,Stable,Sleep Deficit,2026-01-21 21:00:00
1780,149,2026-01-22,2026-01-28,49.19,6.23,5.8,5.07,0,Medium,Decreasing,Low Physical Activity,2026-01-28 21:00:00
1781,149,2026-01-29,2026-02-04,68.52,5.27,7.15,6.75,3,Medium,Stable,High Fatigue,2026-02-04 21:00:00
1782,149,2026-02-05,2026-02-11,58.0,5.73,6.0,5.24,1,Medium,Decreasing,Sleep Deficit,2026-02-11 21:00:00
1783,149,2026-02-12,2026-02-18,49.22,6.47,5.73,5.26,0,Medium,Stable,Low Physical Activity,2026-02-18 21:00:00
1784,149,2026-02-19,2026-02-25,55.47,5.9,6.24,5.23,0,Medium,Stable,Low Mood,2026-02-25 21:00:00
1785,149,2026-02-26,2026-03-04,56.27,6.34,5.2,4.83,0,Medium,Stable,Low Physical Activity,2026-03-04 21:00:00
1786,149,2026-03-05,2026-03-11,54.28,6.0,6.36,5.56,0,Medium,Decreasing,Low Mood,2026-03-11 21:00:00
1787,149,2026-03-12,2026-03-18,64.1,5.93,6.86,6.92,2,Medium,Increasing,Low Physical Activity,2026-03-18 21:00:00
1788,149,2026-03-19,2026-03-25,50.61,6.1,5.53,6.24,0,Medium,Stable,Low Mood,2026-03-25 21:00:00
1789,150,2026-01-01,2026-01-07,51.04,5.89,3.89,3.96,0,Medium,Increasing,Low Mood,2026-01-07 21:00:00
1790,150,2026-01-08,2026-01-14,49.59,6.1,3.9,4.26,0,Medium,Decreasing,Low Mood,2026-01-14 21:00:00
1791,150,2026-01-15,2026-01-21,45.62,6.59,3.25,3.91,0,Medium,Stable,Low Mood,2026-01-21 21:00:00
1792,150,2026-01-22,2026-01-28,52.66,5.78,3.97,3.57,0,Medium,Stable,Sleep Deficit,2026-01-28 21:00:00
1793,150,2026-01-29,2026-02-04,64.23,5.57,3.68,5.7,0,Medium,Stable,Academic Pressure,2026-02-04 21:00:00
1794,150,2026-02-05,2026-02-11,55.23,6.06,3.72,3.66,0,Medium,Increasing,Low Mood,2026-02-11 21:00:00
1795,150,2026-02-12,2026-02-18,48.33,6.37,3.41,3.59,0,Medium,Stable,Low Mood,2026-02-18 21:00:00
1796,150,2026-02-19,2026-02-25,51.9,6.14,3.13,3.61,0,Medium,Decreasing,Low Mood,2026-02-25 21:00:00
1797,150,2026-02-26,2026-03-04,52.79,6.16,3.87,3.09,0,Medium,Stable,Low Mood,2026-03-04 21:00:00
1798,150,2026-03-05,2026-03-11,52.66,6.33,4.09,3.86,1,Medium,Stable,Low Mood,2026-03-11 21:00:00
1799,150,2026-03-12,2026-03-18,63.07,5.84,4.94,5.61,2,Medium,Decreasing,Academic Pressure,2026-03-18 21:00:00
1800,150,2026-03-19,2026-03-25,49.36,6.27,3.95,3.72,0,Medium,Decreasing,Low Mood,2026-03-25 21:00:00
1801,151,2026-01-01,2026-01-07,50.78,6.79,6.32,3.99,0,Medium,Decreasing,Low Mood,2026-01-07 21:00:00
1802,151,2026-01-08,2026-01-14,49.86,7.09,6.88,3.97,0,Medium,Stable,Academic Pressure,2026-01-14 21:00:00
1803,151,2026-01-15,2026-01-21,52.15,7.0,5.9,3.59,0,Medium,Increasing,Low Mood,2026-01-21 21:00:00
1804,151,2026-01-22,2026-01-28,54.71,6.37,6.12,3.99,0,Medium,Increasing,Low Mood,2026-01-28 21:00:00
1805,151,2026-01-29,2026-02-04,68.85,6.15,6.37,5.61,4,High,Stable,Academic Pressure,2026-02-04 21:00:00
1806,151,2026-02-05,2026-02-11,59.53,6.37,5.96,4.05,1,Medium,Decreasing,Low Mood,2026-02-11 21:00:00
1807,151,2026-02-12,2026-02-18,46.94,7.12,6.1,3.94,0,Medium,Stable,Stable Routine,2026-02-18 21:00:00
1808,151,2026-02-19,2026-02-25,49.36,6.83,5.91,4.05,0,Medium,Stable,Low Mood,2026-02-25 21:00:00
1809,151,2026-02-26,2026-03-04,46.09,7.0,5.69,4.23,0,Medium,Increasing,Stable Routine,2026-03-04 21:00:00
1810,151,2026-03-05,2026-03-11,52.99,6.67,5.23,3.43,0,Medium,Stable,Academic Pressure,2026-03-11 21:00:00
1811,151,2026-03-12,2026-03-18,70.12,6.13,6.77,5.92,5,High,Stable,Academic Pressure,2026-03-18 21:00:00
1812,151,2026-03-19,2026-03-25,57.23,6.4,6.46,3.92,0,Medium,Stable,Academic Pressure,2026-03-25 21:00:00
1813,152,2026-01-01,2026-01-07,54.54,7.1,8.13,3.35,0,Medium,Increasing,Academic Pressure,2026-01-07 21:00:00
1814,152,2026-01-08,2026-01-14,54.73,7.12,8.67,3.09,0,Medium,Stable,Academic Pressure,2026-01-14 21:00:00
1815,152,2026-01-15,2026-01-21,55.68,6.83,8.72,3.87,0,Medium,Stable,High Screen Time,2026-01-21 21:00:00
1816,152,2026-01-22,2026-01-28,56.73,6.94,8.72,3.3,0,Medium,Stable,Academic Pressure,2026-01-28 21:00:00
1817,152,2026-01-29,2026-02-04,65.21,6.29,9.44,4.56,2,Medium,Stable,Academic Pressure,2026-02-04 21:00:00
1818,152,2026-02-05,2026-02-11,60.16,6.69,8.8,3.67,2,Medium,Decreasing,Academic Pressure,2026-02-11 21:00:00
1819,152,2026-02-12,2026-02-18,56.46,6.8,9.1,4.41,0,Medium,Stable,High Screen Time,2026-02-18 21:00:00
1820,152,2026-02-19,2026-02-25,54.74,7.03,8.48,3.55,0,Medium,Stable,High Screen Time,2026-02-25 21:00:00
1821,152,2026-02-26,2026-03-04,52.81,7.2,7.56,2.93,0,Medium,Stable,Academic Pressure,2026-03-04 21:00:00
1822,152,2026-03-05,2026-03-11,51.78,6.7,8.84,2.55,0,Medium,Stable,High Screen Time,2026-03-11 21:00:00
1823,152,2026-03-12,2026-03-18,67.78,6.29,9.16,5.21,3,Medium,Stable,Academic Pressure,2026-03-18 21:00:00
1824,152,2026-03-19,2026-03-25,55.9,7.05,8.54,3.55,0,Medium,Stable,Academic Pressure,2026-03-25 21:00:00
1825,153,2026-01-01,2026-01-07,57.63,6.8,6.52,5.83,0,Medium,Increasing,Academic Pressure,2026-01-07 21:00:00
1826,153,2026-01-08,2026-01-14,53.9,6.95,7.31,5.91,0,Medium,Increasing,Academic Pressure,2026-01-14 21:00:00
1827,153,2026-01-15,2026-01-21,57.05,6.67,6.78,5.92,0,Medium,Decreasing,Low Mood,2026-01-21 21:00:00
1828,153,2026-01-22,2026-01-28,50.5,7.31,7.32,5.97,0,Medium,Stable,Low Mood,2026-01-28 21:00:00
1829,153,2026-01-29,2026-02-04,68.42,6.13,8.01,8.35,4,High,Stable,Academic Pressure,2026-02-04 21:00:00
1830,153,2026-02-05,2026-02-11,60.22,6.49,7.24,5.9,2,Medium,Stable,Academic Pressure,2026-02-11 21:00:00
1831,153,2026-02-12,2026-02-18,49.55,6.97,7.43,5.35,0,Medium,Increasing,Academic Pressure,2026-02-18 21:00:00
1832,153,2026-02-19,2026-02-25,55.48,6.47,6.65,6.22,0,Medium,Stable,Low Mood,2026-02-25 21:00:00
1833,153,2026-02-26,2026-03-04,55.72,7.19,6.86,4.96,0,Medium,Stable,Low Mood,2026-03-04 21:00:00
1834,153,2026-03-05,2026-03-11,58.85,6.57,7.65,5.84,1,Medium,Increasing,Low Mood,2026-03-11 21:00:00
1835,153,2026-03-12,2026-03-18,70.45,5.85,7.54,7.11,5,High,Decreasing,Academic Pressure,2026-03-18 21:00:00
1836,153,2026-03-19,2026-03-25,58.57,6.66,7.53,6.0,1,Medium,Stable,Academic Pressure,2026-03-25 21:00:00
1837,154,2026-01-01,2026-01-07,46.41,6.23,6.4,4.89,0,Medium,Decreasing,Stable Routine,2026-01-07 21:00:00
1838,154,2026-01-08,2026-01-14,50.74,6.33,5.43,5.09,0,Medium,Stable,Low Mood,2026-01-14 21:00:00
1839,154,2026-01-15,2026-01-21,48.75,6.44,6.15,5.1,0,Medium,Stable,Low Mood,2026-01-21 21:00:00
1840,154,2026-01-22,2026-01-28,48.52,6.52,5.25,5.03,0,Medium,Stable,Low Mood,2026-01-28 21:00:00
1841,154,2026-01-29,2026-02-04,66.82,5.52,6.44,6.84,3,Medium,Stable,High Fatigue,2026-02-04 21:00:00
1842,154,2026-02-05,2026-02-11,52.72,6.18,5.99,5.24,1,Medium,Decreasing,Academic Pressure,2026-02-11 21:00:00
1843,154,2026-02-12,2026-02-18,49.88,5.57,5.64,4.61,0,Medium,Increasing,Sleep Deficit,2026-02-18 21:00:00
1844,154,2026-02-19,2026-02-25,51.59,5.86,5.5,4.81,0,Medium,Stable,Low Mood,2026-02-25 21:00:00
1845,154,2026-02-26,2026-03-04,54.71,6.09,6.12,5.08,0,Medium,Stable,Low Mood,2026-03-04 21:00:00
1846,154,2026-03-05,2026-03-11,49.64,6.11,5.23,4.41,0,Medium,Stable,Low Mood,2026-03-11 21:00:00
1847,154,2026-03-12,2026-03-18,67.26,5.27,5.93,7.48,3,Medium,Increasing,High Fatigue,2026-03-18 21:00:00
1848,154,2026-03-19,2026-03-25,52.42,6.16,5.89,5.11,0,Medium,Stable,Sleep Deficit,2026-03-25 21:00:00
1849,155,2026-01-01,2026-01-07,41.21,8.78,3.54,2.64,0,Low,Decreasing,Stable Routine,2026-01-07 21:00:00
1850,155,2026-01-08,2026-01-14,45.8,8.74,3.76,3.29,0,Medium,Stable,Stable Routine,2026-01-14 21:00:00
1851,155,2026-01-15,2026-01-21,44.27,8.8,3.59,2.67,0,Medium,Stable,Low Mood,2026-01-21 21:00:00
1852,155,2026-01-22,2026-01-28,46.78,8.66,3.98,2.57,0,Medium,Decreasing,High Caffeine Intake,2026-01-28 21:00:00
1853,155,2026-01-29,2026-02-04,56.68,7.7,3.97,3.82,0,Medium,Increasing,Academic Pressure,2026-02-04 21:00:00
1854,155,2026-02-05,2026-02-11,48.59,8.43,4.9,2.59,0,Medium,Decreasing,Low Mood,2026-02-11 21:00:00
1855,155,2026-02-12,2026-02-18,44.27,8.75,4.37,2.56,0,Medium,Decreasing,High Caffeine Intake,2026-02-18 21:00:00
1856,155,2026-02-19,2026-02-25,47.85,8.49,4.77,3.3,0,Medium,Stable,High Caffeine Intake,2026-02-25 21:00:00
1857,155,2026-02-26,2026-03-04,50.33,8.52,4.28,1.8,0,Medium,Stable,Low Mood,2026-03-04 21:00:00
1858,155,2026-03-05,2026-03-11,42.54,8.28,4.14,2.8,0,Medium,Stable,High Caffeine Intake,2026-03-11 21:00:00
1859,155,2026-03-12,2026-03-18,60.94,7.98,4.81,4.4,0,Medium,Stable,Academic Pressure,2026-03-18 21:00:00
1860,155,2026-03-19,2026-03-25,46.75,8.37,4.52,2.95,0,Medium,Decreasing,Stable Routine,2026-03-25 21:00:00
1861,156,2026-01-01,2026-01-07,53.4,7.63,3.88,4.2,0,Medium,Stable,Academic Pressure,2026-01-07 21:00:00
1862,156,2026-01-08,2026-01-14,49.27,7.42,3.29,4.88,0,Medium,Decreasing,Academic Pressure,2026-01-14 21:00:00
1863,156,2026-01-15,2026-01-21,51.7,7.87,4.31,4.64,0,Medium,Increasing,Low Mood,2026-01-21 21:00:00
1864,156,2026-01-22,2026-01-28,49.8,7.58,3.58,3.91,0,Medium,Stable,Academic Pressure,2026-01-28 21:00:00
1865,156,2026-01-29,2026-02-04,65.59,7.52,5.46,6.85,2,Medium,Increasing,Academic Pressure,2026-02-04 21:00:00
1866,156,2026-02-05,2026-02-11,54.77,7.59,3.77,5.03,1,Medium,Stable,Academic Pressure,2026-02-11 21:00:00
1867,156,2026-02-12,2026-02-18,47.21,7.96,3.91,4.94,0,Medium,Decreasing,Academic Pressure,2026-02-18 21:00:00
1868,156,2026-02-19,2026-02-25,55.78,8.2,3.65,4.89,0,Medium,Stable,Academic Pressure,2026-02-25 21:00:00
1869,156,2026-02-26,2026-03-04,51.06,7.87,3.77,4.09,0,Medium,Stable,Academic Pressure,2026-03-04 21:00:00
1870,156,2026-03-05,2026-03-11,46.3,8.32,3.79,4.75,0,Medium,Decreasing,Academic Pressure,2026-03-11 21:00:00
1871,156,2026-03-12,2026-03-18,63.8,7.63,5.23,6.12,0,Medium,Stable,Academic Pressure,2026-03-18 21:00:00
1872,156,2026-03-19,2026-03-25,54.46,8.08,3.33,4.79,1,Medium,Stable,Academic Pressure,2026-03-25 21:00:00
1873,157,2026-01-01,2026-01-07,61.53,6.26,6.77,3.74,0,Medium,Stable,Low Mood,2026-01-07 21:00:00
1874,157,2026-01-08,2026-01-14,54.68,6.3,5.88,3.61,1,Medium,Stable,Academic Pressure,2026-01-14 21:00:00
1875,157,2026-01-15,2026-01-21,53.69,6.37,5.97,4.29,1,Medium,Decreasing,Academic Pressure,2026-01-21 21:00:00
1876,157,2026-01-22,2026-01-28,51.76,6.99,6.52,4.06,0,Medium,Increasing,Academic Pressure,2026-01-28 21:00:00
1877,157,2026-01-29,2026-02-04,67.16,5.6,7.53,5.1,3,Medium,Decreasing,Academic Pressure,2026-02-04 21:00:00
1878,157,2026-02-05,2026-02-11,55.47,6.25,6.46,4.03,0,Medium,Increasing,Academic Pressure,2026-02-11 21:00:00
1879,157,2026-02-12,2026-02-18,59.64,6.0,6.76,3.87,1,Medium,Increasing,Low Mood,2026-02-18 21:00:00
1880,157,2026-02-19,2026-02-25,57.72,6.52,6.65,3.48,0,Medium,Stable,Low Mood,2026-02-25 21:00:00
1881,157,2026-02-26,2026-03-04,57.44,6.26,6.29,3.85,1,Medium,Stable,Academic Pressure,2026-03-04 21:00:00
1882,157,2026-03-05,2026-03-11,56.25,6.38,6.22,3.86,0,Medium,Increasing,Academic Pressure,2026-03-11 21:00:00
1883,157,2026-03-12,2026-03-18,70.95,5.56,7.21,5.35,4,High,Stable,Academic Pressure,2026-03-18 21:00:00
1884,157,2026-03-19,2026-03-25,58.07,6.09,7.2,4.67,1,Medium,Decreasing,Low Mood,2026-03-25 21:00:00
1885,158,2026-01-01,2026-01-07,52.53,5.64,6.09,2.35,0,Medium,Decreasing,Sleep Deficit,2026-01-07 21:00:00
1886,158,2026-01-08,2026-01-14,50.62,5.79,5.99,2.87,0,Medium,Stable,Sleep Deficit,2026-01-14 21:00:00
1887,158,2026-01-15,2026-01-21,55.11,5.77,6.6,2.43,0,Medium,Decreasing,Low Mood,2026-01-21 21:00:00
1888,158,2026-01-22,2026-01-28,55.67,5.67,6.55,2.59,0,Medium,Decreasing,Low Mood,2026-01-28 21:00:00
1889,158,2026-01-29,2026-02-04,68.61,5.1,7.79,4.74,4,High,Decreasing,High Fatigue,2026-02-04 21:00:00
1890,158,2026-02-05,2026-02-11,50.49,5.84,6.83,3.14,0,Medium,Decreasing,Stable Routine,2026-02-11 21:00:00
1891,158,2026-02-12,2026-02-18,57.88,5.46,6.61,2.62,1,Medium,Increasing,Low Mood,2026-02-18 21:00:00
1892,158,2026-02-19,2026-02-25,52.79,5.16,6.29,2.71,0,Medium,Stable,Sleep Deficit,2026-02-25 21:00:00
1893,158,2026-02-26,2026-03-04,53.62,5.33,6.61,2.66,0,Medium,Decreasing,Low Mood,2026-03-04 21:00:00
1894,158,2026-03-05,2026-03-11,52.38,5.99,6.34,2.59,0,Medium,Decreasing,Low Mood,2026-03-11 21:00:00
1895,158,2026-03-12,2026-03-18,68.12,5.18,6.88,5.22,3,Medium,Increasing,Low Mood,2026-03-18 21:00:00
1896,158,2026-03-19,2026-03-25,59.24,5.12,7.22,3.23,1,Medium,Decreasing,Sleep Deficit,2026-03-25 21:00:00
1897,159,2026-01-01,2026-01-07,52.94,7.64,7.81,3.59,0,Medium,Increasing,High Fatigue,2026-01-07 21:00:00
1898,159,2026-01-08,2026-01-14,54.21,7.36,7.39,4.05,0,Medium,Decreasing,Academic Pressure,2026-01-14 21:00:00
1899,159,2026-01-15,2026-01-21,50.01,7.55,7.59,3.57,0,Medium,Stable,Low Mood,2026-01-21 21:00:00
1900,159,2026-01-22,2026-01-28,50.1,7.14,7.37,3.33,0,Medium,Stable,High Screen Time,2026-01-28 21:00:00
1901,159,2026-01-29,2026-02-04,67.45,6.29,8.72,6.27,2,Medium,Increasing,Academic Pressure,2026-02-04 21:00:00
1902,159,2026-02-05,2026-02-11,53.81,7.27,7.35,4.68,0,Medium,Stable,Low Mood,2026-02-11 21:00:00
1903,159,2026-02-12,2026-02-18,53.19,7.24,7.22,4.25,0,Medium,Increasing,Low Physical Activity,2026-02-18 21:00:00
1904,159,2026-02-19,2026-02-25,53.15,7.17,6.97,4.09,0,Medium,Stable,Low Mood,2026-02-25 21:00:00
1905,159,2026-02-26,2026-03-04,50.83,7.55,7.79,3.93,0,Medium,Stable,Academic Pressure,2026-03-04 21:00:00
1906,159,2026-03-05,2026-03-11,54.11,7.09,7.63,4.38,0,Medium,Stable,High Caffeine Intake,2026-03-11 21:00:00
1907,159,2026-03-12,2026-03-18,63.33,6.66,8.32,6.07,2,Medium,Increasing,Academic Pressure,2026-03-18 21:00:00
1908,159,2026-03-19,2026-03-25,48.75,7.19,7.8,3.95,0,Medium,Stable,Low Mood,2026-03-25 21:00:00
1909,160,2026-01-01,2026-01-07,61.41,6.16,9.22,2.42,0,Medium,Stable,Low Mood,2026-01-07 21:00:00
1910,160,2026-01-08,2026-01-14,59.23,5.67,8.89,2.12,1,Medium,Decreasing,Low Mood,2026-01-14 21:00:00
1911,160,2026-01-15,2026-01-21,66.18,5.38,8.42,1.61,2,Medium,Stable,Low Mood,2026-01-21 21:00:00
1912,160,2026-01-22,2026-01-28,57.23,6.21,8.86,2.52,0,Medium,Decreasing,High Screen Time,2026-01-28 21:00:00
1913,160,2026-01-29,2026-02-04,78.78,5.14,9.53,3.87,7,High,Stable,High Fatigue,2026-02-04 21:00:00
1914,160,2026-02-05,2026-02-11,63.02,5.27,8.11,2.62,3,Medium,Stable,Sleep Deficit,2026-02-11 21:00:00
1915,160,2026-02-12,2026-02-18,58.23,5.9,8.23,1.85,0,Medium,Increasing,High Screen Time,2026-02-18 21:00:00
1916,160,2026-02-19,2026-02-25,65.35,5.75,9.03,2.39,2,Medium,Increasing,Academic Pressure,2026-02-25 21:00:00
1917,160,2026-02-26,2026-03-04,56.81,6.28,8.98,2.31,0,Medium,Decreasing,High Screen Time,2026-03-04 21:00:00
1918,160,2026-03-05,2026-03-11,58.17,6.21,8.11,2.33,1,Medium,Stable,Academic Pressure,2026-03-11 21:00:00
1919,160,2026-03-12,2026-03-18,73.59,5.41,8.99,3.79,5,High,Stable,Academic Pressure,2026-03-18 21:00:00
1920,160,2026-03-19,2026-03-25,61.65,6.03,7.8,2.25,1,Medium,Stable,Low Mood,2026-03-25 21:00:00
1921,161,2026-01-01,2026-01-07,50.29,9.41,4.92,2.1,0,Medium,Increasing,Academic Pressure,2026-01-07 21:00:00
1922,161,2026-01-08,2026-01-14,53.08,9.37,4.57,2.93,1,Medium,Increasing,Academic Pressure,2026-01-14 21:00:00
1923,161,2026-01-15,2026-01-21,48.45,9.39,4.62,2.3,0,Medium,Stable,Academic Pressure,2026-01-21 21:00:00
1924,161,2026-01-22,2026-01-28,51.34,9.12,4.69,2.19,0,Medium,Increasing,Academic Pressure,2026-01-28 21:00:00
1925,161,2026-01-29,2026-02-04,61.11,8.99,6.14,4.57,0,Medium,Stable,Academic Pressure,2026-02-04 21:00:00
1926,161,2026-02-05,2026-02-11,52.91,9.33,5.11,3.24,0,Medium,Decreasing,Academic Pressure,2026-02-11 21:00:00
1927,161,2026-02-12,2026-02-18,51.47,9.05,4.82,2.54,0,Medium,Stable,Academic Pressure,2026-02-18 21:00:00
1928,161,2026-02-19,2026-02-25,56.05,9.31,5.0,2.29,0,Medium,Stable,Academic Pressure,2026-02-25 21:00:00
1929,161,2026-02-26,2026-03-04,48.16,9.4,4.95,2.37,0,Medium,Stable,Academic Pressure,2026-03-04 21:00:00
1930,161,2026-03-05,2026-03-11,53.48,9.4,4.6,2.58,0,Medium,Decreasing,Academic Pressure,2026-03-11 21:00:00
1931,161,2026-03-12,2026-03-18,64.32,8.71,4.75,3.92,3,Medium,Increasing,Academic Pressure,2026-03-18 21:00:00
1932,161,2026-03-19,2026-03-25,54.35,9.74,5.34,2.68,0,Medium,Increasing,Academic Pressure,2026-03-25 21:00:00
1933,162,2026-01-01,2026-01-07,55.91,6.01,6.99,2.69,1,Medium,Stable,Sleep Deficit,2026-01-07 21:00:00
1934,162,2026-01-08,2026-01-14,51.75,6.31,6.34,3.42,0,Medium,Stable,Low Mood,2026-01-14 21:00:00
1935,162,2026-01-15,2026-01-21,55.83,5.95,6.64,3.02,0,Medium,Stable,Sleep Deficit,2026-01-21 21:00:00
1936,162,2026-01-22,2026-01-28,56.49,5.84,6.96,2.63,0,Medium,Increasing,Sleep Deficit,2026-01-28 21:00:00
1937,162,2026-01-29,2026-02-04,67.12,5.58,7.51,4.54,2,Medium,Stable,Academic Pressure,2026-02-04 21:00:00
1938,162,2026-02-05,2026-02-11,65.09,5.71,7.2,3.11,2,Medium,Decreasing,Low Mood,2026-02-11 21:00:00
1939,162,2026-02-12,2026-02-18,49.23,6.21,7.54,2.75,0,Medium,Stable,Financial Worry,2026-02-18 21:00:00
1940,162,2026-02-19,2026-02-25,61.28,5.47,6.88,2.44,0,Medium,Stable,Sleep Deficit,2026-02-25 21:00:00
1941,162,2026-02-26,2026-03-04,56.03,6.06,6.87,2.83,0,Medium,Stable,Sleep Deficit,2026-03-04 21:00:00
1942,162,2026-03-05,2026-03-11,52.16,6.11,6.83,2.57,0,Medium,Stable,Sleep Deficit,2026-03-11 21:00:00
1943,162,2026-03-12,2026-03-18,63.1,5.89,7.77,4.27,1,Medium,Stable,High Fatigue,2026-03-18 21:00:00
1944,162,2026-03-19,2026-03-25,55.17,5.63,6.92,2.81,0,Medium,Decreasing,Sleep Deficit,2026-03-25 21:00:00
1945,163,2026-01-01,2026-01-07,63.42,6.1,7.38,4.05,1,Medium,Stable,Academic Pressure,2026-01-07 21:00:00
1946,163,2026-01-08,2026-01-14,64.34,5.73,7.24,4.34,1,Medium,Stable,Academic Pressure,2026-01-14 21:00:00
1947,163,2026-01-15,2026-01-21,66.89,5.69,7.49,4.63,3,Medium,Decreasing,Academic Pressure,2026-01-21 21:00:00
1948,163,2026-01-22,2026-01-28,63.35,6.05,7.08,4.43,2,Medium,Decreasing,Academic Pressure,2026-01-28 21:00:00
1949,163,2026-01-29,2026-02-04,75.63,5.6,8.5,7.29,5,High,Stable,Academic Pressure,2026-02-04 21:00:00
1950,163,2026-02-05,2026-02-11,62.78,5.82,6.91,4.98,2,Medium,Stable,Low Mood,2026-02-11 21:00:00
1951,163,2026-02-12,2026-02-18,61.16,5.86,7.42,4.16,0,Medium,Stable,Academic Pressure,2026-02-18 21:00:00
1952,163,2026-02-19,2026-02-25,62.43,5.45,8.02,4.38,1,Medium,Decreasing,Sleep Deficit,2026-02-25 21:00:00
1953,163,2026-02-26,2026-03-04,61.93,5.91,7.02,5.54,0,Medium,Stable,Low Mood,2026-03-04 21:00:00
1954,163,2026-03-05,2026-03-11,59.45,5.98,7.08,5.07,1,Medium,Increasing,Academic Pressure,2026-03-11 21:00:00
1955,163,2026-03-12,2026-03-18,72.3,5.27,7.65,6.42,5,High,Increasing,Academic Pressure,2026-03-18 21:00:00
1956,163,2026-03-19,2026-03-25,62.32,6.27,7.49,5.64,2,Medium,Decreasing,Academic Pressure,2026-03-25 21:00:00
1957,164,2026-01-01,2026-01-07,57.77,6.05,6.65,3.16,0,Medium,Stable,Low Mood,2026-01-07 21:00:00
1958,164,2026-01-08,2026-01-14,62.37,5.43,5.8,3.18,2,Medium,Stable,Academic Pressure,2026-01-14 21:00:00
1959,164,2026-01-15,2026-01-21,58.48,5.86,6.36,3.18,1,Medium,Increasing,Low Mood,2026-01-21 21:00:00
1960,164,2026-01-22,2026-01-28,61.51,5.37,5.5,3.34,1,Medium,Decreasing,Low Mood,2026-01-28 21:00:00
1961,164,2026-01-29,2026-02-04,71.75,5.4,7.29,5.19,4,High,Decreasing,Academic Pressure,2026-02-04 21:00:00
1962,164,2026-02-05,2026-02-11,58.07,6.09,6.31,3.08,2,Medium,Decreasing,Academic Pressure,2026-02-11 21:00:00
1963,164,2026-02-12,2026-02-18,58.52,5.77,6.6,3.32,0,Medium,Stable,Sleep Deficit,2026-02-18 21:00:00
1964,164,2026-02-19,2026-02-25,53.33,5.81,6.63,3.86,0,Medium,Increasing,Sleep Deficit,2026-02-25 21:00:00
1965,164,2026-02-26,2026-03-04,57.1,5.57,5.07,3.62,0,Medium,Increasing,Sleep Deficit,2026-03-04 21:00:00
1966,164,2026-03-05,2026-03-11,55.42,6.17,5.58,3.45,0,Medium,Stable,Academic Pressure,2026-03-11 21:00:00
1967,164,2026-03-12,2026-03-18,71.13,4.63,6.66,4.89,4,High,Stable,Academic Pressure,2026-03-18 21:00:00
1968,164,2026-03-19,2026-03-25,58.34,5.59,6.13,3.18,0,Medium,Stable,Academic Pressure,2026-03-25 21:00:00
1969,165,2026-01-01,2026-01-07,66.4,5.51,8.49,4.17,3,Medium,Stable,High Fatigue,2026-01-07 21:00:00
1970,165,2026-01-08,2026-01-14,58.73,6.13,6.76,4.91,1,Medium,Decreasing,Low Mood,2026-01-14 21:00:00
1971,165,2026-01-15,2026-01-21,66.04,5.38,8.16,4.22,1,Medium,Stable,Academic Pressure,2026-01-21 21:00:00
1972,165,2026-01-22,2026-01-28,66.19,5.73,7.54,4.83,3,Medium,Decreasing,Academic Pressure,2026-01-28 21:00:00
1973,165,2026-01-29,2026-02-04,73.2,5.22,8.73,6.16,6,High,Stable,Academic Pressure,2026-02-04 21:00:00
1974,165,2026-02-05,2026-02-11,64.11,5.44,7.99,4.19,3,Medium,Decreasing,Academic Pressure,2026-02-11 21:00:00
1975,165,2026-02-12,2026-02-18,59.46,5.86,7.37,4.1,1,Medium,Stable,Academic Pressure,2026-02-18 21:00:00
1976,165,2026-02-19,2026-02-25,62.27,5.49,7.32,4.28,1,Medium,Increasing,Sleep Deficit,2026-02-25 21:00:00
1977,165,2026-02-26,2026-03-04,64.69,5.3,7.31,4.39,1,Medium,Stable,Sleep Deficit,2026-03-04 21:00:00
1978,165,2026-03-05,2026-03-11,59.81,5.58,7.48,4.06,1,Medium,Stable,Sleep Deficit,2026-03-11 21:00:00
1979,165,2026-03-12,2026-03-18,74.34,5.27,8.62,6.19,4,High,Decreasing,Academic Pressure,2026-03-18 21:00:00
1980,165,2026-03-19,2026-03-25,61.05,5.9,8.3,4.11,1,Medium,Decreasing,Academic Pressure,2026-03-25 21:00:00
1981,166,2026-01-01,2026-01-07,49.82,6.73,6.17,1.82,0,Medium,Decreasing,Low Physical Activity,2026-01-07 21:00:00
1982,166,2026-01-08,2026-01-14,51.76,7.01,5.61,2.93,0,Medium,Stable,Low Mood,2026-01-14 21:00:00
1983,166,2026-01-15,2026-01-21,47.44,6.91,6.38,2.45,0,Medium,Stable,Low Physical Activity,2026-01-21 21:00:00
1984,166,2026-01-22,2026-01-28,48.27,6.86,6.06,3.52,0,Medium,Stable,Low Physical Activity,2026-01-28 21:00:00
1985,166,2026-01-29,2026-02-04,66.13,6.44,6.67,3.84,2,Medium,Stable,Academic Pressure,2026-02-04 21:00:00
1986,166,2026-02-05,2026-02-11,50.11,7.18,5.32,2.26,0,Medium,Decreasing,Low Physical Activity,2026-02-11 21:00:00
1987,166,2026-02-12,2026-02-18,48.3,6.94,5.81,2.5,0,Medium,Stable,High Fatigue,2026-02-18 21:00:00
1988,166,2026-02-19,2026-02-25,48.71,7.33,6.1,2.48,0,Medium,Increasing,Low Physical Activity,2026-02-25 21:00:00
1989,166,2026-02-26,2026-03-04,48.94,6.8,4.97,2.73,0,Medium,Stable,Low Physical Activity,2026-03-04 21:00:00
1990,166,2026-03-05,2026-03-11,47.8,7.41,6.48,2.67,0,Medium,Stable,Low Physical Activity,2026-03-11 21:00:00
1991,166,2026-03-12,2026-03-18,57.41,6.34,7.21,4.33,1,Medium,Stable,Academic Pressure,2026-03-18 21:00:00
1992,166,2026-03-19,2026-03-25,52.03,6.79,6.13,2.67,1,Medium,Decreasing,Low Mood,2026-03-25 21:00:00
1993,167,2026-01-01,2026-01-07,62.37,5.47,6.93,4.29,2,Medium,Increasing,High Fatigue,2026-01-07 21:00:00
1994,167,2026-01-08,2026-01-14,55.5,5.6,7.33,4.44,0,Medium,Stable,Sleep Deficit,2026-01-14 21:00:00
1995,167,2026-01-15,2026-01-21,56.16,5.4,6.71,5.71,1,Medium,Stable,Low Mood,2026-01-21 21:00:00
1996,167,2026-01-22,2026-01-28,63.87,5.56,7.33,5.11,1,Medium,Stable,Sleep Deficit,2026-01-28 21:00:00
1997,167,2026-01-29,2026-02-04,70.97,5.09,7.96,5.93,5,High,Decreasing,High Fatigue,2026-02-04 21:00:00
1998,167,2026-02-05,2026-02-11,53.8,5.94,7.05,5.29,0,Medium,Decreasing,Low Mood,2026-02-11 21:00:00
1999,167,2026-02-12,2026-02-18,57.15,5.92,6.95,5.01,0,Medium,Stable,Sleep Deficit,2026-02-18 21:00:00
2000,167,2026-02-19,2026-02-25,63.06,5.49,7.6,4.88,2,Medium,Stable,Low Mood,2026-02-25 21:00:00
2001,167,2026-02-26,2026-03-04,54.53,5.79,6.31,5.12,0,Medium,Increasing,Sleep Deficit,2026-03-04 21:00:00
2002,167,2026-03-05,2026-03-11,56.53,5.39,6.03,4.88,1,Medium,Increasing,Sleep Deficit,2026-03-11 21:00:00
2003,167,2026-03-12,2026-03-18,71.5,4.78,7.6,6.78,5,High,Stable,Academic Pressure,2026-03-18 21:00:00
2004,167,2026-03-19,2026-03-25,62.38,5.41,7.08,4.86,3,Medium,Decreasing,Sleep Deficit,2026-03-25 21:00:00
2005,168,2026-01-01,2026-01-07,57.89,5.39,4.76,3.22,0,Medium,Increasing,Sleep Deficit,2026-01-07 21:00:00
2006,168,2026-01-08,2026-01-14,55.21,5.64,4.28,3.67,0,Medium,Increasing,Low Mood,2026-01-14 21:00:00
2007,168,2026-01-15,2026-01-21,58.4,5.5,5.3,2.62,0,Medium,Stable,Academic Pressure,2026-01-21 21:00:00
2008,168,2026-01-22,2026-01-28,56.17,5.78,4.57,3.09,0,Medium,Decreasing,Sleep Deficit,2026-01-28 21:00:00
2009,168,2026-01-29,2026-02-04,65.84,5.64,6.54,4.22,3,Medium,Stable,Academic Pressure,2026-02-04 21:00:00
2010,168,2026-02-05,2026-02-11,62.65,5.83,5.17,3.52,0,Medium,Stable,Academic Pressure,2026-02-11 21:00:00
2011,168,2026-02-12,2026-02-18,59.14,6.44,4.92,2.71,1,Medium,Stable,Low Mood,2026-02-18 21:00:00
2012,168,2026-02-19,2026-02-25,49.98,6.32,4.44,2.95,0,Medium,Stable,Academic Pressure,2026-02-25 21:00:00
2013,168,2026-02-26,2026-03-04,57.78,5.96,5.82,3.51,1,Medium,Increasing,Academic Pressure,2026-03-04 21:00:00
2014,168,2026-03-05,2026-03-11,60.48,5.97,6.16,3.27,1,Medium,Stable,Low Mood,2026-03-11 21:00:00
2015,168,2026-03-12,2026-03-18,66.07,5.36,6.34,4.78,3,Medium,Stable,Academic Pressure,2026-03-18 21:00:00
2016,168,2026-03-19,2026-03-25,58.9,5.93,5.41,3.34,1,Medium,Decreasing,Academic Pressure,2026-03-25 21:00:00
2017,169,2026-01-01,2026-01-07,58.06,7.15,10.0,5.31,0,Medium,Stable,Academic Pressure,2026-01-07 21:00:00
2018,169,2026-01-08,2026-01-14,55.42,7.12,9.41,4.99,0,Medium,Stable,High Screen Time,2026-01-14 21:00:00
2019,169,2026-01-15,2026-01-21,56.09,7.08,9.88,5.38,0,Medium,Increasing,High Screen Time,2026-01-21 21:00:00
2020,169,2026-01-22,2026-01-28,53.97,7.06,9.46,4.3,0,Medium,Stable,High Screen Time,2026-01-28 21:00:00
2021,169,2026-01-29,2026-02-04,71.12,6.32,10.71,6.33,4,High,Decreasing,Academic Pressure,2026-02-04 21:00:00
2022,169,2026-02-05,2026-02-11,60.33,6.82,9.55,4.76,1,Medium,Decreasing,Low Mood,2026-02-11 21:00:00
2023,169,2026-02-12,2026-02-18,51.45,6.87,9.11,5.12,0,Medium,Decreasing,High Screen Time,2026-02-18 21:00:00
2024,169,2026-02-19,2026-02-25,55.25,7.24,9.54,4.3,0,Medium,Stable,Academic Pressure,2026-02-25 21:00:00
2025,169,2026-02-26,2026-03-04,59.92,6.86,8.82,4.79,1,Medium,Stable,Low Mood,2026-03-04 21:00:00
2026,169,2026-03-05,2026-03-11,57.06,6.82,9.82,4.67,0,Medium,Stable,Low Mood,2026-03-11 21:00:00
2027,169,2026-03-12,2026-03-18,69.3,6.65,10.15,6.16,4,High,Increasing,Academic Pressure,2026-03-18 21:00:00
2028,169,2026-03-19,2026-03-25,63.28,7.01,9.78,4.58,2,Medium,Decreasing,Academic Pressure,2026-03-25 21:00:00
2029,170,2026-01-01,2026-01-07,54.88,5.49,7.84,2.37,0,Medium,Stable,Sleep Deficit,2026-01-07 21:00:00
2030,170,2026-01-08,2026-01-14,53.49,5.99,7.87,2.74,0,Medium,Increasing,Sleep Deficit,2026-01-14 21:00:00
2031,170,2026-01-15,2026-01-21,52.32,5.66,8.16,1.97,0,Medium,Increasing,Sleep Deficit,2026-01-21 21:00:00
2032,170,2026-01-22,2026-01-28,54.87,5.45,7.41,2.27,0,Medium,Increasing,Sleep Deficit,2026-01-28 21:00:00
2033,170,2026-01-29,2026-02-04,66.34,5.22,9.54,4.2,2,Medium,Stable,High Fatigue,2026-02-04 21:00:00
2034,170,2026-02-05,2026-02-11,55.41,5.89,8.5,2.66,0,Medium,Decreasing,High Fatigue,2026-02-11 21:00:00
2035,170,2026-02-12,2026-02-18,55.88,5.42,7.5,3.06,0,Medium,Stable,Low Mood,2026-02-18 21:00:00
2036,170,2026-02-19,2026-02-25,52.19,5.97,8.09,2.93,0,Medium,Stable,Sleep Deficit,2026-02-25 21:00:00
2037,170,2026-02-26,2026-03-04,52.37,5.81,7.47,2.51,0,Medium,Stable,Sleep Deficit,2026-03-04 21:00:00
2038,170,2026-03-05,2026-03-11,53.39,5.75,7.98,2.76,0,Medium,Stable,Sleep Deficit,2026-03-11 21:00:00
2039,170,2026-03-12,2026-03-18,68.95,4.93,8.77,4.25,4,High,Increasing,Academic Pressure,2026-03-18 21:00:00
2040,170,2026-03-19,2026-03-25,62.62,5.64,8.61,2.92,3,Medium,Stable,Sleep Deficit,2026-03-25 21:00:00
2041,171,2026-01-01,2026-01-07,62.83,6.34,6.26,4.23,1,Medium,Decreasing,Academic Pressure,2026-01-07 21:00:00
2042,171,2026-01-08,2026-01-14,61.8,6.3,6.94,3.51,1,Medium,Stable,Academic Pressure,2026-01-14 21:00:00
2043,171,2026-01-15,2026-01-21,59.61,6.75,7.15,3.75,0,Medium,Stable,Academic Pressure,2026-01-21 21:00:00
2044,171,2026-01-22,2026-01-28,62.99,6.37,6.93,4.93,0,Medium,Stable,Academic Pressure,2026-01-28 21:00:00
2045,171,2026-01-29,2026-02-04,71.78,5.94,7.68,5.7,5,High,Decreasing,Academic Pressure,2026-02-04 21:00:00
2046,171,2026-02-05,2026-02-11,59.78,6.28,7.72,3.92,1,Medium,Decreasing,Academic Pressure,2026-02-11 21:00:00
2047,171,2026-02-12,2026-02-18,56.39,7.12,6.53,4.07,1,Medium,Stable,Academic Pressure,2026-02-18 21:00:00
2048,171,2026-02-19,2026-02-25,60.97,6.34,6.45,3.93,0,Medium,Stable,Academic Pressure,2026-02-25 21:00:00
2049,171,2026-02-26,2026-03-04,62.67,6.31,6.17,3.25,1,Medium,Stable,Academic Pressure,2026-03-04 21:00:00
2050,171,2026-03-05,2026-03-11,54.62,6.58,7.14,3.37,0,Medium,Decreasing,Academic Pressure,2026-03-11 21:00:00
2051,171,2026-03-12,2026-03-18,73.67,5.41,8.66,5.76,6,High,Decreasing,Academic Pressure,2026-03-18 21:00:00
2052,171,2026-03-19,2026-03-25,61.6,6.09,7.12,3.59,2,Medium,Stable,Academic Pressure,2026-03-25 21:00:00
2053,172,2026-01-01,2026-01-07,52.32,7.61,4.74,3.99,0,Medium,Stable,Academic Pressure,2026-01-07 21:00:00
2054,172,2026-01-08,2026-01-14,52.87,6.88,4.34,4.49,0,Medium,Stable,Academic Pressure,2026-01-14 21:00:00
2055,172,2026-01-15,2026-01-21,54.18,7.02,4.38,4.15,0,Medium,Stable,Low Mood,2026-01-21 21:00:00
2056,172,2026-01-22,2026-01-28,52.03,7.48,3.97,4.24,0,Medium,Stable,Academic Pressure,2026-01-28 21:00:00
2057,172,2026-01-29,2026-02-04,67.74,6.5,5.43,5.93,4,High,Stable,Academic Pressure,2026-02-04 21:00:00
2058,172,2026-02-05,2026-02-11,51.43,7.59,3.95,4.64,0,Medium,Stable,Academic Pressure,2026-02-11 21:00:00
2059,172,2026-02-12,2026-02-18,48.6,7.24,4.23,5.03,0,Medium,Stable,Academic Pressure,2026-02-18 21:00:00
2060,172,2026-02-19,2026-02-25,52.77,7.96,3.58,4.02,0,Medium,Stable,Academic Pressure,2026-02-25 21:00:00
2061,172,2026-02-26,2026-03-04,53.74,7.26,4.28,3.9,0,Medium,Stable,Academic Pressure,2026-03-04 21:00:00
2062,172,2026-03-05,2026-03-11,49.03,7.24,4.57,4.04,0,Medium,Stable,Stable Routine,2026-03-11 21:00:00
2063,172,2026-03-12,2026-03-18,63.45,6.53,4.89,6.59,3,Medium,Increasing,Academic Pressure,2026-03-18 21:00:00
2064,172,2026-03-19,2026-03-25,50.7,7.36,3.88,4.7,0,Medium,Decreasing,Low Mood,2026-03-25 21:00:00
2065,173,2026-01-01,2026-01-07,51.52,6.81,4.82,2.25,0,Medium,Decreasing,Low Mood,2026-01-07 21:00:00
2066,173,2026-01-08,2026-01-14,48.29,7.81,5.22,3.25,0,Medium,Increasing,Low Physical Activity,2026-01-14 21:00:00
2067,173,2026-01-15,2026-01-21,54.99,6.92,4.88,2.47,0,Medium,Stable,Low Mood,2026-01-21 21:00:00
2068,173,2026-01-22,2026-01-28,48.74,7.1,4.39,3.53,0,Medium,Stable,Low Physical Activity,2026-01-28 21:00:00
2069,173,2026-01-29,2026-02-04,66.74,6.43,6.42,4.49,3,Medium,Stable,Academic Pressure,2026-02-04 21:00:00
2070,173,2026-02-05,2026-02-11,53.12,7.2,4.47,2.6,0,Medium,Stable,Low Physical Activity,2026-02-11 21:00:00
2071,173,2026-02-12,2026-02-18,46.69,7.26,4.28,2.86,0,Medium,Increasing,Low Physical Activity,2026-02-18 21:00:00
2072,173,2026-02-19,2026-02-25,44.81,7.09,4.01,2.76,0,Medium,Decreasing,Low Physical Activity,2026-02-25 21:00:00
2073,173,2026-02-26,2026-03-04,45.94,6.86,4.91,2.68,0,Medium,Stable,Low Physical Activity,2026-03-04 21:00:00
2074,173,2026-03-05,2026-03-11,51.1,7.24,4.36,2.71,0,Medium,Stable,Low Physical Activity,2026-03-11 21:00:00
2075,173,2026-03-12,2026-03-18,67.47,6.49,5.53,4.01,3,Medium,Stable,Academic Pressure,2026-03-18 21:00:00
2076,173,2026-03-19,2026-03-25,50.17,6.81,5.11,2.66,0,Medium,Stable,Academic Pressure,2026-03-25 21:00:00
2077,174,2026-01-01,2026-01-07,53.89,6.99,6.66,4.66,0,Medium,Stable,Low Mood,2026-01-07 21:00:00
2078,174,2026-01-08,2026-01-14,56.02,6.48,6.46,4.76,0,Medium,Stable,Academic Pressure,2026-01-14 21:00:00
2079,174,2026-01-15,2026-01-21,58.43,6.7,6.92,4.21,0,Medium,Decreasing,Low Mood,2026-01-21 21:00:00
2080,174,2026-01-22,2026-01-28,54.7,6.76,7.62,4.21,0,Medium,Stable,Low Mood,2026-01-28 21:00:00
2081,174,2026-01-29,2026-02-04,68.82,6.33,8.34,6.53,5,High,Decreasing,High Fatigue,2026-02-04 21:00:00
2082,174,2026-02-05,2026-02-11,55.88,6.68,7.37,5.09,1,Medium,Decreasing,Low Mood,2026-02-11 21:00:00
2083,174,2026-02-12,2026-02-18,57.5,6.62,7.36,4.67,1,Medium,Decreasing,Low Mood,2026-02-18 21:00:00
2084,174,2026-02-19,2026-02-25,48.64,7.44,7.13,4.29,0,Medium,Increasing,Low Mood,2026-02-25 21:00:00
2085,174,2026-02-26,2026-03-04,52.5,6.74,7.31,5.06,0,Medium,Stable,Academic Pressure,2026-03-04 21:00:00
2086,174,2026-03-05,2026-03-11,53.58,7.05,7.34,4.69,0,Medium,Stable,Academic Pressure,2026-03-11 21:00:00
2087,174,2026-03-12,2026-03-18,69.14,6.47,8.36,6.5,3,Medium,Stable,Academic Pressure,2026-03-18 21:00:00
2088,174,2026-03-19,2026-03-25,53.75,6.93,7.1,4.67,0,Medium,Stable,Low Mood,2026-03-25 21:00:00
2089,175,2026-01-01,2026-01-07,52.56,7.59,7.17,2.59,0,Medium,Increasing,Low Mood,2026-01-07 21:00:00
2090,175,2026-01-08,2026-01-14,53.43,7.32,8.28,3.0,0,Medium,Stable,High Screen Time,2026-01-14 21:00:00
2091,175,2026-01-15,2026-01-21,52.93,6.98,7.72,2.45,0,Medium,Decreasing,Low Mood,2026-01-21 21:00:00
2092,175,2026-01-22,2026-01-28,50.54,7.29,7.4,2.15,0,Medium,Stable,Low Mood,2026-01-28 21:00:00
2093,175,2026-01-29,2026-02-04,70.88,6.29,9.57,4.93,3,Medium,Stable,High Fatigue,2026-02-04 21:00:00
2094,175,2026-02-05,2026-02-11,55.23,6.48,8.2,3.77,0,Medium,Decreasing,High Fatigue,2026-02-11 21:00:00
2095,175,2026-02-12,2026-02-18,54.35,6.87,7.9,2.54,0,Medium,Increasing,High Screen Time,2026-02-18 21:00:00
2096,175,2026-02-19,2026-02-25,51.41,6.8,7.48,3.01,0,Medium,Decreasing,Low Mood,2026-02-25 21:00:00
2097,175,2026-02-26,2026-03-04,51.73,7.06,8.04,3.37,0,Medium,Stable,High Screen Time,2026-03-04 21:00:00
2098,175,2026-03-05,2026-03-11,54.79,6.99,8.68,2.3,0,Medium,Stable,High Screen Time,2026-03-11 21:00:00
2099,175,2026-03-12,2026-03-18,66.15,6.18,8.52,4.25,2,Medium,Stable,High Fatigue,2026-03-18 21:00:00
2100,175,2026-03-19,2026-03-25,57.01,7.35,8.11,3.66,0,Medium,Decreasing,High Screen Time,2026-03-25 21:00:00
2101,176,2026-01-01,2026-01-07,50.78,5.83,5.66,1.13,1,Medium,Decreasing,High Fatigue,2026-01-07 21:00:00
2102,176,2026-01-08,2026-01-14,53.28,5.69,6.52,0.5,0,Medium,Stable,Low Mood,2026-01-14 21:00:00
2103,176,2026-01-15,2026-01-21,55.06,5.48,6.32,1.79,0,Medium,Stable,Sleep Deficit,2026-01-21 21:00:00
2104,176,2026-01-22,2026-01-28,57.23,5.94,6.14,1.77,0,Medium,Increasing,Low Mood,2026-01-28 21:00:00
2105,176,2026-01-29,2026-02-04,71.32,5.16,7.18,1.92,4,High,Stable,Academic Pressure,2026-02-04 21:00:00
2106,176,2026-02-05,2026-02-11,56.22,5.94,6.7,1.62,1,Medium,Decreasing,Low Mood,2026-02-11 21:00:00
2107,176,2026-02-12,2026-02-18,53.59,5.96,6.74,1.53,0,Medium,Increasing,Low Mood,2026-02-18 21:00:00
2108,176,2026-02-19,2026-02-25,55.61,5.8,6.13,1.95,0,Medium,Decreasing,Sleep Deficit,2026-02-25 21:00:00
2109,176,2026-02-26,2026-03-04,56.74,5.82,6.18,1.5,0,Medium,Decreasing,High Fatigue,2026-03-04 21:00:00
2110,176,2026-03-05,2026-03-11,57.01,5.88,6.11,0.75,0,Medium,Stable,Low Mood,2026-03-11 21:00:00
2111,176,2026-03-12,2026-03-18,67.38,5.23,7.08,3.07,3,Medium,Increasing,Academic Pressure,2026-03-18 21:00:00
2112,176,2026-03-19,2026-03-25,54.29,5.65,6.56,1.63,0,Medium,Decreasing,Sleep Deficit,2026-03-25 21:00:00
2113,177,2026-01-01,2026-01-07,61.21,6.31,4.73,2.74,0,Medium,Decreasing,Academic Pressure,2026-01-07 21:00:00
2114,177,2026-01-08,2026-01-14,57.92,6.01,4.29,2.27,0,Medium,Increasing,Academic Pressure,2026-01-14 21:00:00
2115,177,2026-01-15,2026-01-21,59.47,6.73,4.0,2.65,0,Medium,Stable,Academic Pressure,2026-01-21 21:00:00
2116,177,2026-01-22,2026-01-28,57.61,6.24,3.77,1.49,0,Medium,Stable,Academic Pressure,2026-01-28 21:00:00
2117,177,2026-01-29,2026-02-04,72.45,5.72,4.86,4.39,5,High,Stable,Academic Pressure,2026-02-04 21:00:00
2118,177,2026-02-05,2026-02-11,56.11,6.89,4.03,2.58,0,Medium,Stable,Academic Pressure,2026-02-11 21:00:00
2119,177,2026-02-12,2026-02-18,56.78,6.46,4.62,3.22,0,Medium,Stable,Academic Pressure,2026-02-18 21:00:00
2120,177,2026-02-19,2026-02-25,54.11,6.61,4.53,3.18,0,Medium,Decreasing,Academic Pressure,2026-02-25 21:00:00
2121,177,2026-02-26,2026-03-04,59.73,6.56,4.6,2.49,1,Medium,Stable,Academic Pressure,2026-03-04 21:00:00
2122,177,2026-03-05,2026-03-11,54.12,6.26,4.95,2.4,0,Medium,Stable,Low Physical Activity,2026-03-11 21:00:00
2123,177,2026-03-12,2026-03-18,69.74,5.55,4.81,4.41,3,Medium,Increasing,Academic Pressure,2026-03-18 21:00:00
2124,177,2026-03-19,2026-03-25,59.47,6.67,4.24,3.37,2,Medium,Decreasing,Academic Pressure,2026-03-25 21:00:00
2125,178,2026-01-01,2026-01-07,47.45,6.53,3.73,3.98,0,Medium,Increasing,Academic Pressure,2026-01-07 21:00:00
2126,178,2026-01-08,2026-01-14,51.13,6.98,3.33,4.27,0,Medium,Stable,Stable Routine,2026-01-14 21:00:00
2127,178,2026-01-15,2026-01-21,44.88,6.81,2.88,3.64,0,Medium,Stable,Academic Pressure,2026-01-21 21:00:00
2128,178,2026-01-22,2026-01-28,50.99,6.7,3.25,4.12,0,Medium,Stable,Academic Pressure,2026-01-28 21:00:00
2129,178,2026-01-29,2026-02-04,63.87,6.17,4.08,5.75,1,Medium,Stable,Academic Pressure,2026-02-04 21:00:00
2130,178,2026-02-05,2026-02-11,50.4,6.77,3.05,4.54,0,Medium,Decreasing,Academic Pressure,2026-02-11 21:00:00
2131,178,2026-02-12,2026-02-18,48.93,6.87,2.48,3.79,0,Medium,Stable,Academic Pressure,2026-02-18 21:00:00
2132,178,2026-02-19,2026-02-25,54.01,6.6,2.74,3.97,0,Medium,Stable,Academic Pressure,2026-02-25 21:00:00
2133,178,2026-02-26,2026-03-04,48.15,6.67,3.29,4.23,0,Medium,Stable,Academic Pressure,2026-03-04 21:00:00
2134,178,2026-03-05,2026-03-11,48.83,7.02,3.16,4.55,0,Medium,Stable,Stable Routine,2026-03-11 21:00:00
2135,178,2026-03-12,2026-03-18,62.14,5.7,3.84,6.31,1,Medium,Increasing,Academic Pressure,2026-03-18 21:00:00
2136,178,2026-03-19,2026-03-25,56.31,6.35,3.84,3.92,2,Medium,Decreasing,Academic Pressure,2026-03-25 21:00:00
2137,179,2026-01-01,2026-01-07,52.12,6.75,6.69,5.74,0,Medium,Stable,Low Mood,2026-01-07 21:00:00
2138,179,2026-01-08,2026-01-14,50.82,6.42,6.33,5.07,0,Medium,Stable,Stable Routine,2026-01-14 21:00:00
2139,179,2026-01-15,2026-01-21,53.55,6.37,6.22,5.52,0,Medium,Decreasing,Low Mood,2026-01-21 21:00:00
2140,179,2026-01-22,2026-01-28,52.58,6.34,6.08,5.85,0,Medium,Stable,Academic Pressure,2026-01-28 21:00:00
2141,179,2026-01-29,2026-02-04,66.3,6.09,7.21,7.09,2,Medium,Stable,Academic Pressure,2026-02-04 21:00:00
2142,179,2026-02-05,2026-02-11,54.15,6.46,6.46,5.76,0,Medium,Increasing,Academic Pressure,2026-02-11 21:00:00
2143,179,2026-02-12,2026-02-18,61.52,5.89,6.61,5.17,1,Medium,Stable,Low Mood,2026-02-18 21:00:00
2144,179,2026-02-19,2026-02-25,53.04,6.24,6.45,5.15,0,Medium,Stable,Low Mood,2026-02-25 21:00:00
2145,179,2026-02-26,2026-03-04,59.2,6.21,6.03,5.8,1,Medium,Stable,Low Mood,2026-03-04 21:00:00
2146,179,2026-03-05,2026-03-11,56.68,5.89,5.92,4.5,0,Medium,Stable,Low Mood,2026-03-11 21:00:00
2147,179,2026-03-12,2026-03-18,67.81,6.13,7.26,6.89,3,Medium,Increasing,Academic Pressure,2026-03-18 21:00:00
2148,179,2026-03-19,2026-03-25,54.04,6.25,6.2,4.88,1,Medium,Stable,Low Mood,2026-03-25 21:00:00
2149,180,2026-01-01,2026-01-07,60.65,6.27,6.68,5.78,0,Medium,Stable,Academic Pressure,2026-01-07 21:00:00
2150,180,2026-01-08,2026-01-14,60.6,5.76,7.01,5.61,1,Medium,Increasing,Low Mood,2026-01-14 21:00:00
2151,180,2026-01-15,2026-01-21,59.24,6.32,7.35,6.0,1,Medium,Decreasing,Low Mood,2026-01-21 21:00:00
2152,180,2026-01-22,2026-01-28,54.76,5.99,6.83,5.82,0,Medium,Decreasing,Sleep Deficit,2026-01-28 21:00:00
2153,180,2026-01-29,2026-02-04,75.44,5.5,8.79,7.43,4,High,Increasing,Academic Pressure,2026-02-04 21:00:00
2154,180,2026-02-05,2026-02-11,60.64,6.22,7.8,5.97,1,Medium,Increasing,Academic Pressure,2026-02-11 21:00:00
2155,180,2026-02-12,2026-02-18,59.08,6.2,7.27,5.61,0,Medium,Stable,Academic Pressure,2026-02-18 21:00:00
2156,180,2026-02-19,2026-02-25,62.33,6.27,7.51,5.16,1,Medium,Decreasing,Academic Pressure,2026-02-25 21:00:00
2157,180,2026-02-26,2026-03-04,57.47,6.16,6.59,6.26,1,Medium,Decreasing,Academic Pressure,2026-03-04 21:00:00
2158,180,2026-03-05,2026-03-11,60.16,6.2,6.98,5.97,1,Medium,Stable,Academic Pressure,2026-03-11 21:00:00
2159,180,2026-03-12,2026-03-18,71.63,6.06,8.98,7.43,6,High,Stable,Academic Pressure,2026-03-18 21:00:00
2160,180,2026-03-19,2026-03-25,60.63,6.1,7.66,5.11,1,Medium,Decreasing,Academic Pressure,2026-03-25 21:00:00
2161,181,2026-01-01,2026-01-07,49.44,6.99,4.99,3.16,0,Medium,Increasing,Academic Pressure,2026-01-07 21:00:00
2162,181,2026-01-08,2026-01-14,53.81,6.86,5.73,3.18,0,Medium,Increasing,Academic Pressure,2026-01-14 21:00:00
2163,181,2026-01-15,2026-01-21,54.59,7.16,5.59,3.59,0,Medium,Increasing,Academic Pressure,2026-01-21 21:00:00
2164,181,2026-01-22,2026-01-28,53.9,7.21,5.12,3.31,0,Medium,Stable,Academic Pressure,2026-01-28 21:00:00
2165,181,2026-01-29,2026-02-04,68.82,6.38,6.66,4.92,4,High,Decreasing,Academic Pressure,2026-02-04 21:00:00
2166,181,2026-02-05,2026-02-11,55.23,6.79,4.99,3.1,0,Medium,Decreasing,Academic Pressure,2026-02-11 21:00:00
2167,181,2026-02-12,2026-02-18,57.21,7.48,5.87,2.62,0,Medium,Stable,Academic Pressure,2026-02-18 21:00:00
2168,181,2026-02-19,2026-02-25,53.27,6.61,5.01,2.81,0,Medium,Stable,Low Mood,2026-02-25 21:00:00
2169,181,2026-02-26,2026-03-04,50.09,7.75,5.54,2.46,0,Medium,Increasing,Academic Pressure,2026-03-04 21:00:00
2170,181,2026-03-05,2026-03-11,56.82,6.78,5.59,3.36,0,Medium,Decreasing,Academic Pressure,2026-03-11 21:00:00
2171,181,2026-03-12,2026-03-18,64.55,6.79,6.17,5.36,2,Medium,Increasing,Academic Pressure,2026-03-18 21:00:00
2172,181,2026-03-19,2026-03-25,56.6,6.89,5.53,4.19,1,Medium,Stable,Academic Pressure,2026-03-25 21:00:00
2173,182,2026-01-01,2026-01-07,47.92,6.67,6.11,2.44,0,Medium,Increasing,Low Physical Activity,2026-01-07 21:00:00
2174,182,2026-01-08,2026-01-14,53.21,6.4,6.57,2.24,0,Medium,Stable,Sleep Deficit,2026-01-14 21:00:00
2175,182,2026-01-15,2026-01-21,49.43,6.98,6.54,1.49,0,Medium,Stable,Stable Routine,2026-01-21 21:00:00
2176,182,2026-01-22,2026-01-28,52.2,6.23,7.44,2.25,0,Medium,Stable,Low Mood,2026-01-28 21:00:00
2177,182,2026-01-29,2026-02-04,71.24,5.73,6.91,3.59,4,High,Stable,Academic Pressure,2026-02-04 21:00:00
2178,182,2026-02-05,2026-02-11,56.37,6.1,6.58,2.77,1,Medium,Increasing,Low Mood,2026-02-11 21:00:00
2179,182,2026-02-12,2026-02-18,57.34,6.16,6.49,2.26,0,Medium,Stable,Low Mood,2026-02-18 21:00:00
2180,182,2026-02-19,2026-02-25,58.4,6.13,6.44,2.19,0,Medium,Stable,Low Mood,2026-02-25 21:00:00
2181,182,2026-02-26,2026-03-04,52.29,6.58,6.58,2.55,0,Medium,Decreasing,Low Mood,2026-03-04 21:00:00
2182,182,2026-03-05,2026-03-11,53.42,6.35,7.09,2.12,0,Medium,Stable,Academic Pressure,2026-03-11 21:00:00
2183,182,2026-03-12,2026-03-18,73.3,5.5,8.62,4.24,5,High,Stable,Academic Pressure,2026-03-18 21:00:00
2184,182,2026-03-19,2026-03-25,57.2,6.28,7.0,2.96,1,Medium,Stable,Stable Routine,2026-03-25 21:00:00
2185,183,2026-01-01,2026-01-07,51.02,8.22,5.94,1.81,0,Medium,Stable,Low Mood,2026-01-07 21:00:00
2186,183,2026-01-08,2026-01-14,48.15,7.82,5.54,2.75,0,Medium,Decreasing,Stable Routine,2026-01-14 21:00:00
2187,183,2026-01-15,2026-01-21,50.38,8.13,6.17,2.5,0,Medium,Stable,Stable Routine,2026-01-21 21:00:00
2188,183,2026-01-22,2026-01-28,47.71,7.97,5.7,2.6,0,Medium,Stable,Academic Pressure,2026-01-28 21:00:00
2189,183,2026-01-29,2026-02-04,61.96,7.36,7.02,4.1,1,Medium,Decreasing,Academic Pressure,2026-02-04 21:00:00
2190,183,2026-02-05,2026-02-11,56.24,8.14,6.56,2.34,1,Medium,Stable,Academic Pressure,2026-02-11 21:00:00
2191,183,2026-02-12,2026-02-18,49.47,7.89,6.62,2.62,0,Medium,Stable,Low Mood,2026-02-18 21:00:00
2192,183,2026-02-19,2026-02-25,48.43,8.33,6.49,2.87,0,Medium,Stable,Stable Routine,2026-02-25 21:00:00
2193,183,2026-02-26,2026-03-04,52.13,8.31,5.85,2.85,0,Medium,Decreasing,Academic Pressure,2026-03-04 21:00:00
2194,183,2026-03-05,2026-03-11,51.41,8.22,6.66,2.67,0,Medium,Stable,Stable Routine,2026-03-11 21:00:00
2195,183,2026-03-12,2026-03-18,59.91,7.23,6.45,4.26,1,Medium,Decreasing,Academic Pressure,2026-03-18 21:00:00
2196,183,2026-03-19,2026-03-25,47.86,7.79,6.67,2.44,0,Medium,Increasing,Stable Routine,2026-03-25 21:00:00
2197,184,2026-01-01,2026-01-07,46.47,7.68,6.45,3.64,0,Medium,Stable,Academic Pressure,2026-01-07 21:00:00
2198,184,2026-01-08,2026-01-14,50.51,7.32,6.57,4.42,0,Medium,Decreasing,Stable Routine,2026-01-14 21:00:00
2199,184,2026-01-15,2026-01-21,44.25,7.95,6.56,3.66,0,Medium,Stable,Academic Pressure,2026-01-21 21:00:00
2200,184,2026-01-22,2026-01-28,53.62,7.8,6.78,3.62,1,Medium,Increasing,Low Mood,2026-01-28 21:00:00
2201,184,2026-01-29,2026-02-04,66.49,7.02,7.78,6.24,2,Medium,Stable,Academic Pressure,2026-02-04 21:00:00
2202,184,2026-02-05,2026-02-11,51.73,7.53,6.29,4.23,0,Medium,Stable,Low Mood,2026-02-11 21:00:00
2203,184,2026-02-12,2026-02-18,51.96,7.29,6.62,3.96,0,Medium,Stable,Low Mood,2026-02-18 21:00:00
2204,184,2026-02-19,2026-02-25,54.82,7.1,7.02,4.03,0,Medium,Stable,Academic Pressure,2026-02-25 21:00:00
2205,184,2026-02-26,2026-03-04,52.09,7.46,6.31,3.91,0,Medium,Stable,Low Mood,2026-03-04 21:00:00
2206,184,2026-03-05,2026-03-11,48.95,7.47,6.93,3.93,0,Medium,Stable,Low Mood,2026-03-11 21:00:00
2207,184,2026-03-12,2026-03-18,64.49,6.57,7.15,5.8,0,Medium,Stable,Academic Pressure,2026-03-18 21:00:00
2208,184,2026-03-19,2026-03-25,51.15,7.52,6.55,4.45,0,Medium,Stable,Low Physical Activity,2026-03-25 21:00:00
2209,185,2026-01-01,2026-01-07,61.7,5.69,7.12,2.43,2,Medium,Increasing,Sleep Deficit,2026-01-07 21:00:00
2210,185,2026-01-08,2026-01-14,65.9,5.74,6.71,2.34,2,Medium,Increasing,Academic Pressure,2026-01-14 21:00:00
2211,185,2026-01-15,2026-01-21,66.36,5.65,6.54,2.63,2,Medium,Stable,Low Mood,2026-01-21 21:00:00
2212,185,2026-01-22,2026-01-28,65.37,5.5,6.53,2.35,1,Medium,Increasing,Low Mood,2026-01-28 21:00:00
2213,185,2026-01-29,2026-02-04,76.89,4.78,7.28,4.67,5,High,Stable,Academic Pressure,2026-02-04 21:00:00
2214,185,2026-02-05,2026-02-11,66.21,5.26,6.28,2.83,2,Medium,Stable,Sleep Deficit,2026-02-11 21:00:00
2215,185,2026-02-12,2026-02-18,63.69,5.54,6.87,2.55,1,Medium,Stable,Academic Pressure,2026-02-18 21:00:00
2216,185,2026-02-19,2026-02-25,58.68,5.76,6.06,2.82,0,Medium,Stable,High Fatigue,2026-02-25 21:00:00
2217,185,2026-02-26,2026-03-04,65.71,5.5,6.1,3.33,2,Medium,Stable,Low Mood,2026-03-04 21:00:00
2218,185,2026-03-05,2026-03-11,65.11,5.54,6.56,3.02,4,High,Stable,High Fatigue,2026-03-11 21:00:00
2219,185,2026-03-12,2026-03-18,77.45,4.97,7.39,4.35,7,High,Stable,Academic Pressure,2026-03-18 21:00:00
2220,185,2026-03-19,2026-03-25,63.09,5.33,6.4,3.1,2,Medium,Decreasing,Academic Pressure,2026-03-25 21:00:00
2221,186,2026-01-01,2026-01-07,57.15,7.05,6.08,3.84,0,Medium,Stable,Low Mood,2026-01-07 21:00:00
2222,186,2026-01-08,2026-01-14,54.26,7.27,6.55,3.23,0,Medium,Decreasing,Academic Pressure,2026-01-14 21:00:00
2223,186,2026-01-15,2026-01-21,55.54,6.98,6.17,3.63,0,Medium,Stable,Academic Pressure,2026-01-21 21:00:00
2224,186,2026-01-22,2026-01-28,53.36,6.79,6.39,3.75,0,Medium,Increasing,Academic Pressure,2026-01-28 21:00:00
2225,186,2026-01-29,2026-02-04,66.19,6.22,7.46,5.52,1,Medium,Stable,Low Mood,2026-02-04 21:00:00
2226,186,2026-02-05,2026-02-11,59.95,7.16,6.2,4.0,2,Medium,Decreasing,Academic Pressure,2026-02-11 21:00:00
2227,186,2026-02-12,2026-02-18,53.31,7.45,6.06,3.42,0,Medium,Stable,Academic Pressure,2026-02-18 21:00:00
2228,186,2026-02-19,2026-02-25,58.89,6.96,6.13,3.41,0,Medium,Stable,Low Mood,2026-02-25 21:00:00
2229,186,2026-02-26,2026-03-04,49.72,6.77,6.24,3.83,0,Medium,Decreasing,Low Physical Activity,2026-03-04 21:00:00
2230,186,2026-03-05,2026-03-11,56.59,7.42,6.43,3.54,1,Medium,Stable,Academic Pressure,2026-03-11 21:00:00
2231,186,2026-03-12,2026-03-18,69.59,6.3,7.66,6.23,3,Medium,Decreasing,Academic Pressure,2026-03-18 21:00:00
2232,186,2026-03-19,2026-03-25,56.0,7.13,5.73,4.22,0,Medium,Stable,Academic Pressure,2026-03-25 21:00:00
2233,187,2026-01-01,2026-01-07,51.75,6.61,6.91,3.9,0,Medium,Decreasing,Academic Pressure,2026-01-07 21:00:00
2234,187,2026-01-08,2026-01-14,54.84,6.66,7.16,4.85,0,Medium,Increasing,Stable Routine,2026-01-14 21:00:00
2235,187,2026-01-15,2026-01-21,55.31,7.22,6.74,4.58,1,Medium,Decreasing,Low Mood,2026-01-21 21:00:00
2236,187,2026-01-22,2026-01-28,50.6,7.28,7.3,4.73,0,Medium,Stable,Low Mood,2026-01-28 21:00:00
2237,187,2026-01-29,2026-02-04,64.8,6.32,7.81,6.61,3,Medium,Stable,Academic Pressure,2026-02-04 21:00:00
2238,187,2026-02-05,2026-02-11,53.1,7.19,6.89,4.14,0,Medium,Increasing,Academic Pressure,2026-02-11 21:00:00
2239,187,2026-02-12,2026-02-18,49.55,6.94,6.7,4.49,0,Medium,Stable,Low Mood,2026-02-18 21:00:00
2240,187,2026-02-19,2026-02-25,53.99,7.03,6.97,4.86,0,Medium,Stable,Academic Pressure,2026-02-25 21:00:00
2241,187,2026-02-26,2026-03-04,56.31,7.35,6.72,4.36,0,Medium,Stable,Academic Pressure,2026-03-04 21:00:00
2242,187,2026-03-05,2026-03-11,53.36,7.01,6.8,4.51,0,Medium,Stable,Low Mood,2026-03-11 21:00:00
2243,187,2026-03-12,2026-03-18,69.4,6.58,7.45,6.28,4,High,Decreasing,Academic Pressure,2026-03-18 21:00:00
2244,187,2026-03-19,2026-03-25,52.26,7.07,6.43,4.26,0,Medium,Stable,Academic Pressure,2026-03-25 21:00:00
2245,188,2026-01-01,2026-01-07,50.16,7.06,4.8,2.56,0,Medium,Stable,Academic Pressure,2026-01-07 21:00:00
2246,188,2026-01-08,2026-01-14,52.54,6.8,5.8,2.94,0,Medium,Decreasing,Stable Routine,2026-01-14 21:00:00
2247,188,2026-01-15,2026-01-21,57.24,6.5,5.92,2.28,0,Medium,Stable,Low Mood,2026-01-21 21:00:00
2248,188,2026-01-22,2026-01-28,52.79,6.58,6.55,2.19,0,Medium,Stable,Academic Pressure,2026-01-28 21:00:00
2249,188,2026-01-29,2026-02-04,70.14,6.04,7.02,3.95,3,Medium,Stable,Academic Pressure,2026-02-04 21:00:00
2250,188,2026-02-05,2026-02-11,58.17,6.71,6.36,3.36,0,Medium,Increasing,Academic Pressure,2026-02-11 21:00:00
2251,188,2026-02-12,2026-02-18,52.87,6.86,6.1,2.55,0,Medium,Increasing,Academic Pressure,2026-02-18 21:00:00
2252,188,2026-02-19,2026-02-25,54.1,6.66,6.03,2.96,0,Medium,Increasing,Academic Pressure,2026-02-25 21:00:00
2253,188,2026-02-26,2026-03-04,51.93,6.88,6.47,2.78,0,Medium,Stable,Low Mood,2026-03-04 21:00:00
2254,188,2026-03-05,2026-03-11,56.31,6.39,6.24,2.82,1,Medium,Stable,Academic Pressure,2026-03-11 21:00:00
2255,188,2026-03-12,2026-03-18,62.54,6.45,6.64,4.76,1,Medium,Increasing,Academic Pressure,2026-03-18 21:00:00
2256,188,2026-03-19,2026-03-25,54.11,6.92,7.34,2.58,0,Medium,Decreasing,Low Mood,2026-03-25 21:00:00
2257,189,2026-01-01,2026-01-07,57.82,5.93,7.34,2.75,1,Medium,Decreasing,Low Mood,2026-01-07 21:00:00
2258,189,2026-01-08,2026-01-14,61.76,5.91,7.58,2.75,1,Medium,Stable,Low Mood,2026-01-14 21:00:00
2259,189,2026-01-15,2026-01-21,63.06,6.08,7.56,2.74,0,Medium,Stable,Low Mood,2026-01-21 21:00:00
2260,189,2026-01-22,2026-01-28,60.6,5.86,7.27,1.94,0,Medium,Decreasing,Academic Pressure,2026-01-28 21:00:00
2261,189,2026-01-29,2026-02-04,75.49,5.2,8.1,4.4,5,High,Decreasing,Academic Pressure,2026-02-04 21:00:00
2262,189,2026-02-05,2026-02-11,59.63,6.07,6.63,3.19,0,Medium,Decreasing,Academic Pressure,2026-02-11 21:00:00
2263,189,2026-02-12,2026-02-18,57.6,6.13,7.0,2.9,0,Medium,Increasing,Low Mood,2026-02-18 21:00:00
2264,189,2026-02-19,2026-02-25,59.29,5.73,7.68,3.2,1,Medium,Stable,Sleep Deficit,2026-02-25 21:00:00
2265,189,2026-02-26,2026-03-04,58.93,6.35,7.03,2.58,0,Medium,Stable,Academic Pressure,2026-03-04 21:00:00
2266,189,2026-03-05,2026-03-11,68.14,5.92,6.84,1.87,4,High,Decreasing,Academic Pressure,2026-03-11 21:00:00
2267,189,2026-03-12,2026-03-18,70.84,5.72,7.94,4.07,4,High,Stable,Academic Pressure,2026-03-18 21:00:00
2268,189,2026-03-19,2026-03-25,64.37,5.97,7.66,3.12,2,Medium,Decreasing,Academic Pressure,2026-03-25 21:00:00
2269,190,2026-01-01,2026-01-07,47.62,6.53,5.47,5.4,0,Medium,Stable,Stable Routine,2026-01-07 21:00:00
2270,190,2026-01-08,2026-01-14,46.44,6.27,6.39,4.91,0,Medium,Decreasing,Stable Routine,2026-01-14 21:00:00
2271,190,2026-01-15,2026-01-21,52.21,6.26,5.4,4.96,0,Medium,Decreasing,Low Mood,2026-01-21 21:00:00
2272,190,2026-01-22,2026-01-28,49.2,7.02,5.68,5.51,0,Medium,Increasing,Low Mood,2026-01-28 21:00:00
2273,190,2026-01-29,2026-02-04,65.33,5.9,6.73,7.41,3,Medium,Stable,Low Mood,2026-02-04 21:00:00
2274,190,2026-02-05,2026-02-11,46.74,6.81,5.45,5.79,0,Medium,Stable,Stable Routine,2026-02-11 21:00:00
2275,190,2026-02-12,2026-02-18,44.93,6.79,5.58,5.64,0,Medium,Decreasing,Low Mood,2026-02-18 21:00:00
2276,190,2026-02-19,2026-02-25,43.43,6.52,5.71,5.58,0,Medium,Decreasing,Stable Routine,2026-02-25 21:00:00
2277,190,2026-02-26,2026-03-04,46.13,6.61,5.83,6.6,0,Medium,Increasing,Stable Routine,2026-03-04 21:00:00
2278,190,2026-03-05,2026-03-11,53.35,6.35,5.38,5.91,0,Medium,Stable,Stable Routine,2026-03-11 21:00:00
2279,190,2026-03-12,2026-03-18,64.75,5.58,7.25,7.39,2,Medium,Stable,Academic Pressure,2026-03-18 21:00:00
2280,190,2026-03-19,2026-03-25,48.3,6.5,5.71,5.73,0,Medium,Stable,Stable Routine,2026-03-25 21:00:00
2281,191,2026-01-01,2026-01-07,53.48,5.97,5.86,2.66,0,Medium,Increasing,Sleep Deficit,2026-01-07 21:00:00
2282,191,2026-01-08,2026-01-14,53.55,6.31,6.07,3.42,0,Medium,Increasing,Stable Routine,2026-01-14 21:00:00
2283,191,2026-01-15,2026-01-21,52.15,6.26,6.02,2.52,0,Medium,Stable,Financial Worry,2026-01-21 21:00:00
2284,191,2026-01-22,2026-01-28,47.9,6.34,5.36,2.47,0,Medium,Stable,Low Physical Activity,2026-01-28 21:00:00
2285,191,2026-01-29,2026-02-04,64.1,5.64,6.69,4.52,1,Medium,Stable,Academic Pressure,2026-02-04 21:00:00
2286,191,2026-02-05,2026-02-11,49.02,5.94,5.49,2.82,0,Medium,Decreasing,Low Mood,2026-02-11 21:00:00
2287,191,2026-02-12,2026-02-18,52.0,6.26,6.22,3.54,0,Medium,Stable,Low Physical Activity,2026-02-18 21:00:00
2288,191,2026-02-19,2026-02-25,53.78,6.52,6.13,2.65,0,Medium,Increasing,Low Mood,2026-02-25 21:00:00
2289,191,2026-02-26,2026-03-04,54.53,6.0,6.06,2.22,0,Medium,Increasing,Low Mood,2026-03-04 21:00:00
2290,191,2026-03-05,2026-03-11,52.79,6.22,6.78,2.57,0,Medium,Decreasing,Low Mood,2026-03-11 21:00:00
2291,191,2026-03-12,2026-03-18,64.98,5.71,5.75,4.11,2,Medium,Stable,Academic Pressure,2026-03-18 21:00:00
2292,191,2026-03-19,2026-03-25,53.21,6.01,5.95,2.52,0,Medium,Stable,Stable Routine,2026-03-25 21:00:00
2293,192,2026-01-01,2026-01-07,58.09,5.71,7.19,4.16,0,Medium,Decreasing,Low Mood,2026-01-07 21:00:00
2294,192,2026-01-08,2026-01-14,56.89,5.81,7.01,4.2,1,Medium,Stable,Sleep Deficit,2026-01-14 21:00:00
2295,192,2026-01-15,2026-01-21,54.34,6.16,6.81,4.04,0,Medium,Stable,Sleep Deficit,2026-01-21 21:00:00
2296,192,2026-01-22,2026-01-28,53.01,6.45,6.91,3.2,0,Medium,Stable,Sleep Deficit,2026-01-28 21:00:00
2297,192,2026-01-29,2026-02-04,71.88,5.51,7.71,5.91,6,High,Decreasing,Academic Pressure,2026-02-04 21:00:00
2298,192,2026-02-05,2026-02-11,55.65,6.12,7.38,4.45,1,Medium,Stable,Academic Pressure,2026-02-11 21:00:00
2299,192,2026-02-12,2026-02-18,56.04,6.53,7.68,3.46,1,Medium,Stable,Low Mood,2026-02-18 21:00:00
2300,192,2026-02-19,2026-02-25,63.11,5.55,7.48,3.7,2,Medium,Stable,Sleep Deficit,2026-02-25 21:00:00
2301,192,2026-02-26,2026-03-04,55.74,6.04,6.95,4.13,0,Medium,Stable,Low Mood,2026-03-04 21:00:00
2302,192,2026-03-05,2026-03-11,51.11,6.26,6.61,3.64,0,Medium,Stable,Low Mood,2026-03-11 21:00:00
2303,192,2026-03-12,2026-03-18,73.07,5.24,8.74,5.89,5,High,Stable,Academic Pressure,2026-03-18 21:00:00
2304,192,2026-03-19,2026-03-25,56.31,5.89,8.08,4.41,1,Medium,Decreasing,Low Mood,2026-03-25 21:00:00
2305,193,2026-01-01,2026-01-07,57.37,6.72,5.74,3.09,1,Medium,Increasing,Academic Pressure,2026-01-07 21:00:00
2306,193,2026-01-08,2026-01-14,55.39,7.16,6.05,3.2,0,Medium,Stable,Academic Pressure,2026-01-14 21:00:00
2307,193,2026-01-15,2026-01-21,52.28,7.27,5.47,2.79,0,Medium,Increasing,Academic Pressure,2026-01-21 21:00:00
2308,193,2026-01-22,2026-01-28,51.55,7.25,5.63,3.06,0,Medium,Stable,Academic Pressure,2026-01-28 21:00:00
2309,193,2026-01-29,2026-02-04,64.95,6.57,6.44,5.49,2,Medium,Increasing,Academic Pressure,2026-02-04 21:00:00
2310,193,2026-02-05,2026-02-11,54.52,6.97,5.49,3.07,1,Medium,Stable,Low Mood,2026-02-11 21:00:00
2311,193,2026-02-12,2026-02-18,50.52,7.29,4.89,3.42,0,Medium,Stable,Academic Pressure,2026-02-18 21:00:00
2312,193,2026-02-19,2026-02-25,52.45,6.86,5.39,3.9,0,Medium,Stable,Academic Pressure,2026-02-25 21:00:00
2313,193,2026-02-26,2026-03-04,58.2,6.97,5.8,3.59,1,Medium,Increasing,Low Mood,2026-03-04 21:00:00
2314,193,2026-03-05,2026-03-11,51.4,6.77,6.09,3.56,0,Medium,Stable,Academic Pressure,2026-03-11 21:00:00
2315,193,2026-03-12,2026-03-18,66.56,6.26,6.17,4.05,1,Medium,Stable,Academic Pressure,2026-03-18 21:00:00
2316,193,2026-03-19,2026-03-25,53.0,6.75,5.46,4.09,0,Medium,Stable,Academic Pressure,2026-03-25 21:00:00
2317,194,2026-01-01,2026-01-07,55.27,6.28,5.43,3.66,1,Medium,Decreasing,Academic Pressure,2026-01-07 21:00:00
2318,194,2026-01-08,2026-01-14,49.45,6.54,5.01,4.01,0,Medium,Stable,Stable Routine,2026-01-14 21:00:00
2319,194,2026-01-15,2026-01-21,50.79,6.68,5.15,4.0,0,Medium,Decreasing,Low Mood,2026-01-21 21:00:00
2320,194,2026-01-22,2026-01-28,54.32,6.37,5.36,3.28,1,Medium,Increasing,Low Mood,2026-01-28 21:00:00
2321,194,2026-01-29,2026-02-04,70.27,5.66,6.16,5.49,3,Medium,Stable,Academic Pressure,2026-02-04 21:00:00
2322,194,2026-02-05,2026-02-11,52.19,6.85,5.85,4.1,0,Medium,Decreasing,Academic Pressure,2026-02-11 21:00:00
2323,194,2026-02-12,2026-02-18,55.72,6.33,4.77,3.41,1,Medium,Increasing,Academic Pressure,2026-02-18 21:00:00
2324,194,2026-02-19,2026-02-25,54.73,6.26,4.51,3.91,0,Medium,Increasing,Academic Pressure,2026-02-25 21:00:00
2325,194,2026-02-26,2026-03-04,55.99,6.75,5.7,3.52,0,Medium,Stable,Academic Pressure,2026-03-04 21:00:00
2326,194,2026-03-05,2026-03-11,56.5,6.05,5.68,3.42,1,Medium,Decreasing,Academic Pressure,2026-03-11 21:00:00
2327,194,2026-03-12,2026-03-18,70.82,5.58,6.44,6.04,3,Medium,Increasing,Academic Pressure,2026-03-18 21:00:00
2328,194,2026-03-19,2026-03-25,53.59,6.63,5.13,3.77,0,Medium,Stable,Academic Pressure,2026-03-25 21:00:00
2329,195,2026-01-01,2026-01-07,65.15,5.57,5.88,4.75,1,Medium,Increasing,Academic Pressure,2026-01-07 21:00:00
2330,195,2026-01-08,2026-01-14,59.61,5.3,5.98,4.34,0,Medium,Stable,Academic Pressure,2026-01-14 21:00:00
2331,195,2026-01-15,2026-01-21,60.02,5.98,6.7,4.31,1,Medium,Decreasing,Academic Pressure,2026-01-21 21:00:00
2332,195,2026-01-22,2026-01-28,59.31,6.06,6.28,4.22,1,Medium,Increasing,Low Mood,2026-01-28 21:00:00
2333,195,2026-01-29,2026-02-04,72.5,5.1,7.37,6.13,5,High,Increasing,Academic Pressure,2026-02-04 21:00:00
2334,195,2026-02-05,2026-02-11,64.51,5.38,6.14,4.38,0,Medium,Stable,Academic Pressure,2026-02-11 21:00:00
2335,195,2026-02-12,2026-02-18,58.41,6.16,6.42,5.01,0,Medium,Decreasing,Academic Pressure,2026-02-18 21:00:00
2336,195,2026-02-19,2026-02-25,60.1,5.58,6.33,3.76,0,Medium,Stable,Low Mood,2026-02-25 21:00:00
2337,195,2026-02-26,2026-03-04,57.43,5.8,6.05,4.23,1,Medium,Decreasing,Academic Pressure,2026-03-04 21:00:00
2338,195,2026-03-05,2026-03-11,60.58,5.38,5.87,4.42,1,Medium,Decreasing,Academic Pressure,2026-03-11 21:00:00
2339,195,2026-03-12,2026-03-18,71.62,5.26,7.12,5.75,6,High,Stable,Academic Pressure,2026-03-18 21:00:00
2340,195,2026-03-19,2026-03-25,59.24,5.65,5.89,4.47,1,Medium,Stable,Sleep Deficit,2026-03-25 21:00:00
2341,196,2026-01-01,2026-01-07,47.31,7.42,5.48,4.74,0,Medium,Stable,Low Mood,2026-01-07 21:00:00
2342,196,2026-01-08,2026-01-14,47.84,7.92,5.57,4.63,0,Medium,Stable,Low Mood,2026-01-14 21:00:00
2343,196,2026-01-15,2026-01-21,45.29,7.99,5.79,5.47,0,Medium,Increasing,Stable Routine,2026-01-21 21:00:00
2344,196,2026-01-22,2026-01-28,47.16,7.51,6.0,4.64,0,Medium,Increasing,Low Mood,2026-01-28 21:00:00
2345,196,2026-01-29,2026-02-04,65.54,6.98,6.64,7.67,3,Medium,Increasing,Academic Pressure,2026-02-04 21:00:00
2346,196,2026-02-05,2026-02-11,51.77,7.69,5.41,5.19,0,Medium,Decreasing,Academic Pressure,2026-02-11 21:00:00
2347,196,2026-02-12,2026-02-18,43.83,7.95,5.92,4.96,0,Medium,Decreasing,Stable Routine,2026-02-18 21:00:00
2348,196,2026-02-19,2026-02-25,49.26,7.21,5.6,4.9,0,Medium,Stable,Low Mood,2026-02-25 21:00:00
2349,196,2026-02-26,2026-03-04,48.51,7.74,6.03,5.4,0,Medium,Decreasing,Low Mood,2026-03-04 21:00:00
2350,196,2026-03-05,2026-03-11,47.63,7.37,5.06,5.12,0,Medium,Stable,Low Mood,2026-03-11 21:00:00
2351,196,2026-03-12,2026-03-18,59.45,7.27,6.55,6.66,1,Medium,Stable,Low Mood,2026-03-18 21:00:00
2352,196,2026-03-19,2026-03-25,49.06,7.68,6.04,4.98,0,Medium,Decreasing,Academic Pressure,2026-03-25 21:00:00
2353,197,2026-01-01,2026-01-07,43.2,6.94,2.98,5.85,0,Medium,Stable,Stable Routine,2026-01-07 21:00:00
2354,197,2026-01-08,2026-01-14,50.89,7.27,3.06,6.56,0,Medium,Stable,Low Mood,2026-01-14 21:00:00
2355,197,2026-01-15,2026-01-21,42.97,7.14,2.45,6.33,0,Medium,Stable,Stable Routine,2026-01-21 21:00:00
2356,197,2026-01-22,2026-01-28,47.6,6.98,3.47,6.65,0,Medium,Stable,Low Physical Activity,2026-01-28 21:00:00
2357,197,2026-01-29,2026-02-04,59.25,6.37,3.66,7.68,1,Medium,Decreasing,Academic Pressure,2026-02-04 21:00:00
2358,197,2026-02-05,2026-02-11,46.67,6.99,2.93,6.3,0,Medium,Stable,Low Mood,2026-02-11 21:00:00
2359,197,2026-02-12,2026-02-18,48.92,7.12,3.55,5.88,0,Medium,Increasing,Low Mood,2026-02-18 21:00:00
2360,197,2026-02-19,2026-02-25,47.6,7.24,3.69,6.53,0,Medium,Stable,Stable Routine,2026-02-25 21:00:00
2361,197,2026-02-26,2026-03-04,45.74,7.19,2.87,5.85,0,Medium,Increasing,Low Mood,2026-03-04 21:00:00
2362,197,2026-03-05,2026-03-11,49.08,7.27,3.31,6.32,0,Medium,Increasing,Low Mood,2026-03-11 21:00:00
2363,197,2026-03-12,2026-03-18,57.72,6.97,3.86,8.57,0,Medium,Stable,Academic Pressure,2026-03-18 21:00:00
2364,197,2026-03-19,2026-03-25,48.45,7.15,3.32,6.63,0,Medium,Decreasing,Low Mood,2026-03-25 21:00:00
2365,198,2026-01-01,2026-01-07,58.84,6.04,8.1,3.24,0,Medium,Stable,Academic Pressure,2026-01-07 21:00:00
2366,198,2026-01-08,2026-01-14,58.0,6.05,7.55,2.72,0,Medium,Stable,Academic Pressure,2026-01-14 21:00:00
2367,198,2026-01-15,2026-01-21,61.11,5.73,8.16,3.16,1,Medium,Increasing,Academic Pressure,2026-01-21 21:00:00
2368,198,2026-01-22,2026-01-28,55.92,6.03,7.73,2.57,0,Medium,Stable,Academic Pressure,2026-01-28 21:00:00
2369,198,2026-01-29,2026-02-04,72.28,5.33,9.65,5.24,5,High,Increasing,Academic Pressure,2026-02-04 21:00:00
2370,198,2026-02-05,2026-02-11,62.1,6.21,8.99,2.86,2,Medium,Stable,Low Mood,2026-02-11 21:00:00
2371,198,2026-02-12,2026-02-18,57.37,5.7,9.36,2.27,0,Medium,Stable,Academic Pressure,2026-02-18 21:00:00
2372,198,2026-02-19,2026-02-25,61.53,6.19,8.62,2.28,1,Medium,Stable,Academic Pressure,2026-02-25 21:00:00
2373,198,2026-02-26,2026-03-04,58.32,6.33,7.54,2.9,0,Medium,Stable,Low Mood,2026-03-04 21:00:00
2374,198,2026-03-05,2026-03-11,59.07,5.76,8.48,2.69,1,Medium,Stable,Sleep Deficit,2026-03-11 21:00:00
2375,198,2026-03-12,2026-03-18,72.21,5.89,9.81,4.37,5,High,Decreasing,Academic Pressure,2026-03-18 21:00:00
2376,198,2026-03-19,2026-03-25,58.37,6.13,8.7,2.76,1,Medium,Decreasing,Low Mood,2026-03-25 21:00:00
2377,199,2026-01-01,2026-01-07,53.43,7.36,8.23,3.4,0,Medium,Stable,Low Mood,2026-01-07 21:00:00
2378,199,2026-01-08,2026-01-14,60.61,7.0,7.55,3.72,0,Medium,Stable,Academic Pressure,2026-01-14 21:00:00
2379,199,2026-01-15,2026-01-21,50.74,7.69,8.46,3.55,0,Medium,Stable,Low Mood,2026-01-21 21:00:00
2380,199,2026-01-22,2026-01-28,54.65,7.22,9.08,3.14,0,Medium,Increasing,Low Mood,2026-01-28 21:00:00
2381,199,2026-01-29,2026-02-04,69.1,6.97,9.53,5.38,3,Medium,Stable,Academic Pressure,2026-02-04 21:00:00
2382,199,2026-02-05,2026-02-11,57.54,7.81,8.12,4.79,1,Medium,Decreasing,Academic Pressure,2026-02-11 21:00:00
2383,199,2026-02-12,2026-02-18,55.58,7.35,8.5,3.03,0,Medium,Stable,High Screen Time,2026-02-18 21:00:00
2384,199,2026-02-19,2026-02-25,55.71,6.83,8.36,3.94,0,Medium,Stable,High Screen Time,2026-02-25 21:00:00
2385,199,2026-02-26,2026-03-04,52.97,7.6,7.82,4.2,0,Medium,Decreasing,Low Mood,2026-03-04 21:00:00
2386,199,2026-03-05,2026-03-11,55.95,7.3,8.09,3.84,0,Medium,Stable,Low Mood,2026-03-11 21:00:00
2387,199,2026-03-12,2026-03-18,70.13,6.69,9.07,5.78,4,High,Increasing,Academic Pressure,2026-03-18 21:00:00
2388,199,2026-03-19,2026-03-25,55.83,7.34,8.23,4.19,0,Medium,Decreasing,Academic Pressure,2026-03-25 21:00:00
2389,200,2026-01-01,2026-01-07,53.16,6.7,5.94,3.69,0,Medium,Stable,Academic Pressure,2026-01-07 21:00:00
2390,200,2026-01-08,2026-01-14,53.21,6.74,6.56,3.98,0,Medium,Stable,Academic Pressure,2026-01-14 21:00:00
2391,200,2026-01-15,2026-01-21,55.97,7.23,6.78,4.09,0,Medium,Stable,Academic Pressure,2026-01-21 21:00:00
2392,200,2026-01-22,2026-01-28,57.1,6.52,6.37,3.92,0,Medium,Stable,Low Mood,2026-01-28 21:00:00
2393,200,2026-01-29,2026-02-04,68.1,6.11,7.43,5.87,5,High,Decreasing,Academic Pressure,2026-02-04 21:00:00
2394,200,2026-02-05,2026-02-11,57.02,6.74,6.49,3.66,1,Medium,Decreasing,Academic Pressure,2026-02-11 21:00:00
2395,200,2026-02-12,2026-02-18,51.41,6.51,6.08,3.96,0,Medium,Decreasing,Academic Pressure,2026-02-18 21:00:00
2396,200,2026-02-19,2026-02-25,53.33,6.35,5.73,3.99,0,Medium,Decreasing,Academic Pressure,2026-02-25 21:00:00
2397,200,2026-02-26,2026-03-04,57.04,6.66,7.11,4.6,0,Medium,Increasing,Academic Pressure,2026-03-04 21:00:00
2398,200,2026-03-05,2026-03-11,54.98,6.57,6.22,3.49,0,Medium,Stable,Low Mood,2026-03-11 21:00:00
2399,200,2026-03-12,2026-03-18,72.1,5.85,7.11,5.98,6,High,Stable,Academic Pressure,2026-03-18 21:00:00
2400,200,2026-03-19,2026-03-25,58.26,6.62,6.6,4.37,1,Medium,Stable,Academic Pressure,2026-03-25 21:00:00
2401,201,2026-01-01,2026-01-07,52.96,6.61,4.14,3.52,0,Medium,Stable,Low Mood,2026-01-07 21:00:00
2402,201,2026-01-08,2026-01-14,51.0,6.27,3.83,3.29,0,Medium,Increasing,Low Mood,2026-01-14 21:00:00
2403,201,2026-01-15,2026-01-21,57.8,6.21,4.46,3.3,0,Medium,Stable,Low Mood,2026-01-21 21:00:00
2404,201,2026-01-22,2026-01-28,57.98,6.36,4.45,3.58,1,Medium,Stable,Academic Pressure,2026-01-28 21:00:00
2405,201,2026-01-29,2026-02-04,67.54,6.11,5.32,5.89,2,Medium,Stable,Academic Pressure,2026-02-04 21:00:00
2406,201,2026-02-05,2026-02-11,59.94,6.42,4.92,3.67,2,Medium,Stable,Academic Pressure,2026-02-11 21:00:00
2407,201,2026-02-12,2026-02-18,55.58,6.35,4.94,2.79,0,Medium,Stable,Low Mood,2026-02-18 21:00:00
2408,201,2026-02-19,2026-02-25,52.08,6.65,4.09,3.26,0,Medium,Stable,Academic Pressure,2026-02-25 21:00:00
2409,201,2026-02-26,2026-03-04,54.57,6.2,5.17,3.26,0,Medium,Decreasing,Low Mood,2026-03-04 21:00:00
2410,201,2026-03-05,2026-03-11,51.44,6.56,4.84,3.35,0,Medium,Stable,Stable Routine,2026-03-11 21:00:00
2411,201,2026-03-12,2026-03-18,68.67,6.12,5.72,5.07,4,High,Decreasing,Academic Pressure,2026-03-18 21:00:00
2412,201,2026-03-19,2026-03-25,57.1,6.44,4.71,3.26,0,Medium,Stable,Academic Pressure,2026-03-25 21:00:00
2413,202,2026-01-01,2026-01-07,52.6,8.77,4.4,3.08,0,Medium,Increasing,Academic Pressure,2026-01-07 21:00:00
2414,202,2026-01-08,2026-01-14,50.33,7.8,5.19,2.42,0,Medium,Stable,Academic Pressure,2026-01-14 21:00:00
2415,202,2026-01-15,2026-01-21,57.04,8.65,4.6,3.0,0,Medium,Stable,Academic Pressure,2026-01-21 21:00:00
2416,202,2026-01-22,2026-01-28,48.36,8.51,4.68,3.64,0,Medium,Stable,Academic Pressure,2026-01-28 21:00:00
2417,202,2026-01-29,2026-02-04,61.6,8.14,6.46,5.11,2,Medium,Increasing,Academic Pressure,2026-02-04 21:00:00
2418,202,2026-02-05,2026-02-11,51.74,8.14,4.46,3.05,0,Medium,Stable,Academic Pressure,2026-02-11 21:00:00
2419,202,2026-02-12,2026-02-18,53.37,8.46,4.67,2.95,0,Medium,Stable,Academic Pressure,2026-02-18 21:00:00
2420,202,2026-02-19,2026-02-25,51.45,8.74,4.42,2.3,0,Medium,Stable,Academic Pressure,2026-02-25 21:00:00
2421,202,2026-02-26,2026-03-04,51.91,8.67,4.4,2.12,0,Medium,Decreasing,Academic Pressure,2026-03-04 21:00:00
2422,202,2026-03-05,2026-03-11,55.64,8.92,4.98,3.34,0,Medium,Stable,Academic Pressure,2026-03-11 21:00:00
2423,202,2026-03-12,2026-03-18,62.75,7.88,6.0,4.62,1,Medium,Stable,Academic Pressure,2026-03-18 21:00:00
2424,202,2026-03-19,2026-03-25,56.58,8.13,4.94,3.09,0,Medium,Stable,Academic Pressure,2026-03-25 21:00:00
2425,203,2026-01-01,2026-01-07,55.11,5.95,6.15,5.48,1,Medium,Stable,Academic Pressure,2026-01-07 21:00:00
2426,203,2026-01-08,2026-01-14,61.11,5.63,5.9,6.31,0,Medium,Stable,Sleep Deficit,2026-01-14 21:00:00
2427,203,2026-01-15,2026-01-21,57.5,5.64,6.06,5.89,0,Medium,Stable,Low Mood,2026-01-21 21:00:00
2428,203,2026-01-22,2026-01-28,54.91,5.5,5.67,5.51,0,Medium,Stable,Low Mood,2026-01-28 21:00:00
2429,203,2026-01-29,2026-02-04,74.9,5.02,6.92,6.94,7,High,Stable,Academic Pressure,2026-02-04 21:00:00
2430,203,2026-02-05,2026-02-11,63.2,5.46,5.53,5.78,1,Medium,Decreasing,Low Mood,2026-02-11 21:00:00
2431,203,2026-02-12,2026-02-18,56.98,6.02,5.82,5.33,0,Medium,Stable,Academic Pressure,2026-02-18 21:00:00
2432,203,2026-02-19,2026-02-25,53.53,6.14,5.65,5.82,0,Medium,Stable,Low Mood,2026-02-25 21:00:00
2433,203,2026-02-26,2026-03-04,54.04,6.09,5.99,6.21,0,Medium,Stable,Academic Pressure,2026-03-04 21:00:00
2434,203,2026-03-05,2026-03-11,58.32,5.78,6.54,6.3,1,Medium,Stable,Low Mood,2026-03-11 21:00:00
2435,203,2026-03-12,2026-03-18,68.8,5.34,7.56,7.94,4,High,Increasing,Academic Pressure,2026-03-18 21:00:00
2436,203,2026-03-19,2026-03-25,61.94,5.62,6.22,6.44,1,Medium,Decreasing,Sleep Deficit,2026-03-25 21:00:00
2437,204,2026-01-01,2026-01-07,56.35,7.62,6.55,3.6,0,Medium,Stable,Academic Pressure,2026-01-07 21:00:00
2438,204,2026-01-08,2026-01-14,55.09,7.0,6.39,3.3,1,Medium,Decreasing,Low Mood,2026-01-14 21:00:00
2439,204,2026-01-15,2026-01-21,48.13,7.22,5.96,4.31,0,Medium,Stable,Low Mood,2026-01-21 21:00:00
2440,204,2026-01-22,2026-01-28,55.47,7.45,6.37,3.56,0,Medium,Increasing,Academic Pressure,2026-01-28 21:00:00
2441,204,2026-01-29,2026-02-04,61.09,6.67,6.88,5.6,1,Medium,Stable,Academic Pressure,2026-02-04 21:00:00
2442,204,2026-02-05,2026-02-11,54.06,7.11,6.68,3.93,0,Medium,Stable,Academic Pressure,2026-02-11 21:00:00
2443,204,2026-02-12,2026-02-18,54.87,7.1,6.38,3.54,0,Medium,Decreasing,Academic Pressure,2026-02-18 21:00:00
2444,204,2026-02-19,2026-02-25,47.45,7.43,6.09,3.91,0,Medium,Decreasing,Academic Pressure,2026-02-25 21:00:00
2445,204,2026-02-26,2026-03-04,53.11,7.13,5.76,4.0,0,Medium,Stable,Academic Pressure,2026-03-04 21:00:00
2446,204,2026-03-05,2026-03-11,52.93,7.59,6.0,4.27,0,Medium,Stable,Low Mood,2026-03-11 21:00:00
2447,204,2026-03-12,2026-03-18,66.06,6.68,7.37,5.8,2,Medium,Stable,Academic Pressure,2026-03-18 21:00:00
2448,204,2026-03-19,2026-03-25,52.38,7.66,6.59,4.17,0,Medium,Stable,Academic Pressure,2026-03-25 21:00:00
2449,205,2026-01-01,2026-01-07,57.5,6.63,6.33,4.89,0,Medium,Increasing,Low Mood,2026-01-07 21:00:00
2450,205,2026-01-08,2026-01-14,54.96,6.92,6.22,5.62,0,Medium,Increasing,Academic Pressure,2026-01-14 21:00:00
2451,205,2026-01-15,2026-01-21,59.78,6.57,6.72,5.06,0,Medium,Stable,Academic Pressure,2026-01-21 21:00:00
2452,205,2026-01-22,2026-01-28,62.23,6.78,6.17,5.87,1,Medium,Increasing,Academic Pressure,2026-01-28 21:00:00
2453,205,2026-01-29,2026-02-04,66.7,6.23,7.32,7.03,3,Medium,Stable,Academic Pressure,2026-02-04 21:00:00
2454,205,2026-02-05,2026-02-11,57.49,7.18,6.43,5.95,0,Medium,Stable,Academic Pressure,2026-02-11 21:00:00
2455,205,2026-02-12,2026-02-18,55.68,6.51,6.37,5.36,0,Medium,Increasing,Academic Pressure,2026-02-18 21:00:00
2456,205,2026-02-19,2026-02-25,56.23,6.85,6.81,6.03,0,Medium,Stable,Academic Pressure,2026-02-25 21:00:00
2457,205,2026-02-26,2026-03-04,54.72,6.31,6.39,5.64,0,Medium,Decreasing,Low Mood,2026-03-04 21:00:00
2458,205,2026-03-05,2026-03-11,56.27,7.06,5.89,5.81,1,Medium,Stable,Academic Pressure,2026-03-11 21:00:00
2459,205,2026-03-12,2026-03-18,72.15,6.48,7.36,6.7,6,High,Increasing,Academic Pressure,2026-03-18 21:00:00
2460,205,2026-03-19,2026-03-25,60.05,6.63,6.73,5.92,1,Medium,Stable,Academic Pressure,2026-03-25 21:00:00
2461,206,2026-01-01,2026-01-07,52.23,8.45,6.63,5.26,0,Medium,Increasing,Academic Pressure,2026-01-07 21:00:00
2462,206,2026-01-08,2026-01-14,46.43,8.18,6.63,4.66,0,Medium,Stable,Low Mood,2026-01-14 21:00:00
2463,206,2026-01-15,2026-01-21,50.38,8.33,7.28,4.22,0,Medium,Stable,Academic Pressure,2026-01-21 21:00:00
2464,206,2026-01-22,2026-01-28,48.44,8.26,6.68,4.73,0,Medium,Stable,Stable Routine,2026-01-28 21:00:00
2465,206,2026-01-29,2026-02-04,65.17,7.67,7.5,6.9,2,Medium,Stable,Academic Pressure,2026-02-04 21:00:00
2466,206,2026-02-05,2026-02-11,52.32,8.58,6.94,5.41,0,Medium,Decreasing,Stable Routine,2026-02-11 21:00:00
2467,206,2026-02-12,2026-02-18,49.27,8.22,6.18,4.58,0,Medium,Stable,Academic Pressure,2026-02-18 21:00:00
2468,206,2026-02-19,2026-02-25,44.55,8.93,6.17,4.69,0,Medium,Increasing,Stable Routine,2026-02-25 21:00:00
2469,206,2026-02-26,2026-03-04,51.6,8.49,6.84,5.07,0,Medium,Increasing,Low Mood,2026-03-04 21:00:00
2470,206,2026-03-05,2026-03-11,50.93,8.25,6.5,4.49,0,Medium,Stable,Low Mood,2026-03-11 21:00:00
2471,206,2026-03-12,2026-03-18,59.13,7.97,7.81,7.12,0,Medium,Stable,Academic Pressure,2026-03-18 21:00:00
2472,206,2026-03-19,2026-03-25,49.7,7.92,6.75,5.05,0,Medium,Decreasing,Academic Pressure,2026-03-25 21:00:00
2473,207,2026-01-01,2026-01-07,48.66,6.95,5.27,4.75,0,Medium,Stable,Low Mood,2026-01-07 21:00:00
2474,207,2026-01-08,2026-01-14,46.6,6.58,5.84,4.92,0,Medium,Stable,Sleep Deficit,2026-01-14 21:00:00
2475,207,2026-01-15,2026-01-21,44.67,6.6,4.87,4.97,0,Medium,Decreasing,Stable Routine,2026-01-21 21:00:00
2476,207,2026-01-22,2026-01-28,47.82,6.94,5.54,5.0,0,Medium,Stable,Low Mood,2026-01-28 21:00:00
2477,207,2026-01-29,2026-02-04,59.45,6.22,6.72,6.88,1,Medium,Stable,Academic Pressure,2026-02-04 21:00:00
2478,207,2026-02-05,2026-02-11,50.0,7.31,5.22,5.76,0,Medium,Increasing,Low Mood,2026-02-11 21:00:00
2479,207,2026-02-12,2026-02-18,44.18,7.38,5.2,4.68,0,Medium,Stable,Stable Routine,2026-02-18 21:00:00
2480,207,2026-02-19,2026-02-25,49.3,6.93,5.68,4.56,0,Medium,Increasing,Low Mood,2026-02-25 21:00:00
2481,207,2026-02-26,2026-03-04,48.37,7.0,5.42,5.12,0,Medium,Decreasing,Stable Routine,2026-03-04 21:00:00
2482,207,2026-03-05,2026-03-11,53.68,7.07,5.78,5.28,0,Medium,Stable,Stable Routine,2026-03-11 21:00:00
2483,207,2026-03-12,2026-03-18,62.6,6.71,6.63,7.04,1,Medium,Stable,Academic Pressure,2026-03-18 21:00:00
2484,207,2026-03-19,2026-03-25,52.77,6.77,5.75,5.3,0,Medium,Stable,Low Mood,2026-03-25 21:00:00
2485,208,2026-01-01,2026-01-07,49.92,6.38,6.44,4.46,0,Medium,Increasing,Low Mood,2026-01-07 21:00:00
2486,208,2026-01-08,2026-01-14,53.88,6.64,6.44,4.39,0,Medium,Decreasing,Low Mood,2026-01-14 21:00:00
2487,208,2026-01-15,2026-01-21,49.75,6.2,6.29,4.91,0,Medium,Decreasing,Low Mood,2026-01-21 21:00:00
2488,208,2026-01-22,2026-01-28,51.79,5.97,6.16,4.54,0,Medium,Stable,Sleep Deficit,2026-01-28 21:00:00
2489,208,2026-01-29,2026-02-04,66.02,5.41,7.39,6.27,2,Medium,Decreasing,Academic Pressure,2026-02-04 21:00:00
2490,208,2026-02-05,2026-02-11,54.83,6.44,5.83,5.66,1,Medium,Stable,Stable Routine,2026-02-11 21:00:00
2491,208,2026-02-12,2026-02-18,52.69,5.88,6.33,5.0,0,Medium,Increasing,Low Mood,2026-02-18 21:00:00
2492,208,2026-02-19,2026-02-25,51.79,5.88,5.9,5.03,0,Medium,Increasing,Sleep Deficit,2026-02-25 21:00:00
2493,208,2026-02-26,2026-03-04,47.59,6.51,6.03,5.25,0,Medium,Increasing,Low Mood,2026-03-04 21:00:00
2494,208,2026-03-05,2026-03-11,47.95,6.73,6.74,4.67,0,Medium,Increasing,Low Mood,2026-03-11 21:00:00
2495,208,2026-03-12,2026-03-18,65.65,5.4,7.58,6.02,2,Medium,Stable,Low Mood,2026-03-18 21:00:00
2496,208,2026-03-19,2026-03-25,51.39,5.83,5.85,4.92,0,Medium,Decreasing,Sleep Deficit,2026-03-25 21:00:00
2497,209,2026-01-01,2026-01-07,54.5,6.6,5.41,4.73,1,Medium,Decreasing,Academic Pressure,2026-01-07 21:00:00
2498,209,2026-01-08,2026-01-14,53.93,6.54,5.85,5.71,1,Medium,Decreasing,Low Mood,2026-01-14 21:00:00
2499,209,2026-01-15,2026-01-21,55.27,6.65,5.66,5.62,0,Medium,Stable,Academic Pressure,2026-01-21 21:00:00
2500,209,2026-01-22,2026-01-28,55.09,6.76,5.06,5.4,0,Medium,Stable,Academic Pressure,2026-01-28 21:00:00
2501,209,2026-01-29,2026-02-04,69.89,5.88,6.8,7.49,3,Medium,Increasing,Academic Pressure,2026-02-04 21:00:00
2502,209,2026-02-05,2026-02-11,64.26,6.18,6.17,5.32,3,Medium,Stable,Low Mood,2026-02-11 21:00:00
2503,209,2026-02-12,2026-02-18,53.9,6.49,5.9,5.26,0,Medium,Stable,Low Mood,2026-02-18 21:00:00
2504,209,2026-02-19,2026-02-25,54.48,6.63,6.38,5.87,0,Medium,Stable,Low Mood,2026-02-25 21:00:00
2505,209,2026-02-26,2026-03-04,56.54,6.51,5.74,4.61,1,Medium,Decreasing,Low Mood,2026-03-04 21:00:00
2506,209,2026-03-05,2026-03-11,57.2,6.73,6.18,4.93,0,Medium,Decreasing,Academic Pressure,2026-03-11 21:00:00
2507,209,2026-03-12,2026-03-18,65.23,6.47,6.96,7.04,2,Medium,Increasing,Academic Pressure,2026-03-18 21:00:00
2508,209,2026-03-19,2026-03-25,58.74,6.44,5.6,5.8,1,Medium,Decreasing,Academic Pressure,2026-03-25 21:00:00
2509,210,2026-01-01,2026-01-07,54.75,7.2,7.23,4.3,0,Medium,Stable,Low Mood,2026-01-07 21:00:00
2510,210,2026-01-08,2026-01-14,57.93,6.82,7.45,4.08,0,Medium,Stable,Low Mood,2026-01-14 21:00:00
2511,210,2026-01-15,2026-01-21,54.03,6.69,7.45,4.49,0,Medium,Stable,Low Mood,2026-01-21 21:00:00
2512,210,2026-01-22,2026-01-28,52.85,6.7,6.88,3.2,0,Medium,Decreasing,Low Mood,2026-01-28 21:00:00
2513,210,2026-01-29,2026-02-04,75.14,6.07,7.88,5.72,6,High,Decreasing,Academic Pressure,2026-02-04 21:00:00
2514,210,2026-02-05,2026-02-11,53.51,6.85,7.04,4.54,0,Medium,Stable,Academic Pressure,2026-02-11 21:00:00
2515,210,2026-02-12,2026-02-18,54.52,6.94,6.57,3.9,1,Medium,Decreasing,Low Mood,2026-02-18 21:00:00
2516,210,2026-02-19,2026-02-25,53.95,7.06,6.41,4.0,0,Medium,Stable,Low Mood,2026-02-25 21:00:00
2517,210,2026-02-26,2026-03-04,55.23,6.97,7.45,3.65,0,Medium,Stable,Low Mood,2026-03-04 21:00:00
2518,210,2026-03-05,2026-03-11,49.29,7.05,7.25,4.08,0,Medium,Decreasing,High Fatigue,2026-03-11 21:00:00
2519,210,2026-03-12,2026-03-18,66.81,6.59,7.46,5.41,2,Medium,Stable,Academic Pressure,2026-03-18 21:00:00
2520,210,2026-03-19,2026-03-25,56.57,7.21,6.97,3.77,1,Medium,Decreasing,Academic Pressure,2026-03-25 21:00:00
2521,211,2026-01-01,2026-01-07,44.02,7.49,7.89,3.33,0,Medium,Decreasing,Low Physical Activity,2026-01-07 21:00:00
2522,211,2026-01-08,2026-01-14,54.43,8.16,8.4,3.05,0,Medium,Stable,High Screen Time,2026-01-14 21:00:00
2523,211,2026-01-15,2026-01-21,52.94,6.96,8.27,2.9,0,Medium,Stable,High Screen Time,2026-01-21 21:00:00
2524,211,2026-01-22,2026-01-28,48.92,7.85,8.58,2.47,0,Medium,Stable,High Screen Time,2026-01-28 21:00:00
2525,211,2026-01-29,2026-02-04,60.56,7.1,9.52,4.64,1,Medium,Stable,Low Mood,2026-02-04 21:00:00
2526,211,2026-02-05,2026-02-11,51.34,7.44,9.37,2.92,0,Medium,Decreasing,High Screen Time,2026-02-11 21:00:00
2527,211,2026-02-12,2026-02-18,48.67,7.88,8.75,2.49,0,Medium,Stable,High Screen Time,2026-02-18 21:00:00
2528,211,2026-02-19,2026-02-25,49.26,6.89,8.23,2.4,0,Medium,Stable,Low Mood,2026-02-25 21:00:00
2529,211,2026-02-26,2026-03-04,53.24,7.63,8.74,2.97,0,Medium,Decreasing,Low Mood,2026-03-04 21:00:00
2530,211,2026-03-05,2026-03-11,46.0,7.37,8.43,2.98,0,Medium,Decreasing,High Screen Time,2026-03-11 21:00:00
2531,211,2026-03-12,2026-03-18,60.65,6.51,9.32,4.18,0,Medium,Stable,Low Mood,2026-03-18 21:00:00
2532,211,2026-03-19,2026-03-25,54.89,7.59,9.44,3.85,0,Medium,Decreasing,High Screen Time,2026-03-25 21:00:00
2533,212,2026-01-01,2026-01-07,55.35,6.82,7.96,5.06,0,Medium,Decreasing,Academic Pressure,2026-01-07 21:00:00
2534,212,2026-01-08,2026-01-14,56.68,7.17,8.28,4.45,0,Medium,Stable,Academic Pressure,2026-01-14 21:00:00
2535,212,2026-01-15,2026-01-21,58.14,7.92,8.46,4.71,0,Medium,Stable,Academic Pressure,2026-01-21 21:00:00
2536,212,2026-01-22,2026-01-28,53.86,7.08,8.39,4.35,1,Medium,Increasing,Academic Pressure,2026-01-28 21:00:00
2537,212,2026-01-29,2026-02-04,69.86,6.21,9.48,5.94,5,High,Stable,Academic Pressure,2026-02-04 21:00:00
2538,212,2026-02-05,2026-02-11,57.24,7.33,8.08,5.54,0,Medium,Stable,Academic Pressure,2026-02-11 21:00:00
2539,212,2026-02-12,2026-02-18,54.59,7.03,8.65,4.06,0,Medium,Increasing,Low Mood,2026-02-18 21:00:00
2540,212,2026-02-19,2026-02-25,57.81,7.34,8.02,5.1,1,Medium,Stable,Low Mood,2026-02-25 21:00:00
2541,212,2026-02-26,2026-03-04,56.74,6.98,8.53,5.1,0,Medium,Stable,Academic Pressure,2026-03-04 21:00:00
2542,212,2026-03-05,2026-03-11,59.28,6.71,8.44,5.46,0,Medium,Stable,Low Mood,2026-03-11 21:00:00
2543,212,2026-03-12,2026-03-18,72.14,6.4,9.96,6.08,3,Medium,Stable,Academic Pressure,2026-03-18 21:00:00
2544,212,2026-03-19,2026-03-25,60.46,6.97,8.24,4.78,0,Medium,Stable,Academic Pressure,2026-03-25 21:00:00
2545,213,2026-01-01,2026-01-07,59.32,7.31,8.02,3.99,0,Medium,Stable,Academic Pressure,2026-01-07 21:00:00
2546,213,2026-01-08,2026-01-14,51.11,7.83,8.24,4.73,0,Medium,Increasing,High Screen Time,2026-01-14 21:00:00
2547,213,2026-01-15,2026-01-21,54.58,7.42,8.71,3.6,0,Medium,Stable,Low Mood,2026-01-21 21:00:00
2548,213,2026-01-22,2026-01-28,56.3,7.4,8.73,4.14,0,Medium,Increasing,High Screen Time,2026-01-28 21:00:00
2549,213,2026-01-29,2026-02-04,64.0,6.94,9.48,6.04,0,Medium,Stable,Academic Pressure,2026-02-04 21:00:00
2550,213,2026-02-05,2026-02-11,55.72,7.6,8.47,4.73,0,Medium,Decreasing,Academic Pressure,2026-02-11 21:00:00
2551,213,2026-02-12,2026-02-18,52.98,7.33,7.92,4.22,0,Medium,Stable,Low Mood,2026-02-18 21:00:00
2552,213,2026-02-19,2026-02-25,49.96,8.33,8.14,4.06,0,Medium,Stable,High Screen Time,2026-02-25 21:00:00
2553,213,2026-02-26,2026-03-04,59.31,7.62,8.33,3.72,1,Medium,Increasing,Academic Pressure,2026-03-04 21:00:00
2554,213,2026-03-05,2026-03-11,58.5,7.64,8.56,3.79,0,Medium,Stable,Low Mood,2026-03-11 21:00:00
2555,213,2026-03-12,2026-03-18,70.66,7.32,9.5,6.07,4,High,Stable,Academic Pressure,2026-03-18 21:00:00
2556,213,2026-03-19,2026-03-25,62.82,7.63,9.06,4.52,2,Medium,Stable,Low Mood,2026-03-25 21:00:00
2557,214,2026-01-01,2026-01-07,45.66,6.51,8.45,3.1,0,Medium,Increasing,High Screen Time,2026-01-07 21:00:00
2558,214,2026-01-08,2026-01-14,49.25,6.45,8.11,3.84,0,Medium,Stable,High Screen Time,2026-01-14 21:00:00
2559,214,2026-01-15,2026-01-21,50.12,6.44,8.65,3.47,0,Medium,Stable,High Screen Time,2026-01-21 21:00:00
2560,214,2026-01-22,2026-01-28,44.95,7.11,8.53,4.12,0,Medium,Decreasing,High Screen Time,2026-01-28 21:00:00
2561,214,2026-01-29,2026-02-04,63.26,6.12,10.01,5.8,1,Medium,Stable,High Fatigue,2026-02-04 21:00:00
2562,214,2026-02-05,2026-02-11,52.16,6.39,8.8,4.01,1,Medium,Stable,Low Mood,2026-02-11 21:00:00
2563,214,2026-02-12,2026-02-18,54.1,6.7,8.84,3.64,0,Medium,Increasing,High Screen Time,2026-02-18 21:00:00
2564,214,2026-02-19,2026-02-25,49.52,6.88,7.96,4.0,0,Medium,Increasing,High Screen Time,2026-02-25 21:00:00
2565,214,2026-02-26,2026-03-04,46.1,6.94,8.13,4.22,0,Medium,Stable,High Screen Time,2026-03-04 21:00:00
2566,214,2026-03-05,2026-03-11,47.74,6.68,8.59,4.04,0,Medium,Stable,High Screen Time,2026-03-11 21:00:00
2567,214,2026-03-12,2026-03-18,57.51,6.15,9.12,5.36,1,Medium,Stable,High Fatigue,2026-03-18 21:00:00
2568,214,2026-03-19,2026-03-25,52.9,7.02,9.2,4.0,0,Medium,Stable,High Screen Time,2026-03-25 21:00:00
2569,215,2026-01-01,2026-01-07,50.76,6.11,6.64,4.19,0,Medium,Stable,Low Physical Activity,2026-01-07 21:00:00
2570,215,2026-01-08,2026-01-14,54.16,5.83,6.14,3.43,0,Medium,Decreasing,Sleep Deficit,2026-01-14 21:00:00
2571,215,2026-01-15,2026-01-21,53.32,5.84,6.1,3.79,0,Medium,Stable,Low Mood,2026-01-21 21:00:00
2572,215,2026-01-22,2026-01-28,50.14,6.03,6.65,3.08,0,Medium,Increasing,Sleep Deficit,2026-01-28 21:00:00
2573,215,2026-01-29,2026-02-04,67.71,5.46,7.83,5.54,2,Medium,Stable,High Fatigue,2026-02-04 21:00:00
2574,215,2026-02-05,2026-02-11,54.09,6.4,6.57,4.47,0,Medium,Decreasing,Low Mood,2026-02-11 21:00:00
2575,215,2026-02-12,2026-02-18,44.88,6.47,6.23,3.73,0,Medium,Decreasing,Low Physical Activity,2026-02-18 21:00:00
2576,215,2026-02-19,2026-02-25,48.41,6.46,6.16,3.85,0,Medium,Stable,Low Mood,2026-02-25 21:00:00
2577,215,2026-02-26,2026-03-04,50.85,6.45,6.15,4.08,0,Medium,Stable,Low Physical Activity,2026-03-04 21:00:00
2578,215,2026-03-05,2026-03-11,51.8,6.12,6.18,3.36,0,Medium,Stable,Sleep Deficit,2026-03-11 21:00:00
2579,215,2026-03-12,2026-03-18,66.47,5.86,7.02,6.03,1,Medium,Stable,Academic Pressure,2026-03-18 21:00:00
2580,215,2026-03-19,2026-03-25,54.4,6.11,6.28,4.1,0,Medium,Decreasing,Low Physical Activity,2026-03-25 21:00:00
2581,216,2026-01-01,2026-01-07,58.03,6.69,7.4,3.7,0,Medium,Increasing,Low Mood,2026-01-07 21:00:00
2582,216,2026-01-08,2026-01-14,50.4,6.66,7.37,3.26,0,Medium,Stable,Stable Routine,2026-01-14 21:00:00
2583,216,2026-01-15,2026-01-21,52.92,6.45,8.03,3.07,0,Medium,Stable,High Screen Time,2026-01-21 21:00:00
2584,216,2026-01-22,2026-01-28,53.37,6.95,7.97,3.47,0,Medium,Increasing,High Screen Time,2026-01-28 21:00:00
2585,216,2026-01-29,2026-02-04,70.44,6.4,9.2,5.43,4,High,Increasing,Academic Pressure,2026-02-04 21:00:00
2586,216,2026-02-05,2026-02-11,57.37,6.39,8.13,3.73,0,Medium,Stable,Low Mood,2026-02-11 21:00:00
2587,216,2026-02-12,2026-02-18,54.58,6.89,7.48,3.23,0,Medium,Stable,Financial Worry,2026-02-18 21:00:00
2588,216,2026-02-19,2026-02-25,51.56,6.78,7.13,3.36,0,Medium,Stable,Stable Routine,2026-02-25 21:00:00
2589,216,2026-02-26,2026-03-04,53.81,6.84,7.47,3.09,0,Medium,Stable,Academic Pressure,2026-03-04 21:00:00
2590,216,2026-03-05,2026-03-11,55.07,6.69,7.34,3.04,0,Medium,Stable,Low Mood,2026-03-11 21:00:00
2591,216,2026-03-12,2026-03-18,67.93,6.37,8.51,5.07,3,Medium,Stable,Academic Pressure,2026-03-18 21:00:00
2592,216,2026-03-19,2026-03-25,56.42,6.85,7.55,3.95,1,Medium,Increasing,Low Mood,2026-03-25 21:00:00
2593,217,2026-01-01,2026-01-07,55.49,6.67,5.87,2.71,0,Medium,Stable,Low Mood,2026-01-07 21:00:00
2594,217,2026-01-08,2026-01-14,57.34,6.47,6.16,2.24,0,Medium,Increasing,Low Mood,2026-01-14 21:00:00
2595,217,2026-01-15,2026-01-21,53.13,6.24,5.08,2.28,0,Medium,Decreasing,Academic Pressure,2026-01-21 21:00:00
2596,217,2026-01-22,2026-01-28,57.85,6.68,5.27,2.28,0,Medium,Stable,Academic Pressure,2026-01-28 21:00:00
2597,217,2026-01-29,2026-02-04,68.5,6.22,6.57,3.83,3,Medium,Decreasing,Academic Pressure,2026-02-04 21:00:00
2598,217,2026-02-05,2026-02-11,55.73,6.64,5.64,3.16,0,Medium,Stable,Academic Pressure,2026-02-11 21:00:00
2599,217,2026-02-12,2026-02-18,53.32,6.83,5.37,2.26,0,Medium,Increasing,Academic Pressure,2026-02-18 21:00:00
2600,217,2026-02-19,2026-02-25,59.54,6.62,5.78,2.76,0,Medium,Stable,Low Mood,2026-02-25 21:00:00
2601,217,2026-02-26,2026-03-04,56.34,6.37,5.54,1.73,0,Medium,Stable,Academic Pressure,2026-03-04 21:00:00
2602,217,2026-03-05,2026-03-11,59.44,6.8,5.59,1.66,0,Medium,Increasing,Academic Pressure,2026-03-11 21:00:00
2603,217,2026-03-12,2026-03-18,72.77,5.95,6.63,4.12,5,High,Stable,Academic Pressure,2026-03-18 21:00:00
2604,217,2026-03-19,2026-03-25,65.26,6.25,6.32,3.38,1,Medium,Decreasing,Low Mood,2026-03-25 21:00:00
2605,218,2026-01-01,2026-01-07,53.06,7.36,5.88,2.2,0,Medium,Stable,Academic Pressure,2026-01-07 21:00:00
2606,218,2026-01-08,2026-01-14,54.68,6.58,6.0,2.41,0,Medium,Decreasing,Academic Pressure,2026-01-14 21:00:00
2607,218,2026-01-15,2026-01-21,56.93,6.75,6.4,2.55,0,Medium,Stable,Low Mood,2026-01-21 21:00:00
2608,218,2026-01-22,2026-01-28,55.82,6.55,5.29,2.43,1,Medium,Increasing,Academic Pressure,2026-01-28 21:00:00
2609,218,2026-01-29,2026-02-04,64.34,6.14,6.36,3.93,1,Medium,Decreasing,Academic Pressure,2026-02-04 21:00:00
2610,218,2026-02-05,2026-02-11,52.83,7.24,6.68,1.89,1,Medium,Decreasing,Academic Pressure,2026-02-11 21:00:00
2611,218,2026-02-12,2026-02-18,52.28,6.4,6.21,2.01,0,Medium,Decreasing,Academic Pressure,2026-02-18 21:00:00
2612,218,2026-02-19,2026-02-25,56.19,6.88,5.87,1.57,0,Medium,Stable,Low Mood,2026-02-25 21:00:00
2613,218,2026-02-26,2026-03-04,52.88,7.06,6.22,1.84,0,Medium,Stable,Academic Pressure,2026-03-04 21:00:00
2614,218,2026-03-05,2026-03-11,46.52,6.99,5.99,2.17,0,Medium,Stable,Academic Pressure,2026-03-11 21:00:00
2615,218,2026-03-12,2026-03-18,68.2,6.26,7.35,3.1,3,Medium,Stable,Academic Pressure,2026-03-18 21:00:00
2616,218,2026-03-19,2026-03-25,59.52,6.97,6.41,2.25,1,Medium,Increasing,Low Mood,2026-03-25 21:00:00
2617,219,2026-01-01,2026-01-07,56.65,6.89,9.07,2.44,1,Medium,Stable,High Screen Time,2026-01-07 21:00:00
2618,219,2026-01-08,2026-01-14,57.73,6.52,8.48,2.22,0,Medium,Stable,Low Mood,2026-01-14 21:00:00
2619,219,2026-01-15,2026-01-21,58.39,6.79,9.32,2.36,1,Medium,Decreasing,Academic Pressure,2026-01-21 21:00:00
2620,219,2026-01-22,2026-01-28,59.15,6.24,9.08,2.91,0,Medium,Stable,Low Mood,2026-01-28 21:00:00
2621,219,2026-01-29,2026-02-04,71.84,6.19,9.98,4.56,4,High,Stable,Academic Pressure,2026-02-04 21:00:00
2622,219,2026-02-05,2026-02-11,62.26,6.54,10.17,3.27,1,Medium,Decreasing,Low Mood,2026-02-11 21:00:00
2623,219,2026-02-12,2026-02-18,60.77,6.54,9.51,2.84,0,Medium,Stable,Low Mood,2026-02-18 21:00:00
2624,219,2026-02-19,2026-02-25,61.45,6.52,9.83,2.91,1,Medium,Stable,Low Mood,2026-02-25 21:00:00
2625,219,2026-02-26,2026-03-04,61.99,6.73,9.79,2.75,0,Medium,Stable,Academic Pressure,2026-03-04 21:00:00
2626,219,2026-03-05,2026-03-11,61.27,7.03,9.64,2.59,0,Medium,Increasing,Academic Pressure,2026-03-11 21:00:00
2627,219,2026-03-12,2026-03-18,71.55,6.41,10.27,5.09,5,High,Increasing,Academic Pressure,2026-03-18 21:00:00
2628,219,2026-03-19,2026-03-25,63.07,6.68,9.52,2.64,3,Medium,Increasing,Academic Pressure,2026-03-25 21:00:00
2629,220,2026-01-01,2026-01-07,53.4,7.29,7.71,5.08,0,Medium,Decreasing,Low Mood,2026-01-07 21:00:00
2630,220,2026-01-08,2026-01-14,54.53,6.76,7.55,5.18,0,Medium,Stable,Low Mood,2026-01-14 21:00:00
2631,220,2026-01-15,2026-01-21,57.76,6.94,6.99,4.65,0,Medium,Stable,Academic Pressure,2026-01-21 21:00:00
2632,220,2026-01-22,2026-01-28,53.09,7.15,7.31,4.72,0,Medium,Stable,Academic Pressure,2026-01-28 21:00:00
2633,220,2026-01-29,2026-02-04,62.63,6.51,8.5,7.18,1,Medium,Stable,Low Mood,2026-02-04 21:00:00
2634,220,2026-02-05,2026-02-11,56.86,6.69,7.22,5.23,1,Medium,Decreasing,Academic Pressure,2026-02-11 21:00:00
2635,220,2026-02-12,2026-02-18,52.55,7.05,7.51,5.33,0,Medium,Stable,Low Physical Activity,2026-02-18 21:00:00
2636,220,2026-02-19,2026-02-25,51.76,6.83,7.7,5.04,0,Medium,Stable,Low Mood,2026-02-25 21:00:00
2637,220,2026-02-26,2026-03-04,49.48,7.18,8.11,4.62,0,Medium,Stable,High Screen Time,2026-03-04 21:00:00
2638,220,2026-03-05,2026-03-11,50.89,7.15,7.61,5.37,0,Medium,Stable,Low Physical Activity,2026-03-11 21:00:00
2639,220,2026-03-12,2026-03-18,69.79,6.46,9.83,6.78,5,High,Stable,Academic Pressure,2026-03-18 21:00:00
2640,220,2026-03-19,2026-03-25,51.43,7.19,7.49,5.87,0,Medium,Decreasing,Low Physical Activity,2026-03-25 21:00:00
2641,221,2026-01-01,2026-01-07,62.46,5.97,7.13,2.22,2,Medium,Increasing,Academic Pressure,2026-01-07 21:00:00
2642,221,2026-01-08,2026-01-14,58.04,6.15,7.22,1.93,0,Medium,Stable,Low Mood,2026-01-14 21:00:00
2643,221,2026-01-15,2026-01-21,60.2,6.31,8.34,2.29,0,Medium,Stable,Academic Pressure,2026-01-21 21:00:00
2644,221,2026-01-22,2026-01-28,61.59,5.97,7.9,2.24,1,Medium,Stable,Academic Pressure,2026-01-28 21:00:00
2645,221,2026-01-29,2026-02-04,71.26,5.64,8.68,3.63,4,High,Stable,Academic Pressure,2026-02-04 21:00:00
2646,221,2026-02-05,2026-02-11,59.54,6.1,7.54,1.96,1,Medium,Decreasing,Academic Pressure,2026-02-11 21:00:00
2647,221,2026-02-12,2026-02-18,58.04,6.38,7.15,1.48,1,Medium,Decreasing,Academic Pressure,2026-02-18 21:00:00
2648,221,2026-02-19,2026-02-25,54.34,6.76,7.13,1.49,0,Medium,Stable,Academic Pressure,2026-02-25 21:00:00
2649,221,2026-02-26,2026-03-04,58.75,6.16,7.93,2.41,1,Medium,Decreasing,Academic Pressure,2026-03-04 21:00:00
2650,221,2026-03-05,2026-03-11,55.75,6.12,6.81,2.35,0,Medium,Stable,Low Mood,2026-03-11 21:00:00
2651,221,2026-03-12,2026-03-18,72.75,5.9,7.96,3.63,5,High,Increasing,Academic Pressure,2026-03-18 21:00:00
2652,221,2026-03-19,2026-03-25,59.73,6.28,7.3,1.82,1,Medium,Stable,Academic Pressure,2026-03-25 21:00:00
2653,222,2026-01-01,2026-01-07,48.75,6.59,4.31,3.18,0,Medium,Stable,Stable Routine,2026-01-07 21:00:00
2654,222,2026-01-08,2026-01-14,52.51,6.96,4.23,3.49,0,Medium,Decreasing,Low Mood,2026-01-14 21:00:00
2655,222,2026-01-15,2026-01-21,50.12,7.16,4.64,3.38,0,Medium,Stable,Academic Pressure,2026-01-21 21:00:00
2656,222,2026-01-22,2026-01-28,59.88,6.7,5.13,3.61,1,Medium,Decreasing,Academic Pressure,2026-01-28 21:00:00
2657,222,2026-01-29,2026-02-04,71.2,5.73,4.78,6.27,5,High,Increasing,Academic Pressure,2026-02-04 21:00:00
2658,222,2026-02-05,2026-02-11,51.22,6.46,4.31,4.98,0,Medium,Stable,Low Mood,2026-02-11 21:00:00
2659,222,2026-02-12,2026-02-18,57.51,6.34,4.56,4.17,0,Medium,Increasing,Low Mood,2026-02-18 21:00:00
2660,222,2026-02-19,2026-02-25,48.08,6.57,4.73,3.49,0,Medium,Stable,Academic Pressure,2026-02-25 21:00:00
2661,222,2026-02-26,2026-03-04,55.61,6.9,5.02,3.99,0,Medium,Increasing,Low Mood,2026-03-04 21:00:00
2662,222,2026-03-05,2026-03-11,51.04,6.63,4.79,3.77,0,Medium,Stable,Academic Pressure,2026-03-11 21:00:00
2663,222,2026-03-12,2026-03-18,66.58,5.97,5.38,5.09,3,Medium,Increasing,Academic Pressure,2026-03-18 21:00:00
2664,222,2026-03-19,2026-03-25,50.26,6.15,4.73,4.93,0,Medium,Increasing,Academic Pressure,2026-03-25 21:00:00
2665,223,2026-01-01,2026-01-07,56.84,6.28,8.33,3.91,0,Medium,Stable,Academic Pressure,2026-01-07 21:00:00
2666,223,2026-01-08,2026-01-14,54.7,6.93,8.2,4.75,0,Medium,Stable,Stable Routine,2026-01-14 21:00:00
2667,223,2026-01-15,2026-01-21,58.54,6.24,8.0,2.87,0,Medium,Stable,Academic Pressure,2026-01-21 21:00:00
2668,223,2026-01-22,2026-01-28,49.9,6.66,8.58,4.41,0,Medium,Stable,High Screen Time,2026-01-28 21:00:00
2669,223,2026-01-29,2026-02-04,66.04,6.31,10.17,6.19,2,Medium,Increasing,Academic Pressure,2026-02-04 21:00:00
2670,223,2026-02-05,2026-02-11,61.27,6.7,9.05,4.27,2,Medium,Stable,Low Mood,2026-02-11 21:00:00
2671,223,2026-02-12,2026-02-18,55.7,6.11,8.32,3.46,0,Medium,Stable,Sleep Deficit,2026-02-18 21:00:00
2672,223,2026-02-19,2026-02-25,52.53,6.77,9.15,4.03,0,Medium,Stable,High Screen Time,2026-02-25 21:00:00
2673,223,2026-02-26,2026-03-04,57.12,6.89,8.59,4.17,0,Medium,Stable,High Fatigue,2026-03-04 21:00:00
2674,223,2026-03-05,2026-03-11,54.91,6.24,8.81,3.71,0,Medium,Increasing,High Screen Time,2026-03-11 21:00:00
2675,223,2026-03-12,2026-03-18,62.76,6.56,8.95,5.64,1,Medium,Stable,Academic Pressure,2026-03-18 21:00:00
2676,223,2026-03-19,2026-03-25,58.2,6.3,8.67,4.03,0,Medium,Stable,Academic Pressure,2026-03-25 21:00:00
2677,224,2026-01-01,2026-01-07,59.58,6.48,6.77,4.71,0,Medium,Stable,Academic Pressure,2026-01-07 21:00:00
2678,224,2026-01-08,2026-01-14,55.08,6.31,7.22,4.82,0,Medium,Stable,Low Mood,2026-01-14 21:00:00
2679,224,2026-01-15,2026-01-21,56.09,5.9,7.21,5.28,0,Medium,Stable,Sleep Deficit,2026-01-21 21:00:00
2680,224,2026-01-22,2026-01-28,60.3,5.91,6.8,5.28,0,Medium,Stable,Sleep Deficit,2026-01-28 21:00:00
2681,224,2026-01-29,2026-02-04,69.97,6.13,8.27,6.5,4,High,Stable,Academic Pressure,2026-02-04 21:00:00
2682,224,2026-02-05,2026-02-11,58.71,6.37,6.56,5.27,1,Medium,Decreasing,Academic Pressure,2026-02-11 21:00:00
2683,224,2026-02-12,2026-02-18,57.36,6.02,7.23,5.03,0,Medium,Decreasing,Low Mood,2026-02-18 21:00:00
2684,224,2026-02-19,2026-02-25,59.78,6.45,7.83,4.8,0,Medium,Increasing,Academic Pressure,2026-02-25 21:00:00
2685,224,2026-02-26,2026-03-04,54.42,6.58,7.13,5.18,0,Medium,Increasing,Financial Worry,2026-03-04 21:00:00
2686,224,2026-03-05,2026-03-11,59.57,6.37,7.27,4.97,1,Medium,Decreasing,Low Mood,2026-03-11 21:00:00
2687,224,2026-03-12,2026-03-18,72.73,5.98,8.31,7.0,5,High,Stable,Academic Pressure,2026-03-18 21:00:00
2688,224,2026-03-19,2026-03-25,59.76,6.13,8.03,5.11,1,Medium,Decreasing,Low Mood,2026-03-25 21:00:00
2689,225,2026-01-01,2026-01-07,50.78,6.56,6.13,4.33,0,Medium,Increasing,Low Mood,2026-01-07 21:00:00
2690,225,2026-01-08,2026-01-14,50.28,6.33,6.15,4.37,0,Medium,Stable,Low Mood,2026-01-14 21:00:00
2691,225,2026-01-15,2026-01-21,50.05,6.27,6.18,4.01,0,Medium,Stable,Low Mood,2026-01-21 21:00:00
2692,225,2026-01-22,2026-01-28,51.48,6.99,6.44,4.1,0,Medium,Stable,Stable Routine,2026-01-28 21:00:00
2693,225,2026-01-29,2026-02-04,64.46,6.04,6.86,6.06,2,Medium,Stable,Low Mood,2026-02-04 21:00:00
2694,225,2026-02-05,2026-02-11,55.28,6.52,6.15,4.24,1,Medium,Decreasing,Low Physical Activity,2026-02-11 21:00:00
2695,225,2026-02-12,2026-02-18,55.26,6.26,6.31,3.66,0,Medium,Stable,Low Mood,2026-02-18 21:00:00
2696,225,2026-02-19,2026-02-25,51.54,6.85,6.32,3.74,0,Medium,Stable,Low Mood,2026-02-25 21:00:00
2697,225,2026-02-26,2026-03-04,48.39,7.4,6.85,4.17,0,Medium,Stable,Low Mood,2026-03-04 21:00:00
2698,225,2026-03-05,2026-03-11,51.28,6.87,6.18,4.26,0,Medium,Increasing,Low Mood,2026-03-11 21:00:00
2699,225,2026-03-12,2026-03-18,70.49,6.05,7.61,6.21,5,High,Stable,Academic Pressure,2026-03-18 21:00:00
2700,225,2026-03-19,2026-03-25,54.38,6.41,6.79,4.79,1,Medium,Stable,Low Mood,2026-03-25 21:00:00
2701,226,2026-01-01,2026-01-07,50.33,8.89,5.12,4.45,0,Medium,Stable,Academic Pressure,2026-01-07 21:00:00
2702,226,2026-01-08,2026-01-14,48.72,8.63,4.93,3.6,0,Medium,Decreasing,Academic Pressure,2026-01-14 21:00:00
2703,226,2026-01-15,2026-01-21,52.01,8.94,4.71,3.64,0,Medium,Stable,Academic Pressure,2026-01-21 21:00:00
2704,226,2026-01-22,2026-01-28,52.73,8.96,4.65,4.13,0,Medium,Increasing,Academic Pressure,2026-01-28 21:00:00
2705,226,2026-01-29,2026-02-04,61.6,8.69,6.68,6.41,1,Medium,Stable,Academic Pressure,2026-02-04 21:00:00
2706,226,2026-02-05,2026-02-11,52.95,9.36,5.38,4.44,0,Medium,Stable,Academic Pressure,2026-02-11 21:00:00
2707,226,2026-02-12,2026-02-18,50.25,9.11,4.33,3.91,0,Medium,Increasing,Stable Routine,2026-02-18 21:00:00
2708,226,2026-02-19,2026-02-25,50.2,8.94,4.87,4.14,0,Medium,Stable,Academic Pressure,2026-02-25 21:00:00
2709,226,2026-02-26,2026-03-04,48.08,8.94,5.05,4.03,0,Medium,Stable,Academic Pressure,2026-03-04 21:00:00
2710,226,2026-03-05,2026-03-11,49.97,8.77,5.17,3.43,0,Medium,Stable,Academic Pressure,2026-03-11 21:00:00
2711,226,2026-03-12,2026-03-18,59.92,8.41,5.39,6.48,0,Medium,Stable,Academic Pressure,2026-03-18 21:00:00
2712,226,2026-03-19,2026-03-25,55.98,8.59,4.69,4.24,0,Medium,Stable,Academic Pressure,2026-03-25 21:00:00
2713,227,2026-01-01,2026-01-07,54.09,6.7,6.82,3.3,0,Medium,Stable,Low Mood,2026-01-07 21:00:00
2714,227,2026-01-08,2026-01-14,54.3,6.42,6.47,3.38,0,Medium,Stable,Low Mood,2026-01-14 21:00:00
2715,227,2026-01-15,2026-01-21,52.63,6.18,6.58,3.39,1,Medium,Increasing,Academic Pressure,2026-01-21 21:00:00
2716,227,2026-01-22,2026-01-28,57.33,6.1,7.17,3.21,1,Medium,Stable,Academic Pressure,2026-01-28 21:00:00
2717,227,2026-01-29,2026-02-04,69.36,6.0,8.02,5.12,3,Medium,Increasing,Academic Pressure,2026-02-04 21:00:00
2718,227,2026-02-05,2026-02-11,58.53,6.11,6.82,4.2,0,Medium,Decreasing,Low Mood,2026-02-11 21:00:00
2719,227,2026-02-12,2026-02-18,56.78,6.33,6.93,3.69,0,Medium,Increasing,Low Mood,2026-02-18 21:00:00
2720,227,2026-02-19,2026-02-25,54.86,6.79,6.59,2.89,0,Medium,Stable,High Fatigue,2026-02-25 21:00:00
2721,227,2026-02-26,2026-03-04,53.97,6.95,6.35,3.9,0,Medium,Stable,Low Mood,2026-03-04 21:00:00
2722,227,2026-03-05,2026-03-11,53.38,7.02,6.55,2.83,0,Medium,Decreasing,Academic Pressure,2026-03-11 21:00:00
2723,227,2026-03-12,2026-03-18,66.76,5.94,7.97,5.03,4,High,Increasing,Academic Pressure,2026-03-18 21:00:00
2724,227,2026-03-19,2026-03-25,61.31,6.43,7.08,3.89,1,Medium,Decreasing,Low Mood,2026-03-25 21:00:00
2725,228,2026-01-01,2026-01-07,52.98,5.83,7.69,3.87,0,Medium,Stable,Low Mood,2026-01-07 21:00:00
2726,228,2026-01-08,2026-01-14,52.39,5.84,7.12,3.25,0,Medium,Increasing,Sleep Deficit,2026-01-14 21:00:00
2727,228,2026-01-15,2026-01-21,50.15,6.02,7.77,3.3,0,Medium,Decreasing,Low Mood,2026-01-21 21:00:00
2728,228,2026-01-22,2026-01-28,51.35,5.88,7.51,2.79,0,Medium,Stable,Low Mood,2026-01-28 21:00:00
2729,228,2026-01-29,2026-02-04,63.57,5.37,8.91,5.18,1,Medium,Increasing,High Fatigue,2026-02-04 21:00:00
2730,228,2026-02-05,2026-02-11,55.5,6.05,7.55,3.49,1,Medium,Stable,Academic Pressure,2026-02-11 21:00:00
2731,228,2026-02-12,2026-02-18,52.72,5.75,7.16,3.48,0,Medium,Decreasing,Sleep Deficit,2026-02-18 21:00:00
2732,228,2026-02-19,2026-02-25,55.9,5.71,7.25,3.25,1,Medium,Increasing,High Fatigue,2026-02-25 21:00:00
2733,228,2026-02-26,2026-03-04,52.07,6.22,8.53,3.35,0,Medium,Stable,High Screen Time,2026-03-04 21:00:00
2734,228,2026-03-05,2026-03-11,50.84,6.03,7.62,2.96,0,Medium,Increasing,Sleep Deficit,2026-03-11 21:00:00
2735,228,2026-03-12,2026-03-18,68.33,5.2,8.36,5.04,3,Medium,Increasing,High Fatigue,2026-03-18 21:00:00
2736,228,2026-03-19,2026-03-25,55.54,6.01,7.84,2.8,1,Medium,Decreasing,Low Mood,2026-03-25 21:00:00
2737,229,2026-01-01,2026-01-07,52.61,6.1,6.7,4.81,0,Medium,Stable,Low Physical Activity,2026-01-07 21:00:00
2738,229,2026-01-08,2026-01-14,54.01,6.05,6.53,5.02,0,Medium,Stable,Sleep Deficit,2026-01-14 21:00:00
2739,229,2026-01-15,2026-01-21,57.73,6.19,6.84,4.81,1,Medium,Stable,Low Mood,2026-01-21 21:00:00
2740,229,2026-01-22,2026-01-28,53.65,6.15,7.44,4.95,0,Medium,Stable,Low Mood,2026-01-28 21:00:00
2741,229,2026-01-29,2026-02-04,66.62,5.62,7.39,6.74,1,Medium,Stable,Academic Pressure,2026-02-04 21:00:00
2742,229,2026-02-05,2026-02-11,58.12,6.16,7.0,3.91,1,Medium,Decreasing,Low Mood,2026-02-11 21:00:00
2743,229,2026-02-12,2026-02-18,54.73,6.06,7.17,4.58,0,Medium,Stable,Sleep Deficit,2026-02-18 21:00:00
2744,229,2026-02-19,2026-02-25,59.37,6.03,7.9,5.32,0,Medium,Stable,Sleep Deficit,2026-02-25 21:00:00
2745,229,2026-02-26,2026-03-04,50.7,6.12,7.3,5.18,0,Medium,Decreasing,Low Physical Activity,2026-03-04 21:00:00
2746,229,2026-03-05,2026-03-11,52.69,6.03,7.67,4.96,0,Medium,Stable,High Screen Time,2026-03-11 21:00:00
2747,229,2026-03-12,2026-03-18,69.73,5.59,8.01,7.04,3,Medium,Stable,High Fatigue,2026-03-18 21:00:00
2748,229,2026-03-19,2026-03-25,55.38,5.84,6.83,4.91,0,Medium,Stable,High Fatigue,2026-03-25 21:00:00
2749,230,2026-01-01,2026-01-07,59.94,4.92,3.87,4.62,1,Medium,Increasing,Sleep Deficit,2026-01-07 21:00:00
2750,230,2026-01-08,2026-01-14,59.3,4.92,3.7,3.89,2,Medium,Increasing,Sleep Deficit,2026-01-14 21:00:00
2751,230,2026-01-15,2026-01-21,58.67,5.01,3.17,4.76,0,Medium,Decreasing,Sleep Deficit,2026-01-21 21:00:00
2752,230,2026-01-22,2026-01-28,60.73,5.15,3.55,4.25,1,Medium,Decreasing,Academic Pressure,2026-01-28 21:00:00
2753,230,2026-01-29,2026-02-04,73.16,4.57,5.16,5.68,6,High,Stable,Academic Pressure,2026-02-04 21:00:00
2754,230,2026-02-05,2026-02-11,59.43,5.24,3.89,4.57,0,Medium,Stable,Sleep Deficit,2026-02-11 21:00:00
2755,230,2026-02-12,2026-02-18,63.31,4.67,3.68,4.05,1,Medium,Stable,Sleep Deficit,2026-02-18 21:00:00
2756,230,2026-02-19,2026-02-25,65.9,4.96,4.01,5.1,2,Medium,Stable,Academic Pressure,2026-02-25 21:00:00
2757,230,2026-02-26,2026-03-04,61.53,5.33,3.98,4.73,1,Medium,Stable,Sleep Deficit,2026-03-04 21:00:00
2758,230,2026-03-05,2026-03-11,56.36,5.09,3.68,3.87,0,Medium,Stable,Academic Pressure,2026-03-11 21:00:00
2759,230,2026-03-12,2026-03-18,75.72,4.44,4.7,6.17,7,High,Increasing,Academic Pressure,2026-03-18 21:00:00
2760,230,2026-03-19,2026-03-25,60.78,5.02,3.64,4.92,1,Medium,Stable,Sleep Deficit,2026-03-25 21:00:00
2761,231,2026-01-01,2026-01-07,52.85,9.15,7.71,3.25,0,Medium,Decreasing,High Screen Time,2026-01-07 21:00:00
2762,231,2026-01-08,2026-01-14,52.47,9.17,7.18,2.45,0,Medium,Decreasing,Low Mood,2026-01-14 21:00:00
2763,231,2026-01-15,2026-01-21,54.46,9.28,7.2,2.33,0,Medium,Stable,Low Mood,2026-01-21 21:00:00
2764,231,2026-01-22,2026-01-28,50.98,9.29,6.73,2.58,0,Medium,Stable,Low Mood,2026-01-28 21:00:00
2765,231,2026-01-29,2026-02-04,65.94,8.7,8.43,4.35,1,Medium,Stable,Academic Pressure,2026-02-04 21:00:00
2766,231,2026-02-05,2026-02-11,50.68,9.03,6.62,2.99,0,Medium,Stable,Low Mood,2026-02-11 21:00:00
2767,231,2026-02-12,2026-02-18,47.44,9.74,6.8,2.73,0,Medium,Stable,Academic Pressure,2026-02-18 21:00:00
2768,231,2026-02-19,2026-02-25,56.84,8.82,6.93,3.16,0,Medium,Stable,Academic Pressure,2026-02-25 21:00:00
2769,231,2026-02-26,2026-03-04,51.37,9.28,6.75,2.19,0,Medium,Stable,Low Mood,2026-03-04 21:00:00
2770,231,2026-03-05,2026-03-11,52.33,9.25,7.73,3.08,0,Medium,Decreasing,Academic Pressure,2026-03-11 21:00:00
2771,231,2026-03-12,2026-03-18,63.64,8.57,7.38,4.67,1,Medium,Decreasing,Academic Pressure,2026-03-18 21:00:00
2772,231,2026-03-19,2026-03-25,54.9,9.37,7.27,2.95,1,Medium,Stable,Academic Pressure,2026-03-25 21:00:00
2773,232,2026-01-01,2026-01-07,49.45,7.09,6.06,4.55,0,Medium,Stable,Low Physical Activity,2026-01-07 21:00:00
2774,232,2026-01-08,2026-01-14,53.99,6.71,5.8,4.24,0,Medium,Stable,Academic Pressure,2026-01-14 21:00:00
2775,232,2026-01-15,2026-01-21,52.48,7.56,6.03,4.22,0,Medium,Increasing,Low Physical Activity,2026-01-21 21:00:00
2776,232,2026-01-22,2026-01-28,54.46,7.18,5.6,5.44,0,Medium,Stable,Academic Pressure,2026-01-28 21:00:00
2777,232,2026-01-29,2026-02-04,70.39,6.9,6.71,6.75,4,High,Decreasing,Academic Pressure,2026-02-04 21:00:00
2778,232,2026-02-05,2026-02-11,56.08,6.97,6.31,4.14,0,Medium,Decreasing,Low Mood,2026-02-11 21:00:00
2779,232,2026-02-12,2026-02-18,52.89,7.33,5.99,5.24,0,Medium,Stable,Academic Pressure,2026-02-18 21:00:00
2780,232,2026-02-19,2026-02-25,53.07,7.58,6.06,4.09,0,Medium,Stable,Academic Pressure,2026-02-25 21:00:00
2781,232,2026-02-26,2026-03-04,55.04,7.62,5.34,4.13,0,Medium,Decreasing,Academic Pressure,2026-03-04 21:00:00
2782,232,2026-03-05,2026-03-11,54.82,7.67,6.86,5.23,0,Medium,Increasing,Academic Pressure,2026-03-11 21:00:00
2783,232,2026-03-12,2026-03-18,65.46,6.69,7.1,7.03,2,Medium,Stable,Academic Pressure,2026-03-18 21:00:00
2784,232,2026-03-19,2026-03-25,56.08,7.62,5.22,4.49,0,Medium,Decreasing,Academic Pressure,2026-03-25 21:00:00
2785,233,2026-01-01,2026-01-07,48.94,7.48,5.93,3.47,0,Medium,Stable,Stable Routine,2026-01-07 21:00:00
2786,233,2026-01-08,2026-01-14,44.75,7.36,6.22,3.17,0,Medium,Decreasing,Low Mood,2026-01-14 21:00:00
2787,233,2026-01-15,2026-01-21,49.65,7.29,6.37,3.68,0,Medium,Stable,Low Physical Activity,2026-01-21 21:00:00
2788,233,2026-01-22,2026-01-28,40.49,7.92,5.56,2.88,0,Medium,Stable,Low Physical Activity,2026-01-28 21:00:00
2789,233,2026-01-29,2026-02-04,59.09,7.03,7.37,4.7,0,Medium,Decreasing,High Fatigue,2026-02-04 21:00:00
2790,233,2026-02-05,2026-02-11,47.81,7.45,6.57,3.61,0,Medium,Decreasing,Stable Routine,2026-02-11 21:00:00
2791,233,2026-02-12,2026-02-18,48.84,7.31,7.09,3.1,0,Medium,Stable,Low Mood,2026-02-18 21:00:00
2792,233,2026-02-19,2026-02-25,47.66,7.21,6.7,3.23,0,Medium,Increasing,Low Physical Activity,2026-02-25 21:00:00
2793,233,2026-02-26,2026-03-04,44.22,7.64,6.11,3.89,0,Medium,Stable,Stable Routine,2026-03-04 21:00:00
2794,233,2026-03-05,2026-03-11,44.84,7.76,6.14,3.56,0,Medium,Stable,Low Physical Activity,2026-03-11 21:00:00
2795,233,2026-03-12,2026-03-18,60.87,7.16,7.36,5.89,0,Medium,Stable,Low Mood,2026-03-18 21:00:00
2796,233,2026-03-19,2026-03-25,45.34,7.26,6.01,3.22,0,Medium,Stable,Low Physical Activity,2026-03-25 21:00:00
2797,234,2026-01-01,2026-01-07,64.16,6.75,7.84,3.24,1,Medium,Increasing,Academic Pressure,2026-01-07 21:00:00
2798,234,2026-01-08,2026-01-14,56.02,7.33,7.22,2.28,0,Medium,Stable,Academic Pressure,2026-01-14 21:00:00
2799,234,2026-01-15,2026-01-21,62.12,7.26,8.14,2.5,1,Medium,Decreasing,Academic Pressure,2026-01-21 21:00:00
2800,234,2026-01-22,2026-01-28,58.03,7.38,7.54,3.19,0,Medium,Stable,Academic Pressure,2026-01-28 21:00:00
2801,234,2026-01-29,2026-02-04,75.94,6.75,8.48,4.63,7,High,Increasing,Academic Pressure,2026-02-04 21:00:00
2802,234,2026-02-05,2026-02-11,58.45,6.98,7.83,2.87,1,Medium,Stable,Academic Pressure,2026-02-11 21:00:00
2803,234,2026-02-12,2026-02-18,58.79,6.86,8.1,2.83,0,Medium,Decreasing,Low Mood,2026-02-18 21:00:00
2804,234,2026-02-19,2026-02-25,59.99,6.93,6.76,2.82,1,Medium,Decreasing,Low Mood,2026-02-25 21:00:00
2805,234,2026-02-26,2026-03-04,59.96,6.86,6.87,2.3,1,Medium,Decreasing,Academic Pressure,2026-03-04 21:00:00
2806,234,2026-03-05,2026-03-11,58.35,7.15,7.83,2.79,0,Medium,Stable,Low Mood,2026-03-11 21:00:00
2807,234,2026-03-12,2026-03-18,75.39,6.31,9.08,4.6,6,High,Decreasing,Academic Pressure,2026-03-18 21:00:00
2808,234,2026-03-19,2026-03-25,58.89,7.03,7.46,2.37,1,Medium,Increasing,Academic Pressure,2026-03-25 21:00:00
2809,235,2026-01-01,2026-01-07,54.99,6.94,6.07,3.18,0,Medium,Decreasing,Low Mood,2026-01-07 21:00:00
2810,235,2026-01-08,2026-01-14,58.95,6.45,6.34,3.75,0,Medium,Increasing,Low Mood,2026-01-14 21:00:00
2811,235,2026-01-15,2026-01-21,56.24,6.26,6.48,2.86,0,Medium,Stable,Low Physical Activity,2026-01-21 21:00:00
2812,235,2026-01-22,2026-01-28,52.35,6.43,6.11,3.45,0,Medium,Stable,Low Mood,2026-01-28 21:00:00
2813,235,2026-01-29,2026-02-04,68.13,5.81,7.51,4.81,2,Medium,Stable,Academic Pressure,2026-02-04 21:00:00
2814,235,2026-02-05,2026-02-11,52.22,6.48,5.67,3.38,1,Medium,Stable,Low Physical Activity,2026-02-11 21:00:00
2815,235,2026-02-12,2026-02-18,52.6,6.21,5.97,3.46,0,Medium,Stable,Academic Pressure,2026-02-18 21:00:00
2816,235,2026-02-19,2026-02-25,53.56,6.47,5.98,3.02,0,Medium,Stable,Academic Pressure,2026-02-25 21:00:00
2817,235,2026-02-26,2026-03-04,52.01,6.62,6.9,3.57,0,Medium,Stable,Low Physical Activity,2026-03-04 21:00:00
2818,235,2026-03-05,2026-03-11,50.97,6.96,6.27,4.05,0,Medium,Stable,Academic Pressure,2026-03-11 21:00:00
2819,235,2026-03-12,2026-03-18,67.66,5.64,7.34,4.84,3,Medium,Stable,Academic Pressure,2026-03-18 21:00:00
2820,235,2026-03-19,2026-03-25,52.6,6.47,6.64,3.73,1,Medium,Decreasing,Low Physical Activity,2026-03-25 21:00:00
2821,236,2026-01-01,2026-01-07,47.07,7.01,4.69,4.31,0,Medium,Stable,Stable Routine,2026-01-07 21:00:00
2822,236,2026-01-08,2026-01-14,51.68,6.77,5.74,3.92,0,Medium,Stable,Academic Pressure,2026-01-14 21:00:00
2823,236,2026-01-15,2026-01-21,53.48,6.81,4.83,4.45,0,Medium,Increasing,Academic Pressure,2026-01-21 21:00:00
2824,236,2026-01-22,2026-01-28,51.85,7.11,4.42,3.77,0,Medium,Stable,Academic Pressure,2026-01-28 21:00:00
2825,236,2026-01-29,2026-02-04,66.22,6.64,5.53,5.97,3,Medium,Increasing,Academic Pressure,2026-02-04 21:00:00
2826,236,2026-02-05,2026-02-11,54.29,6.73,5.4,4.64,1,Medium,Decreasing,Low Mood,2026-02-11 21:00:00
2827,236,2026-02-12,2026-02-18,50.49,6.8,5.12,4.24,0,Medium,Stable,Low Mood,2026-02-18 21:00:00
2828,236,2026-02-19,2026-02-25,54.38,7.38,5.29,4.83,0,Medium,Stable,Low Mood,2026-02-25 21:00:00
2829,236,2026-02-26,2026-03-04,52.29,6.93,4.59,4.39,0,Medium,Stable,Low Mood,2026-03-04 21:00:00
2830,236,2026-03-05,2026-03-11,50.37,7.37,4.9,4.29,0,Medium,Decreasing,Low Mood,2026-03-11 21:00:00
2831,236,2026-03-12,2026-03-18,66.65,6.65,6.21,6.22,3,Medium,Increasing,Academic Pressure,2026-03-18 21:00:00
2832,236,2026-03-19,2026-03-25,54.46,6.79,4.74,4.71,0,Medium,Decreasing,Low Mood,2026-03-25 21:00:00
2833,237,2026-01-01,2026-01-07,59.68,7.08,6.7,4.14,1,Medium,Decreasing,Academic Pressure,2026-01-07 21:00:00
2834,237,2026-01-08,2026-01-14,56.02,6.9,6.29,3.97,0,Medium,Stable,Academic Pressure,2026-01-14 21:00:00
2835,237,2026-01-15,2026-01-21,60.67,6.41,6.53,3.73,1,Medium,Stable,Academic Pressure,2026-01-21 21:00:00
2836,237,2026-01-22,2026-01-28,56.83,6.59,6.26,3.35,0,Medium,Stable,Academic Pressure,2026-01-28 21:00:00
2837,237,2026-01-29,2026-02-04,67.29,6.34,7.86,5.06,3,Medium,Increasing,Academic Pressure,2026-02-04 21:00:00
2838,237,2026-02-05,2026-02-11,54.1,6.81,6.63,4.21,0,Medium,Stable,Academic Pressure,2026-02-11 21:00:00
2839,237,2026-02-12,2026-02-18,56.8,6.93,5.76,4.41,0,Medium,Stable,Low Mood,2026-02-18 21:00:00
2840,237,2026-02-19,2026-02-25,55.31,6.71,6.63,3.31,0,Medium,Increasing,Academic Pressure,2026-02-25 21:00:00
2841,237,2026-02-26,2026-03-04,54.2,6.66,6.45,4.0,0,Medium,Stable,Academic Pressure,2026-03-04 21:00:00
2842,237,2026-03-05,2026-03-11,57.96,6.75,6.65,4.14,1,Medium,Stable,Academic Pressure,2026-03-11 21:00:00
2843,237,2026-03-12,2026-03-18,68.63,6.62,7.45,5.07,4,High,Increasing,Academic Pressure,2026-03-18 21:00:00
2844,237,2026-03-19,2026-03-25,64.27,6.59,6.64,4.04,1,Medium,Stable,Academic Pressure,2026-03-25 21:00:00
2845,238,2026-01-01,2026-01-07,53.7,5.72,5.89,4.69,0,Medium,Decreasing,Low Mood,2026-01-07 21:00:00
2846,238,2026-01-08,2026-01-14,49.39,5.82,6.54,4.46,0,Medium,Decreasing,Sleep Deficit,2026-01-14 21:00:00
2847,238,2026-01-15,2026-01-21,53.09,6.04,7.0,4.24,0,Medium,Stable,Low Physical Activity,2026-01-21 21:00:00
2848,238,2026-01-22,2026-01-28,51.48,5.6,5.97,4.22,0,Medium,Increasing,Sleep Deficit,2026-01-28 21:00:00
2849,238,2026-01-29,2026-02-04,67.67,5.69,7.24,5.99,5,High,Increasing,Low Mood,2026-02-04 21:00:00
2850,238,2026-02-05,2026-02-11,48.56,6.1,6.26,5.13,0,Medium,Stable,Low Mood,2026-02-11 21:00:00
2851,238,2026-02-12,2026-02-18,54.86,6.09,6.31,4.56,0,Medium,Decreasing,Low Mood,2026-02-18 21:00:00
2852,238,2026-02-19,2026-02-25,53.43,5.5,6.14,4.6,0,Medium,Stable,Sleep Deficit,2026-02-25 21:00:00
2853,238,2026-02-26,2026-03-04,49.06,5.92,6.21,4.27,0,Medium,Increasing,Low Mood,2026-03-04 21:00:00
2854,238,2026-03-05,2026-03-11,52.19,6.09,5.84,3.93,0,Medium,Decreasing,Sleep Deficit,2026-03-11 21:00:00
2855,238,2026-03-12,2026-03-18,66.17,5.42,6.93,6.67,4,High,Decreasing,High Fatigue,2026-03-18 21:00:00
2856,238,2026-03-19,2026-03-25,57.14,5.36,6.67,4.95,2,Medium,Decreasing,Sleep Deficit,2026-03-25 21:00:00
2857,239,2026-01-01,2026-01-07,59.17,7.58,7.48,2.31,0,Medium,Stable,Academic Pressure,2026-01-07 21:00:00
2858,239,2026-01-08,2026-01-14,52.13,7.66,7.02,1.82,0,Medium,Stable,Academic Pressure,2026-01-14 21:00:00
2859,239,2026-01-15,2026-01-21,51.76,7.6,6.91,1.58,0,Medium,Stable,Academic Pressure,2026-01-21 21:00:00
2860,239,2026-01-22,2026-01-28,49.83,7.68,6.82,1.91,0,Medium,Decreasing,Academic Pressure,2026-01-28 21:00:00
2861,239,2026-01-29,2026-02-04,69.32,6.84,7.16,4.02,2,Medium,Increasing,Academic Pressure,2026-02-04 21:00:00
2862,239,2026-02-05,2026-02-11,55.61,7.65,7.12,2.4,1,Medium,Decreasing,Academic Pressure,2026-02-11 21:00:00
2863,239,2026-02-12,2026-02-18,51.29,7.35,6.46,2.53,0,Medium,Stable,Low Mood,2026-02-18 21:00:00
2864,239,2026-02-19,2026-02-25,50.55,7.55,6.65,1.99,0,Medium,Stable,Academic Pressure,2026-02-25 21:00:00
2865,239,2026-02-26,2026-03-04,51.03,7.56,6.96,2.13,0,Medium,Stable,Academic Pressure,2026-03-04 21:00:00
2866,239,2026-03-05,2026-03-11,49.38,7.73,6.87,2.09,0,Medium,Stable,Academic Pressure,2026-03-11 21:00:00
2867,239,2026-03-12,2026-03-18,63.64,7.2,8.73,3.36,2,Medium,Stable,Academic Pressure,2026-03-18 21:00:00
2868,239,2026-03-19,2026-03-25,54.17,7.45,7.24,2.87,1,Medium,Decreasing,Academic Pressure,2026-03-25 21:00:00
2869,240,2026-01-01,2026-01-07,54.6,6.48,8.51,2.5,0,Medium,Stable,Low Mood,2026-01-07 21:00:00
2870,240,2026-01-08,2026-01-14,53.92,6.77,8.5,2.14,0,Medium,Stable,Low Mood,2026-01-14 21:00:00
2871,240,2026-01-15,2026-01-21,54.19,6.52,7.93,1.9,0,Medium,Stable,Low Mood,2026-01-21 21:00:00
2872,240,2026-01-22,2026-01-28,55.44,7.09,8.45,1.73,1,Medium,Stable,Low Mood,2026-01-28 21:00:00
2873,240,2026-01-29,2026-02-04,65.14,6.34,8.62,3.65,2,Medium,Increasing,Academic Pressure,2026-02-04 21:00:00
2874,240,2026-02-05,2026-02-11,56.0,6.95,7.77,2.59,0,Medium,Stable,Low Mood,2026-02-11 21:00:00
2875,240,2026-02-12,2026-02-18,53.15,6.58,7.28,2.84,0,Medium,Stable,Low Mood,2026-02-18 21:00:00
2876,240,2026-02-19,2026-02-25,56.83,6.64,7.67,2.41,1,Medium,Increasing,High Fatigue,2026-02-25 21:00:00
2877,240,2026-02-26,2026-03-04,58.91,6.67,8.2,2.08,0,Medium,Stable,Low Mood,2026-03-04 21:00:00
2878,240,2026-03-05,2026-03-11,50.94,7.09,8.25,2.62,0,Medium,Stable,Low Mood,2026-03-11 21:00:00
2879,240,2026-03-12,2026-03-18,70.81,6.0,8.78,4.21,4,High,Increasing,Academic Pressure,2026-03-18 21:00:00
2880,240,2026-03-19,2026-03-25,57.59,6.95,7.78,2.51,1,Medium,Decreasing,Academic Pressure,2026-03-25 21:00:00
2881,241,2026-01-01,2026-01-07,53.67,7.69,9.31,4.2,0,Medium,Stable,Academic Pressure,2026-01-07 21:00:00
2882,241,2026-01-08,2026-01-14,56.66,7.32,8.64,4.04,0,Medium,Stable,Academic Pressure,2026-01-14 21:00:00
2883,241,2026-01-15,2026-01-21,51.2,7.72,8.67,4.21,0,Medium,Stable,High Screen Time,2026-01-21 21:00:00
2884,241,2026-01-22,2026-01-28,56.81,8.17,8.87,4.1,0,Medium,Increasing,Low Mood,2026-01-28 21:00:00
2885,241,2026-01-29,2026-02-04,66.25,6.75,9.34,6.17,2,Medium,Increasing,Academic Pressure,2026-02-04 21:00:00
2886,241,2026-02-05,2026-02-11,59.7,7.83,9.01,5.04,1,Medium,Stable,Academic Pressure,2026-02-11 21:00:00
2887,241,2026-02-12,2026-02-18,48.14,7.83,8.53,4.47,0,Medium,Decreasing,Academic Pressure,2026-02-18 21:00:00
2888,241,2026-02-19,2026-02-25,56.82,7.86,8.53,4.41,0,Medium,Stable,Academic Pressure,2026-02-25 21:00:00
2889,241,2026-02-26,2026-03-04,55.38,7.83,9.03,4.01,0,Medium,Stable,Academic Pressure,2026-03-04 21:00:00
2890,241,2026-03-05,2026-03-11,58.31,7.59,8.48,4.1,0,Medium,Stable,Academic Pressure,2026-03-11 21:00:00
2891,241,2026-03-12,2026-03-18,67.43,7.12,9.52,6.17,3,Medium,Decreasing,Academic Pressure,2026-03-18 21:00:00
2892,241,2026-03-19,2026-03-25,52.53,7.66,8.54,4.68,0,Medium,Stable,Academic Pressure,2026-03-25 21:00:00
2893,242,2026-01-01,2026-01-07,51.93,7.84,8.68,4.13,0,Medium,Increasing,High Screen Time,2026-01-07 21:00:00
2894,242,2026-01-08,2026-01-14,59.22,7.95,8.99,4.58,1,Medium,Stable,Low Mood,2026-01-14 21:00:00
2895,242,2026-01-15,2026-01-21,50.33,7.77,7.71,4.11,0,Medium,Stable,Academic Pressure,2026-01-21 21:00:00
2896,242,2026-01-22,2026-01-28,55.61,8.08,7.79,4.2,0,Medium,Stable,Academic Pressure,2026-01-28 21:00:00
2897,242,2026-01-29,2026-02-04,65.84,7.22,9.06,5.5,1,Medium,Stable,Academic Pressure,2026-02-04 21:00:00
2898,242,2026-02-05,2026-02-11,54.64,7.85,8.44,4.54,0,Medium,Stable,Academic Pressure,2026-02-11 21:00:00
2899,242,2026-02-12,2026-02-18,51.54,7.6,7.93,3.8,0,Medium,Increasing,High Screen Time,2026-02-18 21:00:00
2900,242,2026-02-19,2026-02-25,55.38,7.7,9.01,4.36,1,Medium,Increasing,Academic Pressure,2026-02-25 21:00:00
2901,242,2026-02-26,2026-03-04,58.3,7.52,8.1,3.74,0,Medium,Stable,Low Mood,2026-03-04 21:00:00
2902,242,2026-03-05,2026-03-11,53.04,7.99,7.69,4.45,0,Medium,Stable,Academic Pressure,2026-03-11 21:00:00
2903,242,2026-03-12,2026-03-18,68.73,6.8,8.49,6.02,3,Medium,Stable,Academic Pressure,2026-03-18 21:00:00
2904,242,2026-03-19,2026-03-25,57.58,7.53,7.59,4.49,1,Medium,Stable,Academic Pressure,2026-03-25 21:00:00
2905,243,2026-01-01,2026-01-07,48.0,7.23,3.13,4.44,0,Medium,Stable,Academic Pressure,2026-01-07 21:00:00
2906,243,2026-01-08,2026-01-14,47.31,7.67,4.34,4.02,0,Medium,Stable,Academic Pressure,2026-01-14 21:00:00
2907,243,2026-01-15,2026-01-21,48.5,7.3,3.84,3.73,0,Medium,Stable,Low Mood,2026-01-21 21:00:00
2908,243,2026-01-22,2026-01-28,50.91,7.49,4.08,3.76,0,Medium,Stable,Stable Routine,2026-01-28 21:00:00
2909,243,2026-01-29,2026-02-04,63.62,6.56,4.89,5.53,1,Medium,Stable,Academic Pressure,2026-02-04 21:00:00
2910,243,2026-02-05,2026-02-11,48.32,7.15,4.05,4.22,1,Medium,Decreasing,Stable Routine,2026-02-11 21:00:00
2911,243,2026-02-12,2026-02-18,46.8,7.47,3.69,3.89,0,Medium,Increasing,Stable Routine,2026-02-18 21:00:00
2912,243,2026-02-19,2026-02-25,52.6,7.14,4.35,4.11,0,Medium,Decreasing,Academic Pressure,2026-02-25 21:00:00
2913,243,2026-02-26,2026-03-04,49.75,7.32,3.8,4.25,0,Medium,Stable,Low Mood,2026-03-04 21:00:00
2914,243,2026-03-05,2026-03-11,44.8,7.52,4.33,3.91,0,Medium,Stable,Stable Routine,2026-03-11 21:00:00
2915,243,2026-03-12,2026-03-18,61.28,6.57,4.73,6.01,0,Medium,Increasing,Academic Pressure,2026-03-18 21:00:00
2916,243,2026-03-19,2026-03-25,52.48,7.33,4.02,4.0,0,Medium,Decreasing,Low Mood,2026-03-25 21:00:00
2917,244,2026-01-01,2026-01-07,50.31,8.46,7.35,3.37,0,Medium,Increasing,Low Mood,2026-01-07 21:00:00
2918,244,2026-01-08,2026-01-14,49.33,8.16,6.66,3.51,0,Medium,Stable,Low Mood,2026-01-14 21:00:00
2919,244,2026-01-15,2026-01-21,45.16,8.75,6.5,3.26,0,Medium,Increasing,Stable Routine,2026-01-21 21:00:00
2920,244,2026-01-22,2026-01-28,45.05,8.39,6.64,2.92,0,Medium,Decreasing,Stable Routine,2026-01-28 21:00:00
2921,244,2026-01-29,2026-02-04,59.59,8.1,7.92,5.31,1,Medium,Increasing,Academic Pressure,2026-02-04 21:00:00
2922,244,2026-02-05,2026-02-11,45.27,8.14,6.34,3.7,0,Medium,Stable,Low Mood,2026-02-11 21:00:00
2923,244,2026-02-12,2026-02-18,43.56,8.46,7.01,3.81,0,Medium,Decreasing,Stable Routine,2026-02-18 21:00:00
2924,244,2026-02-19,2026-02-25,46.94,7.89,6.42,2.8,0,Medium,Stable,Stable Routine,2026-02-25 21:00:00
2925,244,2026-02-26,2026-03-04,45.48,8.0,6.72,3.14,0,Medium,Decreasing,Low Mood,2026-03-04 21:00:00
2926,244,2026-03-05,2026-03-11,46.87,7.71,6.98,2.41,0,Medium,Increasing,Low Mood,2026-03-11 21:00:00
2927,244,2026-03-12,2026-03-18,56.57,8.04,8.29,5.0,0,Medium,Stable,Academic Pressure,2026-03-18 21:00:00
2928,244,2026-03-19,2026-03-25,45.85,8.05,6.61,3.48,0,Medium,Stable,Stable Routine,2026-03-25 21:00:00
2929,245,2026-01-01,2026-01-07,49.38,7.64,5.61,4.49,0,Medium,Stable,Academic Pressure,2026-01-07 21:00:00
2930,245,2026-01-08,2026-01-14,49.95,7.47,5.35,3.6,0,Medium,Increasing,Academic Pressure,2026-01-14 21:00:00
2931,245,2026-01-15,2026-01-21,49.68,7.35,5.37,4.06,0,Medium,Decreasing,Stable Routine,2026-01-21 21:00:00
2932,245,2026-01-22,2026-01-28,48.59,7.23,5.6,3.55,0,Medium,Stable,Low Mood,2026-01-28 21:00:00
2933,245,2026-01-29,2026-02-04,61.25,6.71,6.66,5.79,1,Medium,Stable,Academic Pressure,2026-02-04 21:00:00
2934,245,2026-02-05,2026-02-11,49.76,6.86,5.69,3.57,0,Medium,Stable,Low Mood,2026-02-11 21:00:00
2935,245,2026-02-12,2026-02-18,50.3,6.6,5.58,3.47,0,Medium,Increasing,Stable Routine,2026-02-18 21:00:00
2936,245,2026-02-19,2026-02-25,47.92,7.23,5.45,3.97,0,Medium,Stable,Stable Routine,2026-02-25 21:00:00
2937,245,2026-02-26,2026-03-04,48.28,7.22,5.56,4.22,0,Medium,Stable,Low Mood,2026-03-04 21:00:00
2938,245,2026-03-05,2026-03-11,51.22,6.87,5.61,3.72,0,Medium,Stable,Low Mood,2026-03-11 21:00:00
2939,245,2026-03-12,2026-03-18,61.55,6.65,6.08,4.81,0,Medium,Stable,Academic Pressure,2026-03-18 21:00:00
2940,245,2026-03-19,2026-03-25,51.59,6.88,5.61,4.61,0,Medium,Stable,Low Mood,2026-03-25 21:00:00
2941,246,2026-01-01,2026-01-07,52.52,5.87,6.26,1.81,0,Medium,Stable,Low Mood,2026-01-07 21:00:00
2942,246,2026-01-08,2026-01-14,52.71,6.13,5.16,2.14,0,Medium,Stable,Sleep Deficit,2026-01-14 21:00:00
2943,246,2026-01-15,2026-01-21,55.2,6.32,5.77,2.0,0,Medium,Stable,Low Mood,2026-01-21 21:00:00
2944,246,2026-01-22,2026-01-28,53.9,6.08,4.66,2.15,0,Medium,Decreasing,Sleep Deficit,2026-01-28 21:00:00
2945,246,2026-01-29,2026-02-04,63.74,5.54,6.24,3.36,2,Medium,Stable,Academic Pressure,2026-02-04 21:00:00
2946,246,2026-02-05,2026-02-11,59.78,5.74,6.23,2.7,0,Medium,Stable,Low Mood,2026-02-11 21:00:00
2947,246,2026-02-12,2026-02-18,53.24,5.98,5.56,2.21,0,Medium,Increasing,Low Mood,2026-02-18 21:00:00
2948,246,2026-02-19,2026-02-25,56.5,5.88,5.0,1.83,0,Medium,Stable,Sleep Deficit,2026-02-25 21:00:00
2949,246,2026-02-26,2026-03-04,52.27,6.24,5.84,1.61,0,Medium,Stable,High Fatigue,2026-03-04 21:00:00
2950,246,2026-03-05,2026-03-11,53.83,6.38,5.93,2.37,0,Medium,Stable,Low Mood,2026-03-11 21:00:00
2951,246,2026-03-12,2026-03-18,63.59,5.64,6.12,4.08,2,Medium,Stable,Low Mood,2026-03-18 21:00:00
2952,246,2026-03-19,2026-03-25,58.52,5.7,5.9,2.61,1,Medium,Decreasing,Low Mood,2026-03-25 21:00:00
2953,247,2026-01-01,2026-01-07,49.2,6.79,4.65,5.38,0,Medium,Stable,Low Mood,2026-01-07 21:00:00
2954,247,2026-01-08,2026-01-14,56.17,6.22,4.63,5.4,0,Medium,Stable,Low Mood,2026-01-14 21:00:00
2955,247,2026-01-15,2026-01-21,52.44,5.92,3.97,5.09,0,Medium,Decreasing,Low Mood,2026-01-21 21:00:00
2956,247,2026-01-22,2026-01-28,54.75,6.05,3.75,6.13,0,Medium,Decreasing,Low Mood,2026-01-28 21:00:00
2957,247,2026-01-29,2026-02-04,74.6,5.09,4.84,6.69,5,High,Increasing,Academic Pressure,2026-02-04 21:00:00
2958,247,2026-02-05,2026-02-11,55.43,5.77,4.0,6.24,1,Medium,Decreasing,Sleep Deficit,2026-02-11 21:00:00
2959,247,2026-02-12,2026-02-18,52.28,5.97,3.99,5.7,0,Medium,Increasing,Low Mood,2026-02-18 21:00:00
2960,247,2026-02-19,2026-02-25,45.83,6.56,3.5,5.69,0,Medium,Decreasing,Financial Worry,2026-02-25 21:00:00
2961,247,2026-02-26,2026-03-04,49.23,6.27,4.24,5.26,0,Medium,Stable,Low Mood,2026-03-04 21:00:00
2962,247,2026-03-05,2026-03-11,52.72,6.65,4.14,4.96,0,Medium,Stable,Stable Routine,2026-03-11 21:00:00
2963,247,2026-03-12,2026-03-18,65.96,5.56,5.37,6.9,1,Medium,Stable,Academic Pressure,2026-03-18 21:00:00
2964,247,2026-03-19,2026-03-25,52.96,6.32,3.85,5.85,0,Medium,Decreasing,Academic Pressure,2026-03-25 21:00:00
2965,248,2026-01-01,2026-01-07,59.46,6.47,8.05,2.59,0,Medium,Increasing,Academic Pressure,2026-01-07 21:00:00
2966,248,2026-01-08,2026-01-14,56.32,6.55,8.21,3.62,0,Medium,Decreasing,High Screen Time,2026-01-14 21:00:00
2967,248,2026-01-15,2026-01-21,59.39,6.38,8.04,3.84,0,Medium,Stable,Low Mood,2026-01-21 21:00:00
2968,248,2026-01-22,2026-01-28,61.11,6.48,7.35,3.13,1,Medium,Decreasing,Academic Pressure,2026-01-28 21:00:00
2969,248,2026-01-29,2026-02-04,74.25,5.6,8.56,4.92,6,High,Decreasing,Academic Pressure,2026-02-04 21:00:00
2970,248,2026-02-05,2026-02-11,54.26,6.3,7.41,3.37,0,Medium,Stable,Academic Pressure,2026-02-11 21:00:00
2971,248,2026-02-12,2026-02-18,53.4,6.32,7.91,4.0,0,Medium,Stable,High Screen Time,2026-02-18 21:00:00
2972,248,2026-02-19,2026-02-25,57.35,6.56,8.24,3.55,1,Medium,Stable,Academic Pressure,2026-02-25 21:00:00
2973,248,2026-02-26,2026-03-04,63.71,6.2,8.72,3.58,2,Medium,Decreasing,Low Mood,2026-03-04 21:00:00
2974,248,2026-03-05,2026-03-11,51.88,6.91,7.46,3.22,0,Medium,Increasing,Stable Routine,2026-03-11 21:00:00
2975,248,2026-03-12,2026-03-18,71.68,6.31,8.97,5.53,5,High,Decreasing,Academic Pressure,2026-03-18 21:00:00
2976,248,2026-03-19,2026-03-25,61.03,6.16,7.76,3.75,1,Medium,Stable,Academic Pressure,2026-03-25 21:00:00
2977,249,2026-01-01,2026-01-07,50.77,7.8,5.59,4.19,0,Medium,Stable,Academic Pressure,2026-01-07 21:00:00
2978,249,2026-01-08,2026-01-14,52.46,7.98,4.5,3.98,0,Medium,Stable,Low Mood,2026-01-14 21:00:00
2979,249,2026-01-15,2026-01-21,48.85,8.27,4.63,3.22,0,Medium,Decreasing,Academic Pressure,2026-01-21 21:00:00
2980,249,2026-01-22,2026-01-28,55.69,8.39,5.23,4.38,0,Medium,Stable,Low Mood,2026-01-28 21:00:00
2981,249,2026-01-29,2026-02-04,68.62,6.88,6.79,5.72,3,Medium,Increasing,Academic Pressure,2026-02-04 21:00:00
2982,249,2026-02-05,2026-02-11,54.54,7.99,5.12,4.57,1,Medium,Stable,Academic Pressure,2026-02-11 21:00:00
2983,249,2026-02-12,2026-02-18,53.08,7.62,5.66,4.29,0,Medium,Decreasing,Academic Pressure,2026-02-18 21:00:00
2984,249,2026-02-19,2026-02-25,58.2,8.11,5.08,3.87,1,Medium,Increasing,Academic Pressure,2026-02-25 21:00:00
2985,249,2026-02-26,2026-03-04,57.76,8.17,6.21,3.68,0,Medium,Stable,Academic Pressure,2026-03-04 21:00:00
2986,249,2026-03-05,2026-03-11,55.09,7.85,4.36,3.96,0,Medium,Stable,Academic Pressure,2026-03-11 21:00:00
2987,249,2026-03-12,2026-03-18,62.05,7.54,5.57,5.78,1,Medium,Stable,Academic Pressure,2026-03-18 21:00:00
2988,249,2026-03-19,2026-03-25,55.36,7.86,5.27,4.84,0,Medium,Stable,Academic Pressure,2026-03-25 21:00:00
2989,250,2026-01-01,2026-01-07,56.78,6.46,5.92,4.02,0,Medium,Increasing,Academic Pressure,2026-01-07 21:00:00
2990,250,2026-01-08,2026-01-14,57.42,6.43,6.69,4.49,1,Medium,Stable,Academic Pressure,2026-01-14 21:00:00
2991,250,2026-01-15,2026-01-21,50.68,7.12,5.99,4.1,0,Medium,Increasing,Academic Pressure,2026-01-21 21:00:00
2992,250,2026-01-22,2026-01-28,58.33,6.72,5.99,4.37,0,Medium,Stable,Academic Pressure,2026-01-28 21:00:00
2993,250,2026-01-29,2026-02-04,70.84,5.64,7.68,6.62,4,High,Increasing,Academic Pressure,2026-02-04 21:00:00
2994,250,2026-02-05,2026-02-11,61.55,6.44,6.11,5.04,1,Medium,Decreasing,Academic Pressure,2026-02-11 21:00:00
2995,250,2026-02-12,2026-02-18,55.36,6.19,5.58,4.6,0,Medium,Decreasing,Academic Pressure,2026-02-18 21:00:00
2996,250,2026-02-19,2026-02-25,55.86,6.4,6.02,5.51,1,Medium,Increasing,Low Mood,2026-02-25 21:00:00
2997,250,2026-02-26,2026-03-04,50.72,6.71,5.7,4.56,0,Medium,Stable,Academic Pressure,2026-03-04 21:00:00
2998,250,2026-03-05,2026-03-11,58.89,6.16,5.4,4.53,1,Medium,Increasing,Academic Pressure,2026-03-11 21:00:00
2999,250,2026-03-12,2026-03-18,68.64,6.01,6.8,6.82,3,Medium,Increasing,Academic Pressure,2026-03-18 21:00:00
3000,250,2026-03-19,2026-03-25,63.33,6.36,6.43,5.4,1,Medium,Stable,Academic Pressure,2026-03-25 21:00:00
3001,251,2026-01-01,2026-01-07,50.61,7.4,6.24,4.19,0,Medium,Stable,Stable Routine,2026-01-07 21:00:00
3002,251,2026-01-08,2026-01-14,50.59,7.25,5.98,3.19,0,Medium,Stable,Low Mood,2026-01-14 21:00:00
3003,251,2026-01-15,2026-01-21,53.16,7.18,6.41,4.11,0,Medium,Stable,Low Mood,2026-01-21 21:00:00
3004,251,2026-01-22,2026-01-28,59.07,6.97,6.67,3.5,0,Medium,Stable,Academic Pressure,2026-01-28 21:00:00
3005,251,2026-01-29,2026-02-04,72.17,6.35,7.95,5.0,6,High,Stable,Academic Pressure,2026-02-04 21:00:00
3006,251,2026-02-05,2026-02-11,55.2,6.99,6.5,4.1,1,Medium,Decreasing,Academic Pressure,2026-02-11 21:00:00
3007,251,2026-02-12,2026-02-18,57.05,7.11,6.21,3.78,0,Medium,Stable,Low Mood,2026-02-18 21:00:00
3008,251,2026-02-19,2026-02-25,51.78,7.37,6.4,3.44,0,Medium,Decreasing,Low Mood,2026-02-25 21:00:00
3009,251,2026-02-26,2026-03-04,52.78,6.78,5.11,3.68,0,Medium,Increasing,Low Mood,2026-03-04 21:00:00
3010,251,2026-03-05,2026-03-11,54.71,6.77,6.29,3.61,0,Medium,Stable,Low Mood,2026-03-11 21:00:00
3011,251,2026-03-12,2026-03-18,70.19,6.3,6.59,5.76,4,High,Decreasing,Academic Pressure,2026-03-18 21:00:00
3012,251,2026-03-19,2026-03-25,51.47,7.01,6.35,3.93,0,Medium,Stable,Stable Routine,2026-03-25 21:00:00
3013,252,2026-01-01,2026-01-07,51.47,6.91,5.48,4.14,0,Medium,Stable,Low Mood,2026-01-07 21:00:00
3014,252,2026-01-08,2026-01-14,50.48,6.68,5.11,4.32,0,Medium,Stable,Low Mood,2026-01-14 21:00:00
3015,252,2026-01-15,2026-01-21,51.96,7.18,6.28,4.18,0,Medium,Stable,Low Mood,2026-01-21 21:00:00
3016,252,2026-01-22,2026-01-28,55.28,7.15,5.54,3.63,0,Medium,Stable,Low Mood,2026-01-28 21:00:00
3017,252,2026-01-29,2026-02-04,72.41,6.04,6.82,6.49,5,High,Stable,Academic Pressure,2026-02-04 21:00:00
3018,252,2026-02-05,2026-02-11,53.99,6.84,6.21,4.23,1,Medium,Stable,Academic Pressure,2026-02-11 21:00:00
3019,252,2026-02-12,2026-02-18,52.68,7.34,6.13,3.41,0,Medium,Increasing,Low Mood,2026-02-18 21:00:00
3020,252,2026-02-19,2026-02-25,49.2,7.15,6.26,3.96,0,Medium,Stable,Stable Routine,2026-02-25 21:00:00
3021,252,2026-02-26,2026-03-04,50.22,7.02,5.88,3.98,0,Medium,Decreasing,Academic Pressure,2026-03-04 21:00:00
3022,252,2026-03-05,2026-03-11,54.61,7.04,6.23,3.6,0,Medium,Stable,Low Mood,2026-03-11 21:00:00
3023,252,2026-03-12,2026-03-18,62.42,6.64,6.92,5.87,1,Medium,Increasing,Academic Pressure,2026-03-18 21:00:00
3024,252,2026-03-19,2026-03-25,54.47,6.85,6.49,3.98,0,Medium,Stable,Academic Pressure,2026-03-25 21:00:00
3025,253,2026-01-01,2026-01-07,51.55,6.37,6.04,4.78,0,Medium,Stable,Low Mood,2026-01-07 21:00:00
3026,253,2026-01-08,2026-01-14,52.23,6.38,6.26,5.0,0,Medium,Increasing,Academic Pressure,2026-01-14 21:00:00
3027,253,2026-01-15,2026-01-21,56.03,6.3,6.18,3.98,0,Medium,Stable,Low Mood,2026-01-21 21:00:00
3028,253,2026-01-22,2026-01-28,56.82,6.24,6.11,4.81,0,Medium,Stable,Low Physical Activity,2026-01-28 21:00:00
3029,253,2026-01-29,2026-02-04,73.87,6.14,7.37,6.07,6,High,Stable,Academic Pressure,2026-02-04 21:00:00
3030,253,2026-02-05,2026-02-11,56.83,6.47,5.69,4.47,1,Medium,Stable,Low Mood,2026-02-11 21:00:00
3031,253,2026-02-12,2026-02-18,57.93,6.57,6.73,5.59,0,Medium,Increasing,Low Physical Activity,2026-02-18 21:00:00
3032,253,2026-02-19,2026-02-25,51.4,6.32,5.52,4.47,0,Medium,Increasing,Low Physical Activity,2026-02-25 21:00:00
3033,253,2026-02-26,2026-03-04,53.37,6.53,5.36,4.86,0,Medium,Stable,Low Mood,2026-03-04 21:00:00
3034,253,2026-03-05,2026-03-11,54.54,6.79,6.62,3.67,0,Medium,Increasing,Low Physical Activity,2026-03-11 21:00:00
3035,253,2026-03-12,2026-03-18,68.85,5.84,7.09,5.92,4,High,Stable,Academic Pressure,2026-03-18 21:00:00
3036,253,2026-03-19,2026-03-25,57.34,6.29,5.52,5.44,2,Medium,Stable,Low Mood,2026-03-25 21:00:00
3037,254,2026-01-01,2026-01-07,46.22,7.87,6.17,3.5,0,Medium,Decreasing,Stable Routine,2026-01-07 21:00:00
3038,254,2026-01-08,2026-01-14,47.92,7.91,6.5,3.08,0,Medium,Decreasing,Low Mood,2026-01-14 21:00:00
3039,254,2026-01-15,2026-01-21,48.02,7.87,5.91,2.18,0,Medium,Decreasing,Low Mood,2026-01-21 21:00:00
3040,254,2026-01-22,2026-01-28,50.59,7.58,6.72,2.72,0,Medium,Stable,Low Mood,2026-01-28 21:00:00
3041,254,2026-01-29,2026-02-04,60.13,7.39,7.22,3.95,0,Medium,Decreasing,Academic Pressure,2026-02-04 21:00:00
3042,254,2026-02-05,2026-02-11,49.36,7.48,6.32,2.67,0,Medium,Stable,Low Mood,2026-02-11 21:00:00
3043,254,2026-02-12,2026-02-18,48.8,7.75,6.97,3.13,0,Medium,Stable,Low Mood,2026-02-18 21:00:00
3044,254,2026-02-19,2026-02-25,48.07,7.19,6.63,2.28,0,Medium,Stable,Low Mood,2026-02-25 21:00:00
3045,254,2026-02-26,2026-03-04,48.47,7.7,6.91,2.65,0,Medium,Increasing,Low Mood,2026-03-04 21:00:00
3046,254,2026-03-05,2026-03-11,49.88,7.91,6.94,2.55,0,Medium,Stable,Low Mood,2026-03-11 21:00:00
3047,254,2026-03-12,2026-03-18,60.65,7.31,7.75,4.39,1,Medium,Stable,Academic Pressure,2026-03-18 21:00:00
3048,254,2026-03-19,2026-03-25,52.07,7.64,7.37,3.48,0,Medium,Decreasing,Low Physical Activity,2026-03-25 21:00:00
3049,255,2026-01-01,2026-01-07,57.17,5.65,6.23,4.33,0,Medium,Increasing,Sleep Deficit,2026-01-07 21:00:00
3050,255,2026-01-08,2026-01-14,55.52,5.89,5.4,5.31,1,Medium,Stable,Low Mood,2026-01-14 21:00:00
3051,255,2026-01-15,2026-01-21,58.87,6.07,5.59,4.5,1,Medium,Stable,Low Mood,2026-01-21 21:00:00
3052,255,2026-01-22,2026-01-28,56.94,5.86,6.12,5.38,0,Medium,Increasing,Low Physical Activity,2026-01-28 21:00:00
3053,255,2026-01-29,2026-02-04,68.33,5.58,6.94,7.36,4,High,Stable,Academic Pressure,2026-02-04 21:00:00
3054,255,2026-02-05,2026-02-11,61.47,5.25,6.83,5.21,1,Medium,Decreasing,High Fatigue,2026-02-11 21:00:00
3055,255,2026-02-12,2026-02-18,62.08,5.58,6.53,5.72,2,Medium,Stable,Low Mood,2026-02-18 21:00:00
3056,255,2026-02-19,2026-02-25,54.43,5.65,5.82,5.32,0,Medium,Stable,Sleep Deficit,2026-02-25 21:00:00
3057,255,2026-02-26,2026-03-04,63.13,5.05,6.55,5.06,2,Medium,Decreasing,Sleep Deficit,2026-03-04 21:00:00
3058,255,2026-03-05,2026-03-11,55.75,6.09,6.56,5.02,0,Medium,Decreasing,Financial Worry,2026-03-11 21:00:00
3059,255,2026-03-12,2026-03-18,73.41,4.91,7.41,6.99,6,High,Stable,Academic Pressure,2026-03-18 21:00:00
3060,255,2026-03-19,2026-03-25,59.84,5.63,6.34,5.18,1,Medium,Decreasing,Academic Pressure,2026-03-25 21:00:00
3061,256,2026-01-01,2026-01-07,46.93,8.01,7.4,6.02,0,Medium,Increasing,Stable Routine,2026-01-07 21:00:00
3062,256,2026-01-08,2026-01-14,52.97,7.42,8.2,6.29,0,Medium,Stable,Low Mood,2026-01-14 21:00:00
3063,256,2026-01-15,2026-01-21,52.32,7.61,8.34,5.49,0,Medium,Decreasing,High Fatigue,2026-01-21 21:00:00
3064,256,2026-01-22,2026-01-28,54.8,7.83,8.04,5.83,0,Medium,Stable,Low Mood,2026-01-28 21:00:00
3065,256,2026-01-29,2026-02-04,62.71,7.35,9.08,7.92,3,Medium,Stable,Academic Pressure,2026-02-04 21:00:00
3066,256,2026-02-05,2026-02-11,56.09,7.93,8.49,6.6,0,Medium,Stable,Low Mood,2026-02-11 21:00:00
3067,256,2026-02-12,2026-02-18,52.88,7.21,8.09,5.92,0,Medium,Stable,High Screen Time,2026-02-18 21:00:00
3068,256,2026-02-19,2026-02-25,54.34,7.42,8.57,6.09,0,Medium,Increasing,High Screen Time,2026-02-25 21:00:00
3069,256,2026-02-26,2026-03-04,53.21,7.21,8.68,5.96,0,Medium,Stable,Low Mood,2026-03-04 21:00:00
3070,256,2026-03-05,2026-03-11,48.58,7.59,8.13,6.15,0,Medium,Stable,Low Mood,2026-03-11 21:00:00
3071,256,2026-03-12,2026-03-18,62.94,7.34,9.51,7.36,2,Medium,Stable,Academic Pressure,2026-03-18 21:00:00
3072,256,2026-03-19,2026-03-25,51.44,7.72,8.08,6.42,0,Medium,Stable,High Screen Time,2026-03-25 21:00:00
3073,257,2026-01-01,2026-01-07,50.54,5.47,5.83,2.2,0,Medium,Increasing,Sleep Deficit,2026-01-07 21:00:00
3074,257,2026-01-08,2026-01-14,49.48,5.58,5.51,3.18,0,Medium,Stable,Low Mood,2026-01-14 21:00:00
3075,257,2026-01-15,2026-01-21,44.87,6.1,5.3,2.53,0,Medium,Stable,Stable Routine,2026-01-21 21:00:00
3076,257,2026-01-22,2026-01-28,47.34,6.06,5.55,2.7,0,Medium,Increasing,Sleep Deficit,2026-01-28 21:00:00
3077,257,2026-01-29,2026-02-04,66.99,4.76,6.66,4.52,3,Medium,Decreasing,Academic Pressure,2026-02-04 21:00:00
3078,257,2026-02-05,2026-02-11,54.92,5.69,5.74,3.4,0,Medium,Decreasing,Low Mood,2026-02-11 21:00:00
3079,257,2026-02-12,2026-02-18,49.02,5.7,6.49,3.06,0,Medium,Stable,Sleep Deficit,2026-02-18 21:00:00
3080,257,2026-02-19,2026-02-25,52.08,5.29,5.68,2.83,0,Medium,Stable,Sleep Deficit,2026-02-25 21:00:00
3081,257,2026-02-26,2026-03-04,52.7,6.06,5.07,2.56,0,Medium,Increasing,Low Mood,2026-03-04 21:00:00
3082,257,2026-03-05,2026-03-11,50.17,6.26,6.31,3.16,0,Medium,Stable,Low Mood,2026-03-11 21:00:00
3083,257,2026-03-12,2026-03-18,63.36,5.23,6.37,4.27,0,Medium,Stable,Sleep Deficit,2026-03-18 21:00:00
3084,257,2026-03-19,2026-03-25,53.9,5.75,5.96,2.68,0,Medium,Stable,Sleep Deficit,2026-03-25 21:00:00
3085,258,2026-01-01,2026-01-07,51.12,7.69,5.15,5.24,0,Medium,Stable,Financial Worry,2026-01-07 21:00:00
3086,258,2026-01-08,2026-01-14,52.35,7.49,4.13,5.79,0,Medium,Stable,Academic Pressure,2026-01-14 21:00:00
3087,258,2026-01-15,2026-01-21,51.04,7.53,4.72,4.95,0,Medium,Increasing,Financial Worry,2026-01-21 21:00:00
3088,258,2026-01-22,2026-01-28,49.72,8.11,5.17,4.71,0,Medium,Decreasing,Low Mood,2026-01-28 21:00:00
3089,258,2026-01-29,2026-02-04,63.09,7.54,6.19,6.65,1,Medium,Decreasing,Low Mood,2026-02-04 21:00:00
3090,258,2026-02-05,2026-02-11,51.19,7.54,5.0,5.18,0,Medium,Stable,Academic Pressure,2026-02-11 21:00:00
3091,258,2026-02-12,2026-02-18,45.19,7.48,4.31,5.01,0,Medium,Decreasing,Financial Worry,2026-02-18 21:00:00
3092,258,2026-02-19,2026-02-25,47.67,7.63,4.25,5.04,0,Medium,Increasing,Low Mood,2026-02-25 21:00:00
3093,258,2026-02-26,2026-03-04,49.06,8.02,4.71,5.15,0,Medium,Decreasing,Low Mood,2026-03-04 21:00:00
3094,258,2026-03-05,2026-03-11,46.07,7.71,5.07,5.04,0,Medium,Stable,Financial Worry,2026-03-11 21:00:00
3095,258,2026-03-12,2026-03-18,59.79,7.24,5.61,6.87,0,Medium,Stable,Academic Pressure,2026-03-18 21:00:00
3096,258,2026-03-19,2026-03-25,53.64,7.58,4.64,5.46,0,Medium,Stable,Academic Pressure,2026-03-25 21:00:00
3097,259,2026-01-01,2026-01-07,58.74,5.72,6.59,2.77,1,Medium,Stable,Sleep Deficit,2026-01-07 21:00:00
3098,259,2026-01-08,2026-01-14,52.54,6.16,5.93,3.3,0,Medium,Decreasing,Sleep Deficit,2026-01-14 21:00:00
3099,259,2026-01-15,2026-01-21,52.97,6.61,6.61,3.12,0,Medium,Decreasing,Low Mood,2026-01-21 21:00:00
3100,259,2026-01-22,2026-01-28,56.88,5.99,6.36,2.79,1,Medium,Increasing,Low Mood,2026-01-28 21:00:00
3101,259,2026-01-29,2026-02-04,71.19,5.36,7.9,5.12,4,High,Decreasing,High Fatigue,2026-02-04 21:00:00
3102,259,2026-02-05,2026-02-11,53.78,6.23,6.61,3.29,0,Medium,Stable,Low Mood,2026-02-11 21:00:00
3103,259,2026-02-12,2026-02-18,52.22,6.24,7.07,2.94,1,Medium,Stable,Low Mood,2026-02-18 21:00:00
3104,259,2026-02-19,2026-02-25,55.46,6.28,6.22,3.21,0,Medium,Stable,Low Mood,2026-02-25 21:00:00
3105,259,2026-02-26,2026-03-04,51.16,6.4,6.08,3.02,0,Medium,Increasing,Stable Routine,2026-03-04 21:00:00
3106,259,2026-03-05,2026-03-11,55.77,6.47,7.05,3.36,0,Medium,Stable,Low Mood,2026-03-11 21:00:00
3107,259,2026-03-12,2026-03-18,68.8,5.65,7.2,5.08,3,Medium,Stable,Academic Pressure,2026-03-18 21:00:00
3108,259,2026-03-19,2026-03-25,54.51,6.33,5.75,3.86,0,Medium,Stable,Low Mood,2026-03-25 21:00:00
3109,260,2026-01-01,2026-01-07,51.33,5.99,6.22,2.66,0,Medium,Stable,Financial Worry,2026-01-07 21:00:00
3110,260,2026-01-08,2026-01-14,56.34,5.91,6.39,3.29,0,Medium,Stable,Low Mood,2026-01-14 21:00:00
3111,260,2026-01-15,2026-01-21,52.08,6.31,6.69,3.2,0,Medium,Increasing,Low Mood,2026-01-21 21:00:00
3112,260,2026-01-22,2026-01-28,53.94,6.39,6.29,2.92,0,Medium,Decreasing,Low Mood,2026-01-28 21:00:00
3113,260,2026-01-29,2026-02-04,65.46,5.49,6.9,4.82,2,Medium,Increasing,Academic Pressure,2026-02-04 21:00:00
3114,260,2026-02-05,2026-02-11,54.08,6.15,6.54,2.46,1,Medium,Stable,Academic Pressure,2026-02-11 21:00:00
3115,260,2026-02-12,2026-02-18,60.14,5.76,6.92,3.21,1,Medium,Stable,High Fatigue,2026-02-18 21:00:00
3116,260,2026-02-19,2026-02-25,49.06,6.35,5.71,2.85,0,Medium,Increasing,Low Mood,2026-02-25 21:00:00
3117,260,2026-02-26,2026-03-04,55.69,6.72,6.18,3.18,0,Medium,Stable,Low Mood,2026-03-04 21:00:00
3118,260,2026-03-05,2026-03-11,55.76,6.15,7.41,3.69,1,Medium,Increasing,Low Mood,2026-03-11 21:00:00
3119,260,2026-03-12,2026-03-18,74.24,5.28,7.35,4.43,6,High,Decreasing,Sleep Deficit,2026-03-18 21:00:00
3120,260,2026-03-19,2026-03-25,55.09,6.73,6.27,4.05,0,Medium,Decreasing,Low Mood,2026-03-25 21:00:00
3121,261,2026-01-01,2026-01-07,59.71,7.27,5.82,4.28,1,Medium,Stable,Stable Routine,2026-01-07 21:00:00
3122,261,2026-01-08,2026-01-14,50.94,7.09,5.89,4.28,0,Medium,Decreasing,Academic Pressure,2026-01-14 21:00:00
3123,261,2026-01-15,2026-01-21,56.32,7.17,6.45,3.56,0,Medium,Stable,Low Mood,2026-01-21 21:00:00
3124,261,2026-01-22,2026-01-28,57.62,7.11,5.78,4.25,0,Medium,Decreasing,Academic Pressure,2026-01-28 21:00:00
3125,261,2026-01-29,2026-02-04,64.45,6.83,7.18,6.09,3,Medium,Stable,Academic Pressure,2026-02-04 21:00:00
3126,261,2026-02-05,2026-02-11,59.04,6.78,6.1,4.73,1,Medium,Decreasing,Academic Pressure,2026-02-11 21:00:00
3127,261,2026-02-12,2026-02-18,56.39,7.12,5.97,4.32,0,Medium,Stable,Academic Pressure,2026-02-18 21:00:00
3128,261,2026-02-19,2026-02-25,53.48,7.23,5.73,3.64,0,Medium,Stable,Academic Pressure,2026-02-25 21:00:00
3129,261,2026-02-26,2026-03-04,51.95,7.84,5.3,4.34,0,Medium,Decreasing,Academic Pressure,2026-03-04 21:00:00
3130,261,2026-03-05,2026-03-11,49.79,7.25,5.92,4.32,0,Medium,Increasing,Academic Pressure,2026-03-11 21:00:00
3131,261,2026-03-12,2026-03-18,65.34,6.64,6.96,6.05,1,Medium,Stable,Academic Pressure,2026-03-18 21:00:00
3132,261,2026-03-19,2026-03-25,53.09,7.52,6.79,4.67,0,Medium,Stable,Academic Pressure,2026-03-25 21:00:00
3133,262,2026-01-01,2026-01-07,58.61,7.19,7.81,4.08,1,Medium,Stable,Academic Pressure,2026-01-07 21:00:00
3134,262,2026-01-08,2026-01-14,56.69,6.98,7.51,3.52,0,Medium,Increasing,Low Mood,2026-01-14 21:00:00
3135,262,2026-01-15,2026-01-21,54.39,7.33,7.67,4.1,0,Medium,Stable,Academic Pressure,2026-01-21 21:00:00
3136,262,2026-01-22,2026-01-28,52.35,7.15,7.99,3.73,0,Medium,Increasing,High Screen Time,2026-01-28 21:00:00
3137,262,2026-01-29,2026-02-04,67.07,6.62,9.06,5.48,3,Medium,Stable,Academic Pressure,2026-02-04 21:00:00
3138,262,2026-02-05,2026-02-11,59.54,7.26,8.19,3.97,1,Medium,Stable,Academic Pressure,2026-02-11 21:00:00
3139,262,2026-02-12,2026-02-18,54.61,7.15,7.78,3.17,0,Medium,Stable,Academic Pressure,2026-02-18 21:00:00
3140,262,2026-02-19,2026-02-25,56.13,6.71,8.07,4.8,0,Medium,Stable,Academic Pressure,2026-02-25 21:00:00
3141,262,2026-02-26,2026-03-04,54.0,7.21,7.84,3.35,0,Medium,Increasing,Academic Pressure,2026-03-04 21:00:00
3142,262,2026-03-05,2026-03-11,54.22,6.75,8.04,4.01,0,Medium,Increasing,Academic Pressure,2026-03-11 21:00:00
3143,262,2026-03-12,2026-03-18,67.71,6.91,8.55,5.65,2,Medium,Stable,Academic Pressure,2026-03-18 21:00:00
3144,262,2026-03-19,2026-03-25,53.15,7.36,7.53,4.38,0,Medium,Increasing,Academic Pressure,2026-03-25 21:00:00
3145,263,2026-01-01,2026-01-07,50.98,7.15,5.43,1.84,0,Medium,Decreasing,Academic Pressure,2026-01-07 21:00:00
3146,263,2026-01-08,2026-01-14,49.47,7.26,5.19,2.05,0,Medium,Decreasing,Low Mood,2026-01-14 21:00:00
3147,263,2026-01-15,2026-01-21,48.78,7.36,5.12,2.04,0,Medium,Decreasing,Low Mood,2026-01-21 21:00:00
3148,263,2026-01-22,2026-01-28,47.82,7.25,5.23,2.45,0,Medium,Increasing,Low Mood,2026-01-28 21:00:00
3149,263,2026-01-29,2026-02-04,67.24,5.86,7.22,4.32,2,Medium,Stable,Academic Pressure,2026-02-04 21:00:00
3150,263,2026-02-05,2026-02-11,53.31,7.21,6.31,2.34,0,Medium,Increasing,Low Mood,2026-02-11 21:00:00
3151,263,2026-02-12,2026-02-18,48.88,7.03,5.55,1.43,0,Medium,Decreasing,Low Mood,2026-02-18 21:00:00
3152,263,2026-02-19,2026-02-25,54.14,7.15,5.98,2.06,0,Medium,Stable,Low Mood,2026-02-25 21:00:00
3153,263,2026-02-26,2026-03-04,46.34,7.32,5.56,2.1,0,Medium,Stable,Low Mood,2026-03-04 21:00:00
3154,263,2026-03-05,2026-03-11,42.89,7.23,5.83,1.94,0,Medium,Stable,Low Mood,2026-03-11 21:00:00
3155,263,2026-03-12,2026-03-18,62.06,6.81,6.64,3.84,1,Medium,Decreasing,Academic Pressure,2026-03-18 21:00:00
3156,263,2026-03-19,2026-03-25,52.98,7.12,5.59,2.21,0,Medium,Stable,Academic Pressure,2026-03-25 21:00:00
3157,264,2026-01-01,2026-01-07,57.0,5.66,4.39,2.53,0,Medium,Stable,Academic Pressure,2026-01-07 21:00:00
3158,264,2026-01-08,2026-01-14,63.75,5.69,4.8,2.09,0,Medium,Stable,Academic Pressure,2026-01-14 21:00:00
3159,264,2026-01-15,2026-01-21,62.83,5.4,4.62,2.17,0,Medium,Stable,Academic Pressure,2026-01-21 21:00:00
3160,264,2026-01-22,2026-01-28,60.12,5.07,5.07,1.75,1,Medium,Increasing,Academic Pressure,2026-01-28 21:00:00
3161,264,2026-01-29,2026-02-04,73.25,4.82,5.57,4.26,5,High,Stable,Academic Pressure,2026-02-04 21:00:00
3162,264,2026-02-05,2026-02-11,66.12,4.87,5.32,2.53,2,Medium,Decreasing,Academic Pressure,2026-02-11 21:00:00
3163,264,2026-02-12,2026-02-18,62.63,5.69,4.73,2.19,1,Medium,Stable,Academic Pressure,2026-02-18 21:00:00
3164,264,2026-02-19,2026-02-25,62.8,4.96,4.27,2.73,2,Medium,Stable,Academic Pressure,2026-02-25 21:00:00
3165,264,2026-02-26,2026-03-04,68.99,5.06,4.42,2.28,4,High,Stable,Academic Pressure,2026-03-04 21:00:00
3166,264,2026-03-05,2026-03-11,65.22,4.87,4.49,2.53,2,Medium,Stable,Academic Pressure,2026-03-11 21:00:00
3167,264,2026-03-12,2026-03-18,75.46,4.72,5.86,3.92,6,High,Increasing,Academic Pressure,2026-03-18 21:00:00
3168,264,2026-03-19,2026-03-25,68.26,5.37,5.31,2.44,4,High,Decreasing,Low Mood,2026-03-25 21:00:00
3169,265,2026-01-01,2026-01-07,54.57,6.74,5.86,4.52,0,Medium,Stable,Academic Pressure,2026-01-07 21:00:00
3170,265,2026-01-08,2026-01-14,59.51,6.98,5.45,4.53,0,Medium,Increasing,Academic Pressure,2026-01-14 21:00:00
3171,265,2026-01-15,2026-01-21,55.53,6.97,5.28,4.34,0,Medium,Decreasing,Academic Pressure,2026-01-21 21:00:00
3172,265,2026-01-22,2026-01-28,56.17,6.51,5.19,4.67,0,Medium,Stable,Academic Pressure,2026-01-28 21:00:00
3173,265,2026-01-29,2026-02-04,62.81,6.42,5.98,6.85,1,Medium,Stable,Academic Pressure,2026-02-04 21:00:00
3174,265,2026-02-05,2026-02-11,54.04,6.92,5.56,4.46,0,Medium,Decreasing,Academic Pressure,2026-02-11 21:00:00
3175,265,2026-02-12,2026-02-18,54.1,6.76,5.62,4.76,0,Medium,Decreasing,Academic Pressure,2026-02-18 21:00:00
3176,265,2026-02-19,2026-02-25,54.77,7.06,5.28,4.6,0,Medium,Stable,Academic Pressure,2026-02-25 21:00:00
3177,265,2026-02-26,2026-03-04,57.04,6.83,5.73,4.19,1,Medium,Stable,Academic Pressure,2026-03-04 21:00:00
3178,265,2026-03-05,2026-03-11,53.25,6.98,5.59,3.99,0,Medium,Decreasing,Academic Pressure,2026-03-11 21:00:00
3179,265,2026-03-12,2026-03-18,70.22,6.26,6.28,6.17,4,High,Stable,Academic Pressure,2026-03-18 21:00:00
3180,265,2026-03-19,2026-03-25,52.55,6.95,5.91,4.13,0,Medium,Decreasing,Academic Pressure,2026-03-25 21:00:00
3181,266,2026-01-01,2026-01-07,45.14,7.25,7.06,3.38,0,Medium,Stable,Low Mood,2026-01-07 21:00:00
3182,266,2026-01-08,2026-01-14,48.39,6.8,7.08,3.96,0,Medium,Stable,Low Physical Activity,2026-01-14 21:00:00
3183,266,2026-01-15,2026-01-21,50.23,6.89,6.44,2.93,0,Medium,Stable,Stable Routine,2026-01-21 21:00:00
3184,266,2026-01-22,2026-01-28,49.3,7.52,7.06,3.38,0,Medium,Stable,Stable Routine,2026-01-28 21:00:00
3185,266,2026-01-29,2026-02-04,59.69,6.89,8.01,6.0,1,Medium,Stable,Low Physical Activity,2026-02-04 21:00:00
3186,266,2026-02-05,2026-02-11,49.8,6.76,6.8,3.99,0,Medium,Decreasing,Low Physical Activity,2026-02-11 21:00:00
3187,266,2026-02-12,2026-02-18,48.38,6.89,7.23,4.23,0,Medium,Stable,Low Mood,2026-02-18 21:00:00
3188,266,2026-02-19,2026-02-25,49.94,7.33,6.82,3.24,0,Medium,Decreasing,Low Physical Activity,2026-02-25 21:00:00
3189,266,2026-02-26,2026-03-04,53.29,6.77,7.31,4.06,0,Medium,Stable,Low Mood,2026-03-04 21:00:00
3190,266,2026-03-05,2026-03-11,52.76,7.46,6.96,3.48,0,Medium,Stable,Low Mood,2026-03-11 21:00:00
3191,266,2026-03-12,2026-03-18,62.34,6.66,9.13,5.44,2,Medium,Increasing,Low Mood,2026-03-18 21:00:00
3192,266,2026-03-19,2026-03-25,54.85,6.78,7.16,4.3,1,Medium,Decreasing,Low Mood,2026-03-25 21:00:00
3193,267,2026-01-01,2026-01-07,55.5,6.55,5.66,3.24,0,Medium,Stable,Academic Pressure,2026-01-07 21:00:00
3194,267,2026-01-08,2026-01-14,55.49,6.55,5.0,3.01,0,Medium,Increasing,Low Mood,2026-01-14 21:00:00
3195,267,2026-01-15,2026-01-21,54.05,6.81,5.19,3.45,0,Medium,Stable,Academic Pressure,2026-01-21 21:00:00
3196,267,2026-01-22,2026-01-28,57.8,6.72,5.36,3.58,1,Medium,Stable,Academic Pressure,2026-01-28 21:00:00
3197,267,2026-01-29,2026-02-04,66.32,6.13,5.63,5.25,2,Medium,Increasing,Academic Pressure,2026-02-04 21:00:00
3198,267,2026-02-05,2026-02-11,55.11,6.44,5.67,2.79,0,Medium,Stable,Academic Pressure,2026-02-11 21:00:00
3199,267,2026-02-12,2026-02-18,56.37,6.57,5.04,3.01,0,Medium,Stable,Low Mood,2026-02-18 21:00:00
3200,267,2026-02-19,2026-02-25,53.41,6.45,5.37,3.1,0,Medium,Increasing,Academic Pressure,2026-02-25 21:00:00
3201,267,2026-02-26,2026-03-04,55.21,6.93,5.55,2.72,0,Medium,Stable,Academic Pressure,2026-03-04 21:00:00
3202,267,2026-03-05,2026-03-11,54.54,6.52,5.08,3.38,0,Medium,Increasing,Academic Pressure,2026-03-11 21:00:00
3203,267,2026-03-12,2026-03-18,69.52,5.91,6.33,4.44,4,High,Increasing,Academic Pressure,2026-03-18 21:00:00
3204,267,2026-03-19,2026-03-25,54.47,6.43,5.47,2.62,0,Medium,Stable,Academic Pressure,2026-03-25 21:00:00
3205,268,2026-01-01,2026-01-07,53.94,7.0,6.26,3.57,0,Medium,Stable,Low Mood,2026-01-07 21:00:00
3206,268,2026-01-08,2026-01-14,53.59,7.09,6.09,2.46,0,Medium,Increasing,Low Mood,2026-01-14 21:00:00
3207,268,2026-01-15,2026-01-21,58.02,6.29,5.94,3.11,1,Medium,Decreasing,Low Mood,2026-01-21 21:00:00
3208,268,2026-01-22,2026-01-28,54.37,6.54,5.41,3.23,0,Medium,Stable,Low Mood,2026-01-28 21:00:00
3209,268,2026-01-29,2026-02-04,69.87,5.78,6.46,5.2,4,High,Stable,Academic Pressure,2026-02-04 21:00:00
3210,268,2026-02-05,2026-02-11,53.28,6.51,5.38,3.49,0,Medium,Decreasing,Low Physical Activity,2026-02-11 21:00:00
3211,268,2026-02-12,2026-02-18,53.53,6.45,5.66,3.0,1,Medium,Decreasing,Low Physical Activity,2026-02-18 21:00:00
3212,268,2026-02-19,2026-02-25,51.99,6.56,5.01,3.41,0,Medium,Stable,Low Mood,2026-02-25 21:00:00
3213,268,2026-02-26,2026-03-04,55.75,6.72,5.62,3.11,0,Medium,Stable,Academic Pressure,2026-03-04 21:00:00
3214,268,2026-03-05,2026-03-11,52.2,6.88,6.22,3.53,0,Medium,Stable,Low Mood,2026-03-11 21:00:00
3215,268,2026-03-12,2026-03-18,69.45,6.02,7.2,4.68,3,Medium,Stable,Academic Pressure,2026-03-18 21:00:00
3216,268,2026-03-19,2026-03-25,60.44,6.28,6.02,3.06,2,Medium,Decreasing,Academic Pressure,2026-03-25 21:00:00
3217,269,2026-01-01,2026-01-07,48.72,7.83,7.29,2.02,0,Medium,Stable,High Screen Time,2026-01-07 21:00:00
3218,269,2026-01-08,2026-01-14,50.37,7.38,7.63,2.45,0,Medium,Increasing,High Screen Time,2026-01-14 21:00:00
3219,269,2026-01-15,2026-01-21,47.64,7.55,7.56,2.04,0,Medium,Stable,Low Mood,2026-01-21 21:00:00
3220,269,2026-01-22,2026-01-28,46.84,7.83,6.92,2.68,0,Medium,Stable,Stable Routine,2026-01-28 21:00:00
3221,269,2026-01-29,2026-02-04,69.51,6.76,9.12,3.9,3,Medium,Stable,Academic Pressure,2026-02-04 21:00:00
3222,269,2026-02-05,2026-02-11,54.79,7.46,7.79,2.59,1,Medium,Decreasing,Low Physical Activity,2026-02-11 21:00:00
3223,269,2026-02-12,2026-02-18,48.1,8.11,7.96,2.25,0,Medium,Stable,High Screen Time,2026-02-18 21:00:00
3224,269,2026-02-19,2026-02-25,47.46,7.98,6.32,2.27,0,Medium,Increasing,Stable Routine,2026-02-25 21:00:00
3225,269,2026-02-26,2026-03-04,53.49,7.74,8.11,1.79,0,Medium,Stable,Low Mood,2026-03-04 21:00:00
3226,269,2026-03-05,2026-03-11,53.15,7.91,7.24,2.13,0,Medium,Stable,Low Mood,2026-03-11 21:00:00
3227,269,2026-03-12,2026-03-18,60.45,7.64,8.52,4.38,0,Medium,Decreasing,Academic Pressure,2026-03-18 21:00:00
3228,269,2026-03-19,2026-03-25,49.84,7.69,7.88,2.05,0,Medium,Stable,Academic Pressure,2026-03-25 21:00:00
3229,270,2026-01-01,2026-01-07,55.39,6.57,5.99,4.18,0,Medium,Stable,Low Mood,2026-01-07 21:00:00
3230,270,2026-01-08,2026-01-14,54.52,6.35,6.31,4.6,0,Medium,Stable,Low Physical Activity,2026-01-14 21:00:00
3231,270,2026-01-15,2026-01-21,52.93,7.15,6.32,4.96,0,Medium,Stable,Academic Pressure,2026-01-21 21:00:00
3232,270,2026-01-22,2026-01-28,52.6,7.14,6.88,5.01,0,Medium,Decreasing,Low Mood,2026-01-28 21:00:00
3233,270,2026-01-29,2026-02-04,68.69,6.27,7.4,6.1,3,Medium,Stable,Academic Pressure,2026-02-04 21:00:00
3234,270,2026-02-05,2026-02-11,53.05,7.28,6.26,4.48,0,Medium,Increasing,Academic Pressure,2026-02-11 21:00:00
3235,270,2026-02-12,2026-02-18,49.27,7.03,6.39,5.17,0,Medium,Increasing,Low Physical Activity,2026-02-18 21:00:00
3236,270,2026-02-19,2026-02-25,54.25,7.21,6.24,5.13,0,Medium,Stable,Low Physical Activity,2026-02-25 21:00:00
3237,270,2026-02-26,2026-03-04,51.76,6.87,6.23,4.6,0,Medium,Decreasing,Low Mood,2026-03-04 21:00:00
3238,270,2026-03-05,2026-03-11,51.92,7.65,6.47,4.66,0,Medium,Decreasing,Academic Pressure,2026-03-11 21:00:00
3239,270,2026-03-12,2026-03-18,63.82,6.49,7.63,7.92,1,Medium,Stable,Academic Pressure,2026-03-18 21:00:00
3240,270,2026-03-19,2026-03-25,56.05,6.54,6.62,5.76,1,Medium,Decreasing,Low Mood,2026-03-25 21:00:00
3241,271,2026-01-01,2026-01-07,65.66,5.74,6.86,3.66,3,Medium,Stable,Academic Pressure,2026-01-07 21:00:00
3242,271,2026-01-08,2026-01-14,63.32,5.19,6.43,4.3,2,Medium,Stable,High Fatigue,2026-01-14 21:00:00
3243,271,2026-01-15,2026-01-21,64.07,5.49,7.62,4.16,1,Medium,Stable,Sleep Deficit,2026-01-21 21:00:00
3244,271,2026-01-22,2026-01-28,63.22,5.61,6.83,4.06,2,Medium,Decreasing,Academic Pressure,2026-01-28 21:00:00
3245,271,2026-01-29,2026-02-04,74.45,5.44,8.27,6.91,5,High,Decreasing,Academic Pressure,2026-02-04 21:00:00
3246,271,2026-02-05,2026-02-11,66.75,5.69,7.29,3.98,3,Medium,Decreasing,Academic Pressure,2026-02-11 21:00:00
3247,271,2026-02-12,2026-02-18,66.44,5.7,6.66,4.58,2,Medium,Stable,Academic Pressure,2026-02-18 21:00:00
3248,271,2026-02-19,2026-02-25,67.24,5.71,6.26,4.16,3,Medium,Stable,Academic Pressure,2026-02-25 21:00:00
3249,271,2026-02-26,2026-03-04,61.44,5.72,6.79,4.71,0,Medium,Stable,Low Mood,2026-03-04 21:00:00
3250,271,2026-03-05,2026-03-11,65.26,6.01,6.59,4.35,3,Medium,Decreasing,Academic Pressure,2026-03-11 21:00:00
3251,271,2026-03-12,2026-03-18,73.39,5.35,7.77,6.2,5,High,Stable,Academic Pressure,2026-03-18 21:00:00
3252,271,2026-03-19,2026-03-25,70.07,5.4,6.95,4.41,4,High,Decreasing,Academic Pressure,2026-03-25 21:00:00
3253,272,2026-01-01,2026-01-07,56.13,5.93,4.89,3.57,0,Medium,Stable,Academic Pressure,2026-01-07 21:00:00
3254,272,2026-01-08,2026-01-14,55.51,6.03,5.08,2.64,0,Medium,Stable,Low Mood,2026-01-14 21:00:00
3255,272,2026-01-15,2026-01-21,53.68,6.27,4.99,3.4,0,Medium,Stable,Academic Pressure,2026-01-21 21:00:00
3256,272,2026-01-22,2026-01-28,63.26,5.73,4.8,3.54,1,Medium,Stable,Academic Pressure,2026-01-28 21:00:00
3257,272,2026-01-29,2026-02-04,75.66,5.4,5.62,4.73,6,High,Stable,Academic Pressure,2026-02-04 21:00:00
3258,272,2026-02-05,2026-02-11,59.55,6.16,5.58,2.9,2,Medium,Stable,Low Mood,2026-02-11 21:00:00
3259,272,2026-02-12,2026-02-18,58.27,6.29,5.1,3.47,0,Medium,Stable,Low Physical Activity,2026-02-18 21:00:00
3260,272,2026-02-19,2026-02-25,58.08,5.85,5.72,3.78,0,Medium,Stable,Low Mood,2026-02-25 21:00:00
3261,272,2026-02-26,2026-03-04,55.97,6.12,4.84,2.2,0,Medium,Increasing,Academic Pressure,2026-03-04 21:00:00
3262,272,2026-03-05,2026-03-11,57.92,6.3,5.88,3.61,0,Medium,Increasing,Academic Pressure,2026-03-11 21:00:00
3263,272,2026-03-12,2026-03-18,69.08,5.62,6.0,5.24,4,High,Increasing,Academic Pressure,2026-03-18 21:00:00
3264,272,2026-03-19,2026-03-25,57.97,6.0,4.96,3.11,0,Medium,Stable,Low Mood,2026-03-25 21:00:00
3265,273,2026-01-01,2026-01-07,62.16,4.74,5.24,5.16,0,Medium,Stable,Sleep Deficit,2026-01-07 21:00:00
3266,273,2026-01-08,2026-01-14,67.15,4.27,4.78,5.42,4,High,Stable,Sleep Deficit,2026-01-14 21:00:00
3267,273,2026-01-15,2026-01-21,63.92,4.19,5.7,5.48,2,Medium,Stable,Academic Pressure,2026-01-21 21:00:00
3268,273,2026-01-22,2026-01-28,64.83,4.12,5.06,5.44,3,Medium,Stable,Sleep Deficit,2026-01-28 21:00:00
3269,273,2026-01-29,2026-02-04,78.84,3.43,5.9,7.08,7,High,Stable,Academic Pressure,2026-02-04 21:00:00
3270,273,2026-02-05,2026-02-11,62.18,4.19,4.68,4.77,1,Medium,Decreasing,Sleep Deficit,2026-02-11 21:00:00
3271,273,2026-02-12,2026-02-18,61.44,4.34,4.88,5.8,0,Medium,Stable,Sleep Deficit,2026-02-18 21:00:00
3272,273,2026-02-19,2026-02-25,58.4,4.9,5.54,5.29,0,Medium,Stable,Sleep Deficit,2026-02-25 21:00:00
3273,273,2026-02-26,2026-03-04,58.2,4.32,4.93,5.64,1,Medium,Decreasing,Academic Pressure,2026-03-04 21:00:00
3274,273,2026-03-05,2026-03-11,59.11,4.72,4.94,4.78,0,Medium,Decreasing,Sleep Deficit,2026-03-11 21:00:00
3275,273,2026-03-12,2026-03-18,79.34,3.38,5.87,7.35,7,High,Stable,Academic Pressure,2026-03-18 21:00:00
3276,273,2026-03-19,2026-03-25,63.97,4.04,5.59,5.78,3,Medium,Decreasing,High Fatigue,2026-03-25 21:00:00
3277,274,2026-01-01,2026-01-07,61.41,6.21,7.87,3.97,1,Medium,Stable,Low Mood,2026-01-07 21:00:00
3278,274,2026-01-08,2026-01-14,61.65,6.34,7.99,4.7,1,Medium,Stable,Academic Pressure,2026-01-14 21:00:00
3279,274,2026-01-15,2026-01-21,58.53,6.01,8.2,4.35,1,Medium,Decreasing,Academic Pressure,2026-01-21 21:00:00
3280,274,2026-01-22,2026-01-28,63.76,6.46,8.12,4.84,3,Medium,Stable,Academic Pressure,2026-01-28 21:00:00
3281,274,2026-01-29,2026-02-04,77.68,5.89,8.67,5.77,6,High,Decreasing,Academic Pressure,2026-02-04 21:00:00
3282,274,2026-02-05,2026-02-11,60.27,6.28,8.41,3.95,0,Medium,Decreasing,Academic Pressure,2026-02-11 21:00:00
3283,274,2026-02-12,2026-02-18,58.66,6.41,8.4,4.41,1,Medium,Decreasing,Low Mood,2026-02-18 21:00:00
3284,274,2026-02-19,2026-02-25,59.57,5.9,7.54,3.85,0,Medium,Stable,Sleep Deficit,2026-02-25 21:00:00
3285,274,2026-02-26,2026-03-04,61.89,6.08,7.19,4.34,2,Medium,Stable,Low Mood,2026-03-04 21:00:00
3286,274,2026-03-05,2026-03-11,57.89,6.34,7.89,3.75,0,Medium,Increasing,Low Mood,2026-03-11 21:00:00
3287,274,2026-03-12,2026-03-18,75.54,5.55,9.04,5.84,7,High,Stable,Academic Pressure,2026-03-18 21:00:00
3288,274,2026-03-19,2026-03-25,58.74,6.47,7.58,3.91,2,Medium,Decreasing,Low Mood,2026-03-25 21:00:00
3289,275,2026-01-01,2026-01-07,48.75,7.77,5.61,2.46,0,Medium,Stable,Low Mood,2026-01-07 21:00:00
3290,275,2026-01-08,2026-01-14,49.43,7.4,5.27,3.37,0,Medium,Increasing,Low Mood,2026-01-14 21:00:00
3291,275,2026-01-15,2026-01-21,48.64,7.41,5.32,2.74,0,Medium,Stable,Stable Routine,2026-01-21 21:00:00
3292,275,2026-01-22,2026-01-28,52.09,7.59,5.51,3.14,0,Medium,Stable,Low Mood,2026-01-28 21:00:00
3293,275,2026-01-29,2026-02-04,67.33,6.64,7.34,5.34,3,Medium,Stable,Academic Pressure,2026-02-04 21:00:00
3294,275,2026-02-05,2026-02-11,55.32,7.5,6.05,3.42,1,Medium,Decreasing,Academic Pressure,2026-02-11 21:00:00
3295,275,2026-02-12,2026-02-18,50.4,7.3,5.57,3.05,0,Medium,Stable,Academic Pressure,2026-02-18 21:00:00
3296,275,2026-02-19,2026-02-25,48.33,7.57,5.76,2.67,0,Medium,Stable,Stable Routine,2026-02-25 21:00:00
3297,275,2026-02-26,2026-03-04,53.29,7.41,5.69,3.18,0,Medium,Decreasing,Academic Pressure,2026-03-04 21:00:00
3298,275,2026-03-05,2026-03-11,46.62,7.15,6.34,3.38,0,Medium,Stable,Low Physical Activity,2026-03-11 21:00:00
3299,275,2026-03-12,2026-03-18,59.76,6.71,7.02,5.49,1,Medium,Decreasing,Academic Pressure,2026-03-18 21:00:00
3300,275,2026-03-19,2026-03-25,52.82,7.54,5.67,3.28,0,Medium,Increasing,Low Mood,2026-03-25 21:00:00
3301,276,2026-01-01,2026-01-07,48.46,6.5,8.7,2.26,0,Medium,Increasing,High Screen Time,2026-01-07 21:00:00
3302,276,2026-01-08,2026-01-14,49.89,7.25,8.53,2.54,0,Medium,Stable,High Screen Time,2026-01-14 21:00:00
3303,276,2026-01-15,2026-01-21,52.88,6.85,8.88,2.47,0,Medium,Increasing,High Screen Time,2026-01-21 21:00:00
3304,276,2026-01-22,2026-01-28,57.5,6.83,8.8,2.24,1,Medium,Increasing,High Screen Time,2026-01-28 21:00:00
3305,276,2026-01-29,2026-02-04,62.96,6.62,10.24,4.6,1,Medium,Stable,Academic Pressure,2026-02-04 21:00:00
3306,276,2026-02-05,2026-02-11,64.34,6.37,9.27,3.17,2,Medium,Stable,High Fatigue,2026-02-11 21:00:00
3307,276,2026-02-12,2026-02-18,56.57,6.95,8.67,1.43,0,Medium,Stable,Low Mood,2026-02-18 21:00:00
3308,276,2026-02-19,2026-02-25,55.08,6.83,8.65,2.94,0,Medium,Stable,Low Mood,2026-02-25 21:00:00
3309,276,2026-02-26,2026-03-04,54.02,7.67,9.23,2.41,0,Medium,Stable,Low Mood,2026-03-04 21:00:00
3310,276,2026-03-05,2026-03-11,54.07,7.05,9.26,2.67,1,Medium,Decreasing,High Screen Time,2026-03-11 21:00:00
3311,276,2026-03-12,2026-03-18,70.18,6.27,9.95,4.81,4,High,Stable,Academic Pressure,2026-03-18 21:00:00
3312,276,2026-03-19,2026-03-25,58.83,6.81,8.73,3.15,1,Medium,Stable,Low Mood,2026-03-25 21:00:00
3313,277,2026-01-01,2026-01-07,48.39,6.7,6.42,3.44,0,Medium,Stable,Low Physical Activity,2026-01-07 21:00:00
3314,277,2026-01-08,2026-01-14,52.77,6.18,6.38,3.39,0,Medium,Increasing,Low Mood,2026-01-14 21:00:00
3315,277,2026-01-15,2026-01-21,52.54,6.39,6.08,4.12,0,Medium,Stable,Low Mood,2026-01-21 21:00:00
3316,277,2026-01-22,2026-01-28,52.39,6.17,6.18,3.7,0,Medium,Increasing,Low Mood,2026-01-28 21:00:00
3317,277,2026-01-29,2026-02-04,66.44,5.67,7.36,5.37,3,Medium,Increasing,High Fatigue,2026-02-04 21:00:00
3318,277,2026-02-05,2026-02-11,58.82,5.8,6.65,3.96,1,Medium,Stable,Sleep Deficit,2026-02-11 21:00:00
3319,277,2026-02-12,2026-02-18,52.14,6.82,6.49,4.31,0,Medium,Decreasing,Academic Pressure,2026-02-18 21:00:00
3320,277,2026-02-19,2026-02-25,49.18,6.61,6.59,4.04,0,Medium,Increasing,Health Issue,2026-02-25 21:00:00
3321,277,2026-02-26,2026-03-04,48.48,6.49,5.9,3.66,0,Medium,Stable,Low Physical Activity,2026-03-04 21:00:00
3322,277,2026-03-05,2026-03-11,52.97,6.63,6.51,4.33,0,Medium,Increasing,Low Mood,2026-03-11 21:00:00
3323,277,2026-03-12,2026-03-18,68.71,5.76,6.89,5.74,2,Medium,Increasing,Academic Pressure,2026-03-18 21:00:00
3324,277,2026-03-19,2026-03-25,55.31,6.39,6.26,4.4,1,Medium,Stable,Low Mood,2026-03-25 21:00:00
3325,278,2026-01-01,2026-01-07,55.89,6.76,8.49,3.23,0,Medium,Stable,Low Mood,2026-01-07 21:00:00
3326,278,2026-01-08,2026-01-14,50.8,6.64,8.0,2.89,0,Medium,Stable,Low Mood,2026-01-14 21:00:00
3327,278,2026-01-15,2026-01-21,47.79,6.39,6.95,2.2,0,Medium,Decreasing,Low Physical Activity,2026-01-21 21:00:00
3328,278,2026-01-22,2026-01-28,54.16,6.47,7.15,2.75,0,Medium,Stable,Low Mood,2026-01-28 21:00:00
3329,278,2026-01-29,2026-02-04,69.02,5.93,9.33,4.44,3,Medium,Stable,Low Mood,2026-02-04 21:00:00
3330,278,2026-02-05,2026-02-11,57.42,6.32,7.72,2.99,1,Medium,Decreasing,Low Mood,2026-02-11 21:00:00
3331,278,2026-02-12,2026-02-18,52.91,6.51,7.84,3.0,0,Medium,Stable,Low Mood,2026-02-18 21:00:00
3332,278,2026-02-19,2026-02-25,59.16,6.13,7.94,3.48,1,Medium,Increasing,Low Mood,2026-02-25 21:00:00
3333,278,2026-02-26,2026-03-04,60.87,5.96,7.77,2.81,1,Medium,Stable,High Fatigue,2026-03-04 21:00:00
3334,278,2026-03-05,2026-03-11,53.22,6.55,7.65,3.25,0,Medium,Stable,Low Mood,2026-03-11 21:00:00
3335,278,2026-03-12,2026-03-18,69.52,6.09,8.76,4.18,5,High,Increasing,Academic Pressure,2026-03-18 21:00:00
3336,278,2026-03-19,2026-03-25,53.21,6.69,7.92,2.64,0,Medium,Stable,Low Mood,2026-03-25 21:00:00
3337,279,2026-01-01,2026-01-07,51.97,7.16,4.13,5.56,0,Medium,Stable,Low Mood,2026-01-07 21:00:00
3338,279,2026-01-08,2026-01-14,48.32,7.01,4.44,5.14,0,Medium,Stable,Low Mood,2026-01-14 21:00:00
3339,279,2026-01-15,2026-01-21,48.8,6.62,5.15,6.51,0,Medium,Increasing,Low Mood,2026-01-21 21:00:00
3340,279,2026-01-22,2026-01-28,44.2,7.04,5.0,5.58,0,Medium,Increasing,Low Mood,2026-01-28 21:00:00
3341,279,2026-01-29,2026-02-04,59.75,7.03,5.61,7.52,2,Medium,Decreasing,Academic Pressure,2026-02-04 21:00:00
3342,279,2026-02-05,2026-02-11,50.07,6.92,5.87,6.01,0,Medium,Stable,Low Mood,2026-02-11 21:00:00
3343,279,2026-02-12,2026-02-18,46.8,7.6,5.35,5.79,0,Medium,Stable,Low Mood,2026-02-18 21:00:00
3344,279,2026-02-19,2026-02-25,51.22,6.95,4.88,6.21,0,Medium,Stable,Stable Routine,2026-02-25 21:00:00
3345,279,2026-02-26,2026-03-04,47.35,7.01,4.7,6.62,0,Medium,Stable,Low Mood,2026-03-04 21:00:00
3346,279,2026-03-05,2026-03-11,50.31,6.94,5.03,5.96,0,Medium,Stable,Low Mood,2026-03-11 21:00:00
3347,279,2026-03-12,2026-03-18,54.82,6.92,6.05,7.38,0,Medium,Decreasing,Academic Pressure,2026-03-18 21:00:00
3348,279,2026-03-19,2026-03-25,49.88,7.06,5.03,6.26,0,Medium,Stable,Academic Pressure,2026-03-25 21:00:00
3349,280,2026-01-01,2026-01-07,44.03,6.6,5.69,3.51,0,Medium,Stable,Stable Routine,2026-01-07 21:00:00
3350,280,2026-01-08,2026-01-14,45.29,6.63,4.88,2.81,0,Medium,Increasing,Stable Routine,2026-01-14 21:00:00
3351,280,2026-01-15,2026-01-21,48.48,6.54,5.06,3.21,0,Medium,Stable,Low Mood,2026-01-21 21:00:00
3352,280,2026-01-22,2026-01-28,45.2,6.85,5.4,2.83,0,Medium,Stable,Low Mood,2026-01-28 21:00:00
3353,280,2026-01-29,2026-02-04,58.55,6.35,6.32,4.99,1,Medium,Decreasing,Low Mood,2026-02-04 21:00:00
3354,280,2026-02-05,2026-02-11,50.02,6.43,5.33,3.01,0,Medium,Decreasing,Stable Routine,2026-02-11 21:00:00
3355,280,2026-02-12,2026-02-18,44.99,6.77,5.16,3.02,0,Medium,Stable,Low Mood,2026-02-18 21:00:00
3356,280,2026-02-19,2026-02-25,45.12,7.05,5.03,1.63,0,Medium,Stable,Low Mood,2026-02-25 21:00:00
3357,280,2026-02-26,2026-03-04,52.0,6.41,5.14,2.72,1,Medium,Stable,Low Mood,2026-03-04 21:00:00
3358,280,2026-03-05,2026-03-11,51.49,6.45,5.24,3.48,0,Medium,Stable,Low Mood,2026-03-11 21:00:00
3359,280,2026-03-12,2026-03-18,63.5,6.16,7.01,5.13,3,Medium,Stable,Academic Pressure,2026-03-18 21:00:00
3360,280,2026-03-19,2026-03-25,52.17,6.52,5.88,3.35,0,Medium,Decreasing,Low Mood,2026-03-25 21:00:00
3361,281,2026-01-01,2026-01-07,55.13,7.34,7.34,3.51,0,Medium,Stable,Low Mood,2026-01-07 21:00:00
3362,281,2026-01-08,2026-01-14,52.06,6.95,7.83,3.3,0,Medium,Stable,Low Mood,2026-01-14 21:00:00
3363,281,2026-01-15,2026-01-21,54.97,7.06,7.36,2.99,0,Medium,Decreasing,Low Mood,2026-01-21 21:00:00
3364,281,2026-01-22,2026-01-28,51.71,7.2,7.5,2.37,0,Medium,Stable,Low Mood,2026-01-28 21:00:00
3365,281,2026-01-29,2026-02-04,71.95,6.12,9.1,4.38,3,Medium,Stable,Academic Pressure,2026-02-04 21:00:00
3366,281,2026-02-05,2026-02-11,55.6,7.09,6.9,2.79,0,Medium,Decreasing,Low Mood,2026-02-11 21:00:00
3367,281,2026-02-12,2026-02-18,54.04,7.45,7.81,3.31,0,Medium,Decreasing,Low Mood,2026-02-18 21:00:00
3368,281,2026-02-19,2026-02-25,50.83,7.14,7.73,2.59,0,Medium,Stable,Low Mood,2026-02-25 21:00:00
3369,281,2026-02-26,2026-03-04,52.97,7.03,7.58,2.66,0,Medium,Stable,Low Mood,2026-03-04 21:00:00
3370,281,2026-03-05,2026-03-11,54.22,7.27,7.53,2.72,1,Medium,Decreasing,Academic Pressure,2026-03-11 21:00:00
3371,281,2026-03-12,2026-03-18,67.33,6.54,8.12,5.12,3,Medium,Stable,Academic Pressure,2026-03-18 21:00:00
3372,281,2026-03-19,2026-03-25,52.27,7.13,7.99,2.85,0,Medium,Stable,Low Mood,2026-03-25 21:00:00
3373,282,2026-01-01,2026-01-07,63.5,5.07,6.91,3.86,0,Medium,Stable,Sleep Deficit,2026-01-07 21:00:00
3374,282,2026-01-08,2026-01-14,63.62,5.51,6.28,4.3,1,Medium,Stable,Sleep Deficit,2026-01-14 21:00:00
3375,282,2026-01-15,2026-01-21,66.09,5.34,7.08,3.99,2,Medium,Increasing,Sleep Deficit,2026-01-21 21:00:00
3376,282,2026-01-22,2026-01-28,59.09,5.76,6.61,4.04,1,Medium,Stable,Low Mood,2026-01-28 21:00:00
3377,282,2026-01-29,2026-02-04,69.96,4.92,8.58,5.86,3,Medium,Decreasing,Academic Pressure,2026-02-04 21:00:00
3378,282,2026-02-05,2026-02-11,60.98,5.3,6.17,4.45,1,Medium,Decreasing,Sleep Deficit,2026-02-11 21:00:00
3379,282,2026-02-12,2026-02-18,57.8,5.63,6.75,3.99,0,Medium,Stable,Low Mood,2026-02-18 21:00:00
3380,282,2026-02-19,2026-02-25,60.23,5.73,6.32,4.24,1,Medium,Stable,Academic Pressure,2026-02-25 21:00:00
3381,282,2026-02-26,2026-03-04,57.11,5.79,6.67,4.05,0,Medium,Stable,Sleep Deficit,2026-03-04 21:00:00
3382,282,2026-03-05,2026-03-11,58.22,5.68,6.58,4.31,1,Medium,Decreasing,Sleep Deficit,2026-03-11 21:00:00
3383,282,2026-03-12,2026-03-18,74.83,5.12,7.05,5.45,6,High,Stable,Academic Pressure,2026-03-18 21:00:00
3384,282,2026-03-19,2026-03-25,60.18,5.78,5.97,4.15,1,Medium,Decreasing,Academic Pressure,2026-03-25 21:00:00
3385,283,2026-01-01,2026-01-07,62.9,6.05,7.92,3.01,2,Medium,Increasing,Academic Pressure,2026-01-07 21:00:00
3386,283,2026-01-08,2026-01-14,62.23,6.08,7.47,2.36,1,Medium,Increasing,Academic Pressure,2026-01-14 21:00:00
3387,283,2026-01-15,2026-01-21,59.29,6.74,7.37,2.71,0,Medium,Stable,Low Mood,2026-01-21 21:00:00
3388,283,2026-01-22,2026-01-28,56.13,6.38,7.55,2.22,0,Medium,Stable,Academic Pressure,2026-01-28 21:00:00
3389,283,2026-01-29,2026-02-04,71.19,6.02,8.24,3.29,5,High,Decreasing,Academic Pressure,2026-02-04 21:00:00
3390,283,2026-02-05,2026-02-11,64.7,6.46,7.71,2.16,2,Medium,Stable,Academic Pressure,2026-02-11 21:00:00
3391,283,2026-02-12,2026-02-18,59.48,6.64,7.16,2.21,0,Medium,Stable,Low Mood,2026-02-18 21:00:00
3392,283,2026-02-19,2026-02-25,60.73,6.17,7.81,2.22,0,Medium,Stable,Academic Pressure,2026-02-25 21:00:00
3393,283,2026-02-26,2026-03-04,58.95,6.55,8.18,2.26,1,Medium,Decreasing,Academic Pressure,2026-03-04 21:00:00
3394,283,2026-03-05,2026-03-11,63.74,6.0,7.42,2.3,1,Medium,Increasing,Academic Pressure,2026-03-11 21:00:00
3395,283,2026-03-12,2026-03-18,75.03,5.5,8.94,4.24,5,High,Increasing,Academic Pressure,2026-03-18 21:00:00
3396,283,2026-03-19,2026-03-25,66.26,6.07,7.56,2.71,2,Medium,Decreasing,Academic Pressure,2026-03-25 21:00:00
3397,284,2026-01-01,2026-01-07,52.48,7.22,6.03,5.33,0,Medium,Stable,Low Mood,2026-01-07 21:00:00
3398,284,2026-01-08,2026-01-14,52.41,7.29,6.22,5.46,0,Medium,Decreasing,Academic Pressure,2026-01-14 21:00:00
3399,284,2026-01-15,2026-01-21,51.5,7.58,5.74,5.09,0,Medium,Increasing,Low Mood,2026-01-21 21:00:00
3400,284,2026-01-22,2026-01-28,49.87,6.92,5.54,4.82,0,Medium,Increasing,Academic Pressure,2026-01-28 21:00:00
3401,284,2026-01-29,2026-02-04,62.98,6.76,6.66,6.97,2,Medium,Stable,Academic Pressure,2026-02-04 21:00:00
3402,284,2026-02-05,2026-02-11,55.79,7.03,5.95,5.74,0,Medium,Stable,Low Mood,2026-02-11 21:00:00
3403,284,2026-02-12,2026-02-18,51.8,7.18,6.67,4.41,0,Medium,Increasing,Stable Routine,2026-02-18 21:00:00
3404,284,2026-02-19,2026-02-25,56.56,7.03,6.35,4.99,0,Medium,Stable,Academic Pressure,2026-02-25 21:00:00
3405,284,2026-02-26,2026-03-04,50.16,7.54,5.56,5.14,0,Medium,Stable,Academic Pressure,2026-03-04 21:00:00
3406,284,2026-03-05,2026-03-11,52.16,7.35,6.6,5.26,0,Medium,Stable,Academic Pressure,2026-03-11 21:00:00
3407,284,2026-03-12,2026-03-18,64.24,6.92,6.78,7.35,2,Medium,Increasing,Academic Pressure,2026-03-18 21:00:00
3408,284,2026-03-19,2026-03-25,51.74,7.43,5.61,5.82,0,Medium,Stable,Academic Pressure,2026-03-25 21:00:00
3409,285,2026-01-01,2026-01-07,50.64,7.05,7.37,3.38,0,Medium,Stable,Low Mood,2026-01-07 21:00:00
3410,285,2026-01-08,2026-01-14,50.34,7.58,6.79,3.65,0,Medium,Stable,Low Mood,2026-01-14 21:00:00
3411,285,2026-01-15,2026-01-21,49.99,7.37,7.13,3.59,0,Medium,Stable,Low Mood,2026-01-21 21:00:00
3412,285,2026-01-22,2026-01-28,55.15,7.21,6.77,3.42,0,Medium,Stable,Stable Routine,2026-01-28 21:00:00
3413,285,2026-01-29,2026-02-04,67.1,6.63,6.84,6.03,3,Medium,Decreasing,Academic Pressure,2026-02-04 21:00:00
3414,285,2026-02-05,2026-02-11,57.04,7.06,7.03,4.38,0,Medium,Stable,Low Mood,2026-02-11 21:00:00
3415,285,2026-02-12,2026-02-18,52.62,7.33,6.77,3.54,0,Medium,Increasing,Low Mood,2026-02-18 21:00:00
3416,285,2026-02-19,2026-02-25,52.3,7.11,6.91,3.67,0,Medium,Stable,Financial Worry,2026-02-25 21:00:00
3417,285,2026-02-26,2026-03-04,55.53,7.01,6.87,4.26,0,Medium,Stable,Low Mood,2026-03-04 21:00:00
3418,285,2026-03-05,2026-03-11,45.62,7.51,6.89,3.21,0,Medium,Increasing,Stable Routine,2026-03-11 21:00:00
3419,285,2026-03-12,2026-03-18,64.52,6.45,7.62,5.37,1,Medium,Stable,Academic Pressure,2026-03-18 21:00:00
3420,285,2026-03-19,2026-03-25,54.81,7.06,7.14,4.46,0,Medium,Decreasing,Low Mood,2026-03-25 21:00:00
3421,286,2026-01-01,2026-01-07,57.24,7.09,6.96,3.69,1,Medium,Increasing,Low Mood,2026-01-07 21:00:00
3422,286,2026-01-08,2026-01-14,51.17,7.52,7.02,3.47,0,Medium,Decreasing,Low Physical Activity,2026-01-14 21:00:00
3423,286,2026-01-15,2026-01-21,53.81,7.08,6.39,3.29,1,Medium,Stable,Low Mood,2026-01-21 21:00:00
3424,286,2026-01-22,2026-01-28,58.63,7.22,7.17,3.11,0,Medium,Stable,Low Mood,2026-01-28 21:00:00
3425,286,2026-01-29,2026-02-04,65.57,6.86,7.59,5.47,2,Medium,Stable,Academic Pressure,2026-02-04 21:00:00
3426,286,2026-02-05,2026-02-11,56.75,7.56,6.7,2.74,1,Medium,Stable,Academic Pressure,2026-02-11 21:00:00
3427,286,2026-02-12,2026-02-18,52.15,7.63,7.22,2.73,0,Medium,Stable,Academic Pressure,2026-02-18 21:00:00
3428,286,2026-02-19,2026-02-25,52.01,7.28,6.81,2.96,0,Medium,Stable,Low Mood,2026-02-25 21:00:00
3429,286,2026-02-26,2026-03-04,51.98,7.48,6.95,3.49,0,Medium,Increasing,Low Physical Activity,2026-03-04 21:00:00
3430,286,2026-03-05,2026-03-11,45.36,7.63,6.78,3.31,0,Medium,Stable,Low Physical Activity,2026-03-11 21:00:00
3431,286,2026-03-12,2026-03-18,65.99,7.01,8.99,4.73,2,Medium,Stable,Academic Pressure,2026-03-18 21:00:00
3432,286,2026-03-19,2026-03-25,54.39,7.23,7.11,3.48,1,Medium,Decreasing,Academic Pressure,2026-03-25 21:00:00
3433,287,2026-01-01,2026-01-07,48.74,7.15,6.96,3.96,0,Medium,Stable,Low Physical Activity,2026-01-07 21:00:00
3434,287,2026-01-08,2026-01-14,51.63,7.04,7.42,3.82,0,Medium,Stable,Low Mood,2026-01-14 21:00:00
3435,287,2026-01-15,2026-01-21,51.1,7.16,6.44,4.22,0,Medium,Stable,Low Mood,2026-01-21 21:00:00
3436,287,2026-01-22,2026-01-28,46.97,7.4,6.18,4.06,0,Medium,Decreasing,Academic Pressure,2026-01-28 21:00:00
3437,287,2026-01-29,2026-02-04,67.1,6.41,7.64,5.23,2,Medium,Increasing,Academic Pressure,2026-02-04 21:00:00
3438,287,2026-02-05,2026-02-11,48.5,6.66,6.65,3.86,0,Medium,Stable,Low Mood,2026-02-11 21:00:00
3439,287,2026-02-12,2026-02-18,50.69,6.75,6.88,4.11,0,Medium,Stable,Low Mood,2026-02-18 21:00:00
3440,287,2026-02-19,2026-02-25,52.91,6.87,6.55,3.16,0,Medium,Increasing,Low Mood,2026-02-25 21:00:00
3441,287,2026-02-26,2026-03-04,53.61,7.49,7.5,4.16,0,Medium,Decreasing,Low Mood,2026-03-04 21:00:00
3442,287,2026-03-05,2026-03-11,49.35,7.22,6.61,3.35,0,Medium,Increasing,Low Physical Activity,2026-03-11 21:00:00
3443,287,2026-03-12,2026-03-18,68.81,6.44,7.92,5.71,3,Medium,Stable,Academic Pressure,2026-03-18 21:00:00
3444,287,2026-03-19,2026-03-25,51.34,7.13,7.9,3.89,0,Medium,Stable,Low Mood,2026-03-25 21:00:00
3445,288,2026-01-01,2026-01-07,45.9,7.09,7.55,2.7,0,Medium,Decreasing,Financial Worry,2026-01-07 21:00:00
3446,288,2026-01-08,2026-01-14,49.18,7.2,7.85,2.47,0,Medium,Stable,Low Mood,2026-01-14 21:00:00
3447,288,2026-01-15,2026-01-21,49.78,7.5,7.51,2.33,0,Medium,Stable,Stable Routine,2026-01-21 21:00:00
3448,288,2026-01-22,2026-01-28,49.32,6.97,7.65,2.78,0,Medium,Stable,Low Mood,2026-01-28 21:00:00
3449,288,2026-01-29,2026-02-04,61.49,6.81,8.69,3.49,1,Medium,Stable,High Screen Time,2026-02-04 21:00:00
3450,288,2026-02-05,2026-02-11,47.91,6.93,7.88,2.94,1,Medium,Decreasing,Low Mood,2026-02-11 21:00:00
3451,288,2026-02-12,2026-02-18,50.29,7.11,6.96,1.9,0,Medium,Stable,Low Physical Activity,2026-02-18 21:00:00
3452,288,2026-02-19,2026-02-25,46.38,7.5,7.7,2.61,0,Medium,Stable,Low Physical Activity,2026-02-25 21:00:00
3453,288,2026-02-26,2026-03-04,51.41,7.06,7.31,2.73,0,Medium,Stable,Financial Worry,2026-03-04 21:00:00
3454,288,2026-03-05,2026-03-11,49.25,7.26,7.96,2.62,0,Medium,Increasing,High Screen Time,2026-03-11 21:00:00
3455,288,2026-03-12,2026-03-18,64.74,6.94,9.62,4.32,3,Medium,Stable,High Fatigue,2026-03-18 21:00:00
3456,288,2026-03-19,2026-03-25,52.29,6.89,7.5,2.89,0,Medium,Decreasing,High Screen Time,2026-03-25 21:00:00
3457,289,2026-01-01,2026-01-07,59.56,6.11,4.28,3.01,1,Medium,Stable,Academic Pressure,2026-01-07 21:00:00
3458,289,2026-01-08,2026-01-14,59.02,6.26,4.26,3.49,1,Medium,Decreasing,Low Mood,2026-01-14 21:00:00
3459,289,2026-01-15,2026-01-21,57.52,6.82,4.11,2.91,0,Medium,Increasing,Academic Pressure,2026-01-21 21:00:00
3460,289,2026-01-22,2026-01-28,59.51,6.43,4.58,2.15,1,Medium,Stable,Academic Pressure,2026-01-28 21:00:00
3461,289,2026-01-29,2026-02-04,69.64,5.86,5.5,4.23,4,High,Decreasing,Academic Pressure,2026-02-04 21:00:00
3462,289,2026-02-05,2026-02-11,59.58,6.44,5.15,3.02,1,Medium,Decreasing,Academic Pressure,2026-02-11 21:00:00
3463,289,2026-02-12,2026-02-18,58.12,6.63,4.49,3.02,0,Medium,Decreasing,Academic Pressure,2026-02-18 21:00:00
3464,289,2026-02-19,2026-02-25,58.35,6.46,5.01,2.7,0,Medium,Stable,Academic Pressure,2026-02-25 21:00:00
3465,289,2026-02-26,2026-03-04,60.87,6.2,4.78,3.24,1,Medium,Increasing,Academic Pressure,2026-03-04 21:00:00
3466,289,2026-03-05,2026-03-11,57.23,6.8,3.57,3.07,1,Medium,Stable,Academic Pressure,2026-03-11 21:00:00
3467,289,2026-03-12,2026-03-18,72.54,5.95,5.14,4.62,4,High,Stable,Academic Pressure,2026-03-18 21:00:00
3468,289,2026-03-19,2026-03-25,61.72,6.56,4.19,3.58,2,Medium,Stable,Academic Pressure,2026-03-25 21:00:00
3469,290,2026-01-01,2026-01-07,55.9,7.28,6.44,3.85,0,Medium,Stable,Low Mood,2026-01-07 21:00:00
3470,290,2026-01-08,2026-01-14,53.68,7.81,5.87,2.7,0,Medium,Stable,Academic Pressure,2026-01-14 21:00:00
3471,290,2026-01-15,2026-01-21,52.69,7.29,5.49,3.88,0,Medium,Stable,Low Mood,2026-01-21 21:00:00
3472,290,2026-01-22,2026-01-28,57.69,7.3,6.25,3.28,0,Medium,Stable,Academic Pressure,2026-01-28 21:00:00
3473,290,2026-01-29,2026-02-04,65.57,7.07,6.47,5.13,2,Medium,Stable,Academic Pressure,2026-02-04 21:00:00
3474,290,2026-02-05,2026-02-11,53.06,7.48,6.18,3.93,1,Medium,Decreasing,Low Physical Activity,2026-02-11 21:00:00
3475,290,2026-02-12,2026-02-18,53.7,7.17,5.82,2.63,0,Medium,Stable,Stable Routine,2026-02-18 21:00:00
3476,290,2026-02-19,2026-02-25,52.82,7.69,5.84,3.56,0,Medium,Stable,Low Physical Activity,2026-02-25 21:00:00
3477,290,2026-02-26,2026-03-04,51.77,7.49,6.17,3.59,0,Medium,Stable,Low Mood,2026-03-04 21:00:00
3478,290,2026-03-05,2026-03-11,56.42,7.02,5.56,2.83,0,Medium,Increasing,Academic Pressure,2026-03-11 21:00:00
3479,290,2026-03-12,2026-03-18,67.01,6.84,7.17,5.6,2,Medium,Stable,Academic Pressure,2026-03-18 21:00:00
3480,290,2026-03-19,2026-03-25,54.41,7.4,5.93,3.68,1,Medium,Decreasing,Low Physical Activity,2026-03-25 21:00:00
3481,291,2026-01-01,2026-01-07,49.31,7.49,3.92,3.36,0,Medium,Stable,Academic Pressure,2026-01-07 21:00:00
3482,291,2026-01-08,2026-01-14,48.44,7.71,4.61,2.73,0,Medium,Stable,Low Mood,2026-01-14 21:00:00
3483,291,2026-01-15,2026-01-21,49.74,7.57,4.44,2.84,0,Medium,Stable,Academic Pressure,2026-01-21 21:00:00
3484,291,2026-01-22,2026-01-28,46.23,7.9,4.98,3.28,0,Medium,Stable,Stable Routine,2026-01-28 21:00:00
3485,291,2026-01-29,2026-02-04,58.76,7.12,4.82,4.77,1,Medium,Stable,Academic Pressure,2026-02-04 21:00:00
3486,291,2026-02-05,2026-02-11,52.48,8.06,5.02,2.95,0,Medium,Stable,Academic Pressure,2026-02-11 21:00:00
3487,291,2026-02-12,2026-02-18,49.04,7.21,4.6,2.92,0,Medium,Decreasing,Academic Pressure,2026-02-18 21:00:00
3488,291,2026-02-19,2026-02-25,48.21,7.56,4.48,3.4,0,Medium,Increasing,Low Mood,2026-02-25 21:00:00
3489,291,2026-02-26,2026-03-04,46.7,7.49,4.74,2.93,0,Medium,Stable,Low Mood,2026-03-04 21:00:00
3490,291,2026-03-05,2026-03-11,50.5,7.45,4.76,3.29,0,Medium,Stable,Low Mood,2026-03-11 21:00:00
3491,291,2026-03-12,2026-03-18,61.74,6.78,6.28,5.25,1,Medium,Stable,Academic Pressure,2026-03-18 21:00:00
3492,291,2026-03-19,2026-03-25,49.81,7.61,4.58,3.61,0,Medium,Stable,Low Mood,2026-03-25 21:00:00
3493,292,2026-01-01,2026-01-07,47.28,6.65,5.94,4.51,0,Medium,Stable,Stable Routine,2026-01-07 21:00:00
3494,292,2026-01-08,2026-01-14,48.68,6.96,5.69,4.87,0,Medium,Stable,Low Mood,2026-01-14 21:00:00
3495,292,2026-01-15,2026-01-21,51.26,6.59,6.03,4.85,0,Medium,Increasing,Low Mood,2026-01-21 21:00:00
3496,292,2026-01-22,2026-01-28,50.59,6.65,5.36,5.28,0,Medium,Stable,Low Mood,2026-01-28 21:00:00
3497,292,2026-01-29,2026-02-04,62.49,6.28,6.53,6.52,1,Medium,Stable,Academic Pressure,2026-02-04 21:00:00
3498,292,2026-02-05,2026-02-11,55.3,6.54,5.66,4.52,0,Medium,Stable,Low Mood,2026-02-11 21:00:00
3499,292,2026-02-12,2026-02-18,51.44,7.26,6.35,5.35,0,Medium,Stable,Low Mood,2026-02-18 21:00:00
3500,292,2026-02-19,2026-02-25,50.64,7.11,5.65,4.65,0,Medium,Decreasing,Stable Routine,2026-02-25 21:00:00
3501,292,2026-02-26,2026-03-04,53.77,6.43,6.18,4.49,1,Medium,Increasing,Low Mood,2026-03-04 21:00:00
3502,292,2026-03-05,2026-03-11,53.34,6.47,5.58,4.26,0,Medium,Stable,Low Mood,2026-03-11 21:00:00
3503,292,2026-03-12,2026-03-18,66.04,6.26,7.17,6.03,2,Medium,Stable,Academic Pressure,2026-03-18 21:00:00
3504,292,2026-03-19,2026-03-25,52.34,7.18,6.11,4.55,0,Medium,Stable,Stable Routine,2026-03-25 21:00:00
3505,293,2026-01-01,2026-01-07,60.96,7.82,8.91,4.96,1,Medium,Stable,Academic Pressure,2026-01-07 21:00:00
3506,293,2026-01-08,2026-01-14,57.84,8.27,9.18,4.41,0,Medium,Increasing,High Screen Time,2026-01-14 21:00:00
3507,293,2026-01-15,2026-01-21,53.74,7.98,8.13,5.02,0,Medium,Stable,Low Mood,2026-01-21 21:00:00
3508,293,2026-01-22,2026-01-28,52.76,7.7,9.09,5.32,0,Medium,Stable,High Screen Time,2026-01-28 21:00:00
3509,293,2026-01-29,2026-02-04,69.69,7.36,10.28,6.17,4,High,Decreasing,Academic Pressure,2026-02-04 21:00:00
3510,293,2026-02-05,2026-02-11,57.73,7.75,8.62,4.5,1,Medium,Decreasing,Low Mood,2026-02-11 21:00:00
3511,293,2026-02-12,2026-02-18,58.82,7.62,8.87,4.39,1,Medium,Stable,Academic Pressure,2026-02-18 21:00:00
3512,293,2026-02-19,2026-02-25,48.95,7.87,9.32,4.51,0,Medium,Stable,High Screen Time,2026-02-25 21:00:00
3513,293,2026-02-26,2026-03-04,55.88,8.13,8.42,4.31,0,Medium,Stable,Academic Pressure,2026-03-04 21:00:00
3514,293,2026-03-05,2026-03-11,54.09,7.6,8.63,4.47,0,Medium,Increasing,High Screen Time,2026-03-11 21:00:00
3515,293,2026-03-12,2026-03-18,65.32,7.52,10.03,5.83,3,Medium,Increasing,Academic Pressure,2026-03-18 21:00:00
3516,293,2026-03-19,2026-03-25,59.05,7.69,8.67,5.02,0,Medium,Decreasing,Low Mood,2026-03-25 21:00:00
3517,294,2026-01-01,2026-01-07,44.54,6.88,5.19,4.83,0,Medium,Decreasing,Stable Routine,2026-01-07 21:00:00
3518,294,2026-01-08,2026-01-14,47.75,6.67,5.29,4.55,0,Medium,Stable,Low Mood,2026-01-14 21:00:00
3519,294,2026-01-15,2026-01-21,45.46,6.85,5.5,5.0,0,Medium,Stable,Low Mood,2026-01-21 21:00:00
3520,294,2026-01-22,2026-01-28,47.16,7.27,5.52,5.2,0,Medium,Stable,Low Mood,2026-01-28 21:00:00
3521,294,2026-01-29,2026-02-04,56.39,6.58,5.48,6.32,0,Medium,Increasing,Low Mood,2026-02-04 21:00:00
3522,294,2026-02-05,2026-02-11,47.06,6.75,5.63,4.99,0,Medium,Stable,Stable Routine,2026-02-11 21:00:00
3523,294,2026-02-12,2026-02-18,45.04,7.52,5.17,5.63,0,Medium,Stable,Stable Routine,2026-02-18 21:00:00
3524,294,2026-02-19,2026-02-25,42.19,6.96,5.86,5.17,0,Medium,Increasing,Low Mood,2026-02-25 21:00:00
3525,294,2026-02-26,2026-03-04,46.44,6.86,5.04,5.14,0,Medium,Decreasing,Stable Routine,2026-03-04 21:00:00
3526,294,2026-03-05,2026-03-11,45.28,7.04,4.76,4.22,0,Medium,Stable,Stable Routine,2026-03-11 21:00:00
3527,294,2026-03-12,2026-03-18,54.8,6.48,5.26,6.75,0,Medium,Stable,Low Mood,2026-03-18 21:00:00
3528,294,2026-03-19,2026-03-25,49.3,6.68,5.68,4.67,0,Medium,Decreasing,Low Mood,2026-03-25 21:00:00
3529,295,2026-01-01,2026-01-07,58.47,6.27,7.9,4.29,1,Medium,Decreasing,Sleep Deficit,2026-01-07 21:00:00
3530,295,2026-01-08,2026-01-14,52.91,6.83,7.39,5.04,0,Medium,Stable,Stable Routine,2026-01-14 21:00:00
3531,295,2026-01-15,2026-01-21,49.01,6.7,7.63,4.67,0,Medium,Decreasing,Low Mood,2026-01-21 21:00:00
3532,295,2026-01-22,2026-01-28,48.66,6.28,8.13,5.19,0,Medium,Stable,High Screen Time,2026-01-28 21:00:00
3533,295,2026-01-29,2026-02-04,68.13,5.92,8.83,6.23,3,Medium,Increasing,Academic Pressure,2026-02-04 21:00:00
3534,295,2026-02-05,2026-02-11,54.85,6.12,8.36,5.0,0,Medium,Decreasing,Low Mood,2026-02-11 21:00:00
3535,295,2026-02-12,2026-02-18,51.57,6.54,8.32,4.87,0,Medium,Stable,Low Mood,2026-02-18 21:00:00
3536,295,2026-02-19,2026-02-25,51.05,6.55,8.41,4.62,0,Medium,Decreasing,Low Mood,2026-02-25 21:00:00
3537,295,2026-02-26,2026-03-04,53.51,6.2,8.19,5.32,0,Medium,Decreasing,High Screen Time,2026-03-04 21:00:00
3538,295,2026-03-05,2026-03-11,52.69,6.4,7.72,4.75,0,Medium,Stable,Academic Pressure,2026-03-11 21:00:00
3539,295,2026-03-12,2026-03-18,65.82,6.32,8.8,6.43,3,Medium,Increasing,Academic Pressure,2026-03-18 21:00:00
3540,295,2026-03-19,2026-03-25,56.21,6.19,8.15,5.51,1,Medium,Stable,Low Mood,2026-03-25 21:00:00
3541,296,2026-01-01,2026-01-07,65.62,6.16,6.32,2.73,3,Medium,Stable,Low Mood,2026-01-07 21:00:00
3542,296,2026-01-08,2026-01-14,62.46,6.12,6.29,2.54,2,Medium,Decreasing,Academic Pressure,2026-01-14 21:00:00
3543,296,2026-01-15,2026-01-21,60.56,5.91,5.52,2.81,0,Medium,Stable,Academic Pressure,2026-01-21 21:00:00
3544,296,2026-01-22,2026-01-28,58.05,6.48,6.29,2.61,0,Medium,Stable,Academic Pressure,2026-01-28 21:00:00
3545,296,2026-01-29,2026-02-04,74.78,5.92,6.85,3.97,7,High,Stable,Academic Pressure,2026-02-04 21:00:00
3546,296,2026-02-05,2026-02-11,62.44,6.35,6.86,2.73,2,Medium,Decreasing,Academic Pressure,2026-02-11 21:00:00
3547,296,2026-02-12,2026-02-18,58.52,6.05,6.03,2.61,0,Medium,Stable,Academic Pressure,2026-02-18 21:00:00
3548,296,2026-02-19,2026-02-25,59.38,6.22,6.41,2.33,1,Medium,Increasing,Academic Pressure,2026-02-25 21:00:00
3549,296,2026-02-26,2026-03-04,58.4,6.4,6.2,3.16,0,Medium,Decreasing,Academic Pressure,2026-03-04 21:00:00
3550,296,2026-03-05,2026-03-11,57.16,6.45,6.89,2.49,0,Medium,Stable,Academic Pressure,2026-03-11 21:00:00
3551,296,2026-03-12,2026-03-18,71.54,5.95,6.7,5.21,4,High,Stable,Academic Pressure,2026-03-18 21:00:00
3552,296,2026-03-19,2026-03-25,63.57,5.93,6.3,2.51,3,Medium,Stable,Academic Pressure,2026-03-25 21:00:00
3553,297,2026-01-01,2026-01-07,55.22,6.56,4.64,4.09,2,Medium,Increasing,Low Mood,2026-01-07 21:00:00
3554,297,2026-01-08,2026-01-14,45.23,6.22,4.57,3.98,0,Medium,Stable,Low Mood,2026-01-14 21:00:00
3555,297,2026-01-15,2026-01-21,48.34,5.88,4.5,3.7,0,Medium,Stable,Sleep Deficit,2026-01-21 21:00:00
3556,297,2026-01-22,2026-01-28,57.53,5.87,4.64,3.38,0,Medium,Increasing,Low Mood,2026-01-28 21:00:00
3557,297,2026-01-29,2026-02-04,69.04,5.18,6.49,5.81,4,High,Stable,Academic Pressure,2026-02-04 21:00:00
3558,297,2026-02-05,2026-02-11,51.84,5.95,5.13,4.13,1,Medium,Decreasing,Sleep Deficit,2026-02-11 21:00:00
3559,297,2026-02-12,2026-02-18,55.23,5.87,5.43,3.69,0,Medium,Stable,Sleep Deficit,2026-02-18 21:00:00
3560,297,2026-02-19,2026-02-25,55.52,5.37,4.6,3.72,0,Medium,Stable,Sleep Deficit,2026-02-25 21:00:00
3561,297,2026-02-26,2026-03-04,57.44,5.77,5.39,3.79,1,Medium,Stable,Sleep Deficit,2026-03-04 21:00:00
3562,297,2026-03-05,2026-03-11,49.31,5.87,4.49,3.98,0,Medium,Stable,Sleep Deficit,2026-03-11 21:00:00
3563,297,2026-03-12,2026-03-18,69.9,5.58,5.89,6.35,4,High,Increasing,Academic Pressure,2026-03-18 21:00:00
3564,297,2026-03-19,2026-03-25,56.64,5.43,4.95,4.26,1,Medium,Stable,Low Mood,2026-03-25 21:00:00
3565,298,2026-01-01,2026-01-07,55.52,7.07,6.55,2.0,0,Medium,Stable,Academic Pressure,2026-01-07 21:00:00
3566,298,2026-01-08,2026-01-14,60.74,6.76,6.62,2.08,0,Medium,Stable,Academic Pressure,2026-01-14 21:00:00
3567,298,2026-01-15,2026-01-21,51.65,7.31,5.91,2.08,0,Medium,Stable,Academic Pressure,2026-01-21 21:00:00
3568,298,2026-01-22,2026-01-28,56.38,6.21,6.21,1.91,0,Medium,Stable,Academic Pressure,2026-01-28 21:00:00
3569,298,2026-01-29,2026-02-04,70.62,6.32,6.37,4.33,5,High,Stable,Academic Pressure,2026-02-04 21:00:00
3570,298,2026-02-05,2026-02-11,54.69,7.1,5.99,2.41,1,Medium,Stable,Low Mood,2026-02-11 21:00:00
3571,298,2026-02-12,2026-02-18,50.8,7.02,6.2,1.53,0,Medium,Stable,Academic Pressure,2026-02-18 21:00:00
3572,298,2026-02-19,2026-02-25,58.35,7.22,6.47,1.58,0,Medium,Stable,Low Mood,2026-02-25 21:00:00
3573,298,2026-02-26,2026-03-04,54.36,7.47,6.1,2.19,0,Medium,Stable,Academic Pressure,2026-03-04 21:00:00
3574,298,2026-03-05,2026-03-11,52.6,7.02,6.19,1.71,0,Medium,Stable,Academic Pressure,2026-03-11 21:00:00
3575,298,2026-03-12,2026-03-18,66.11,6.04,6.75,3.9,1,Medium,Stable,Academic Pressure,2026-03-18 21:00:00
3576,298,2026-03-19,2026-03-25,53.05,7.02,6.07,1.66,0,Medium,Stable,Academic Pressure,2026-03-25 21:00:00
3577,299,2026-01-01,2026-01-07,49.76,7.11,7.19,4.81,0,Medium,Stable,Low Mood,2026-01-07 21:00:00
3578,299,2026-01-08,2026-01-14,47.66,7.28,6.47,5.17,0,Medium,Stable,Stable Routine,2026-01-14 21:00:00
3579,299,2026-01-15,2026-01-21,50.95,7.16,7.16,4.52,0,Medium,Increasing,Low Mood,2026-01-21 21:00:00
3580,299,2026-01-22,2026-01-28,47.95,7.31,6.68,4.68,0,Medium,Stable,Low Mood,2026-01-28 21:00:00
3581,299,2026-01-29,2026-02-04,64.74,6.8,8.11,6.91,1,Medium,Stable,Academic Pressure,2026-02-04 21:00:00
3582,299,2026-02-05,2026-02-11,48.51,7.64,7.44,5.65,0,Medium,Stable,Academic Pressure,2026-02-11 21:00:00
3583,299,2026-02-12,2026-02-18,46.39,7.81,6.8,4.82,0,Medium,Increasing,Stable Routine,2026-02-18 21:00:00
3584,299,2026-02-19,2026-02-25,48.52,7.23,6.61,5.55,0,Medium,Stable,Stable Routine,2026-02-25 21:00:00
3585,299,2026-02-26,2026-03-04,47.47,7.57,7.35,4.74,0,Medium,Stable,Low Mood,2026-03-04 21:00:00
3586,299,2026-03-05,2026-03-11,47.59,6.84,6.35,5.75,0,Medium,Increasing,Stable Routine,2026-03-11 21:00:00
3587,299,2026-03-12,2026-03-18,64.35,6.78,7.81,6.57,1,Medium,Stable,Academic Pressure,2026-03-18 21:00:00
3588,299,2026-03-19,2026-03-25,53.73,6.77,7.33,5.35,0,Medium,Stable,Low Mood,2026-03-25 21:00:00
3589,300,2026-01-01,2026-01-07,54.66,6.65,4.6,5.65,0,Medium,Increasing,Low Physical Activity,2026-01-07 21:00:00
3590,300,2026-01-08,2026-01-14,51.64,6.73,4.86,4.65,0,Medium,Decreasing,Low Physical Activity,2026-01-14 21:00:00
3591,300,2026-01-15,2026-01-21,51.73,6.44,5.18,5.4,0,Medium,Increasing,Academic Pressure,2026-01-21 21:00:00
3592,300,2026-01-22,2026-01-28,55.05,6.57,5.32,5.35,0,Medium,Stable,Academic Pressure,2026-01-28 21:00:00
3593,300,2026-01-29,2026-02-04,62.31,6.44,5.81,6.93,0,Medium,Stable,Low Mood,2026-02-04 21:00:00
3594,300,2026-02-05,2026-02-11,56.07,6.8,4.93,5.6,0,Medium,Stable,Low Mood,2026-02-11 21:00:00
3595,300,2026-02-12,2026-02-18,55.61,6.85,5.28,4.78,0,Medium,Stable,Academic Pressure,2026-02-18 21:00:00
3596,300,2026-02-19,2026-02-25,56.66,6.63,5.56,4.77,0,Medium,Stable,Low Mood,2026-02-25 21:00:00
3597,300,2026-02-26,2026-03-04,56.37,6.61,5.18,4.85,1,Medium,Stable,Low Mood,2026-03-04 21:00:00
3598,300,2026-03-05,2026-03-11,55.57,6.79,4.98,5.49,0,Medium,Stable,Low Mood,2026-03-11 21:00:00
3599,300,2026-03-12,2026-03-18,69.31,6.21,5.5,7.03,4,High,Stable,Academic Pressure,2026-03-18 21:00:00
3600,300,2026-03-19,2026-03-25,54.82,6.79,5.75,4.54,0,Medium,Stable,Academic Pressure,2026-03-25 21:00:00
